Name,Term,ES,NES,NOM p-val,FDR q-val,FWER p-val,Tag %,Gene %,Lead_genes
prerank,Generation Of Second Messenger Molecules R-HSA-202433,7.187641e-01,2.466998e+00,0.000000e+00,0.000000e+00,0.000000e+00,17/25,20.81%,FYB1;PKN1;CD3D;PLCG2;ZAP70;HLA-DRB5;HLA-DRB1;CD3E;HLA-DRB4;ENAH;CD4;HLA-DRA;HLA-DPA1;NCK1;CD247;VASP;HLA-DRB3
prerank,Fatty Acid Metabolism R-HSA-8978868,4.696503e-01,2.289538e+00,0.000000e+00,6.158750e-04,1.000000e-03,67/134,24.70%,EPHX2;AKR1C3;HPGD;CYP2J2;CPT1A;ACAA2;ACSL4;ACSBG1;ACOX2;FADS2;CPT2;ACSF2;ALOX5;ACADVL;TBXAS1;LTC4S;NUDT7;CYP1B1;SLC25A1;ALOX5AP;PON2;DECR1;MID1IP1;ECI2;PTGDS;ACOT13;RXRA;HADHB;CBR1;MAPKAPK2;CBR4;ACOT11;HACD1;MLYCD;PON3;ACAD10;ACOX1;ALDH3A2;HACD4;ACAA1;HSD17B8;ACBD4;PCCA;HPGDS;ELOVL2;ACLY;ELOVL5;PTGES;ECI1;SCD5;HACD3;SCD;ACOT8;SLC25A20;HADHA;NUDT19;CYP4F8;DPEP3;TECR;DBI;ALOX15B;GGT5;PRKAG2;HADH;ELOVL1;ACBD7;FA2H
prerank,Translocation Of ZAP-70 To Immunological Synapse R-HSA-202430,7.728981e-01,2.214706e+00,0.000000e+00,1.231750e-03,2.000000e-03,12/13,20.81%,CD3D;ZAP70;HLA-DRB5;HLA-DRB1;PTPN22;CD3E;HLA-DRB4;CD4;HLA-DRA;HLA-DPA1;CD247;HLA-DRB3
prerank,Phosphorylation Of CD3 And TCR Zeta Chains R-HSA-202427,7.334607e-01,2.200666e+00,0.000000e+00,9.238125e-04,2.000000e-03,13/16,21.42%,PTPRC;CD3D;HLA-DRB5;HLA-DRB1;PTPN22;CD3E;HLA-DRB4;CD4;HLA-DRA;HLA-DPA1;CD247;HLA-DRB3;PTPRJ
prerank,Neutrophil Degranulation R-HSA-6798695,3.901677e-01,2.132838e+00,0.000000e+00,4.434300e-03,1.500000e-02,135/365,21.99%,VAT1;HVCN1;ITGB2;SERPINB1;PYGL;DERA;VAMP8;NPC2;PTPRC;FUCA2;SLC2A5;MNDA;ANXA2;ARHGAP45;RAB31;SLC44A2;C3;CYBB;MMP28;FCGR2A;CYBA;STOM;TYROBP;SERPINA1;ITGAX;TIMP2;NCSTN;RAB10;MGST1;AIFM2;B4GALT1;TNFAIP6;NFASC;ALOX5;MAGT1;MMP9;APRT;METTL7A;ARSA;PRDX4;GRN;DNAJC3;KPNB1;TBC1D10C;LAMTOR1;RAP1B;GSTP1;TMC6;LAIR1;RNASET2;CD33;CTSH;CYB5R3;PLEKHO2;GSN;PSMB1;IQGAP1;LAMP1;HEBP2;FGL2;FPR1;ASAH1;MOSPD2;CREG1;AGA;STK10;FCER1G;CD68;TMEM179B;TCIRG1;CNN2;TMBIM1;FTL;STBD1;GMFG;CPNE3;TOM1;SCAMP1;CAP1;RNASE1;PYCARD;PECAM1;CMTM6;CST3;ADGRE5;RAB3D;AMPD3;ACAA1;MLEC;NRAS;CD44;CYSTM1;ADA2;CD55;CD58;S100A11;SERPINB6;RHOG;PGRMC1;ACLY;C3AR1;TUBB4B;CD53;JUP;FUCA1;NBEAL2;LAMTOR2;DEGS1;PRKCD;DNAJC13;PADI2;RAB18;RHOA;TMEM63A;PPBP;CTSS;NDUFA2;PRCP;ENPP4;PFKL;CD63;ITGAM;RAB6A;ARPC5;ALDH3B1;HSPA6;CLEC12A;PLPPR3;DPP7;GM2A;PTPRJ;ORMDL3;LAMP2;COMMD9;B2M
prerank,Regulation Of Complement Cascade R-HSA-977606,6.028876e-01,2.122738e+00,0.000000e+00,5.132292e-03,2.100000e-02,12/30,15.35%,CD81;AKR1C1;C3;TTF2;CPNE2;C1QC;C1QB;C1QA;C8G;CD55;C1S;C3AR1
prerank,Smooth Muscle Contraction R-HSA-445355,5.501263e-01,2.114113e+00,0.000000e+00,5.982786e-03,2.900000e-02,15/39,14.72%,PKN1;ANXA2;ITGB5;GUCY1A1;MYL6;CACNA1H;ITGA1;LMOD1;TLN1;ALDH2;PDE5A;CALD1;MYL5;MYL12B;MYL12A
prerank,Cholesterol Biosynthesis R-HSA-191273,6.315984e-01,2.109246e+00,0.000000e+00,5.850813e-03,3.300000e-02,17/24,24.48%,SQLE;SREBF1;LBR;PLPP6;TM7SF2;CYP51A1;DHCR7;PMVK;HMGCS1;SH3D19;IDI1;SC5D;DHCR24;GGPS1;FDPS;NSDHL;MVK
prerank,Immunoregulatory Interactions Between A Lymphoid And A non-Lymphoid Cell R-HSA-198933,4.990717e-01,2.087191e+00,0.000000e+00,6.979917e-03,4.200000e-02,38/62,27.04%,ITGB7;ITGB2;LILRB4;CD81;COLEC12;C3;KLRC1;HCST;CD3D;TYROBP;ICAM3;CD99;NCR2;LAIR1;CD33;CD226;LILRA4;TREML1;CD3E;LILRA1;NECTIN2;HLA-G;JAML;PIANP;CD247;ULBP1;CD8B;HLA-F;B2M;TREM2;HLA-E;SIGLEC11;HLA-C;CD300LB;ICAM2;HLA-A;ICAM4;SLAMF7
prerank,Complement Cascade R-HSA-166658,5.597407e-01,2.066409e+00,0.000000e+00,9.607650e-03,6.200000e-02,15/36,17.09%,CD81;AKR1C1;C3;TTF2;CPNE2;C1QC;C1QB;C1QA;MASP1;COLEC11;C8G;CD55;C1S;C3AR1;GZMM
prerank,Binding And Uptake Of Ligands By Scavenger Receptors R-HSA-2173782,5.741462e-01,2.063883e+00,0.000000e+00,9.070159e-03,6.400000e-02,19/31,25.60%,APOE;SPARC;COLEC12;HSP90B1;MASP1;COL1A2;COLEC11;HSPH1;FTL;STAB1;CALR;ALB;SCGB3A2;CD163;SCARB1;HPR;MARCO;DLC1;SCARF1
prerank,PD-1 Signaling R-HSA-389948,6.812828e-01,2.049246e+00,0.000000e+00,1.067517e-02,7.900000e-02,12/15,23.84%,CD3D;PTPN11;HLA-DRB5;HLA-DRB1;CD3E;HLA-DRB4;CD4;HLA-DRA;HLA-DPA1;CD247;HLA-DRB3;PDCD1
prerank,PKMTs Methylate Histone Lysines R-HSA-3214841,-5.696960e-01,-2.022229e+00,0.000000e+00,8.419863e-02,7.700000e-02,24/42,26.07%,RBBP4;SETD6;ASH1L;SETDB1;SUV39H2;SMYD2;KMT2B;SETDB2;EED;NSD3;SETD1A;EZH2;KMT5B;SETD2;DOT1L;NSD2;RBBP5;KMT2E;EHMT1;AEBP2;NFKB1;EHMT2;WDR5;SETD7
prerank,SUMOylation Of Transcription Cofactors R-HSA-3899300,-5.694342e-01,-2.020516e+00,0.000000e+00,4.422555e-02,8.000000e-02,23/40,26.47%,PIAS2;ZNF131;NCOR2;ING3;UBE2I;RING1;PIAS1;NRIP1;EP300;CREBBP;SUMO1;PIAS4;DAXX;NCOA1;PPARGC1A;SAFB;TRIM28;SUMO2;PHC2;CASP8AP2;PARK7;RNF2;MBD1
prerank,Scavenging By Class A Receptors R-HSA-3000480,6.803959e-01,1.995276e+00,2.320186e-03,2.065550e-02,1.560000e-01,9/15,17.08%,APOE;COLEC12;HSP90B1;MASP1;COL1A2;COLEC11;FTL;CALR;SCGB3A2
prerank,Chromatin Modifying Enzymes R-HSA-3247509,-4.334969e-01,-1.993256e+00,0.000000e+00,4.309156e-02,1.140000e-01,77/197,23.01%,KAT8;RBBP4;KDM1A;SETD6;ASH1L;MSL3;CLOCK;KDM4A;SETDB1;HDAC8;PRMT7;KAT6B;KDM2B;MCRS1;TADA2A;SUV39H2;KAT6A;KDM5C;ACTL6B;KANSL2;KDM4C;JADE1;NCOR2;HDAC10;ING3;NCOR1;SMYD2;BRD8;KMT2B;MRGBP;TADA2B;SETDB2;EED;NSD3;ARID1B;ARID2;KDM5D;BRPF3;SETD1A;USP22;HDAC3;EZH2;KMT5B;BRD1;SETD2;GATAD2B;EP300;JAK2;CREBBP;DOT1L;SMARCC2;NSD2;VPS72;DMAP1;ING5;RBBP5;TRRAP;ARID5B;NCOA1;YEATS2;KMT2E;ATXN7L3;CARM1;SAP30L;KAT14;HCFC1;KDM7A;ELP5;JMJD6;YEATS4;EHMT1;GDNF;EPC1;AEBP2;KANSL3;CHD3;PHF20
prerank,Elastic Fibre Formation R-HSA-1566948,5.738919e-01,1.988783e+00,0.000000e+00,2.014791e-02,1.620000e-01,13/28,13.72%,BMP7;EFEMP1;ITGB5;EFEMP2;ITGB8;FBLN2;FBLN1;FBLN5;SMIM6;LOXL1;FBN3;ITGA5;MFAP4
prerank,Metabolic Disorders Of Biological Oxidation Enzymes R-HSA-5579029,6.200197e-01,1.975606e+00,0.000000e+00,2.159668e-02,1.830000e-01,11/22,17.36%,CYP11A1;OPLAH;TBXAS1;CYP1B1;SLC35D1;AHCY;GCLC;CYP7B1;MAOA;CYP11B1;CYP17A1
prerank,Cell Surface Interactions At Vascular Wall R-HSA-202733,4.264505e-01,1.944392e+00,0.000000e+00,2.933105e-02,2.470000e-01,47/95,25.47%,ITGB2;GLG1;SLC7A10;SELPLG;TTF2;TNFRSF10B;ITGAX;SLC7A7;CD99;CD84;SLC16A1;THBD;INPP5D;PTPN11;FCER1G;PECAM1;ATP1B2;SLC16A3;NRAS;SDC2;SLC16A8;CD44;ITGA5;CD58;SLC7A11;CD2;ANGPT2;JAM3;CD74;SHC1;JAML;GYPC;SDC3;VPREB3;SLC3A2;YES1;ITGA6;MAG;ITGAM;SDC4;FYN;FN1;SELENOP;EPCAM;HRAS;TEK;VPREB1
prerank,Metabolism Of Fat-Soluble Vitamins R-HSA-6806667,5.215043e-01,1.933112e+00,0.000000e+00,3.151831e-02,2.800000e-01,29/37,34.98%,LRP10;AKR1C3;APOE;AKR1C1;APOM;RBP1;UBIAD1;TTPA;AKR1C4;LPL;GPC6;RDH11;SDC2;SDC3;SDC4;GPC4;LDLR;PLB1;LRP2;APOA1;RBP4;TTR;GPC5;VKORC1;SDC1;GPC1;RETSAT;GPIHBP1;CLPS
prerank,Voltage Gated Potassium Channels R-HSA-1296072,-5.365764e-01,-1.894099e+00,0.000000e+00,1.269358e-01,3.630000e-01,15/37,9.25%,KCNB1;KCNS1;KCNH1;KCNS2;KCND3;KCNAB2;KCNAB3;KCNH3;KCNH4;KCNS3;KCNC1;KCNC3;KCNQ5;KCNC4;KCNV2
prerank,Dermatan Sulfate Biosynthesis R-HSA-2022923,7.051499e-01,1.889447e+00,6.772009e-03,4.694336e-02,3.900000e-01,9/11,25.86%,DSEL;CHST14;DSE;VCAN;BCAN;CSPG4;DCN;BGN;NCAN
prerank,Antigen processing-Cross Presentation R-HSA-1236975,4.168546e-01,1.875505e+00,0.000000e+00,5.030726e-02,4.320000e-01,41/90,27.90%,VAMP8;CYBB;CYBA;PSMB10;SEC22B;SEM1;ITGB5;UBA52;PSMB1;PSME1;TLR1;PSMB9;PSMD10;CALR;TLR4;HLA-G;S100A1;PSMB2;PDIA3;PSME2;MYD88;SEC61A1;HLA-F;PSMD5;CTSS;NDUFA2;PSMA3;PSMB4;B2M;HLA-E;HLA-C;SEC61B;TLR2;PSMA7;MRC1;PSMD8;SEC61A2;HLA-A;PSMB8;VAMP3;PSMC1
prerank,ROS And RNS Production In Phagocytes R-HSA-1222556,5.344957e-01,1.873461e+00,2.469136e-03,4.877730e-02,4.390000e-01,8/26,12.53%,HVCN1;ATP6V0A4;ATP6V0E1;CYBB;RAC2;CYBA;TCIRG1;NANOS1
prerank,Arachidonic Acid Metabolism R-HSA-2142753,4.899700e-01,1.867331e+00,2.493766e-03,4.968058e-02,4.640000e-01,14/40,9.86%,EPHX2;AKR1C3;HPGD;CYP2J2;ALOX5;TBXAS1;LTC4S;CYP1B1;ALOX5AP;PON2;PTGDS;CBR1;MAPKAPK2;PON3
prerank,Molecules Associated With Elastic Fibres R-HSA-2129379,5.880516e-01,1.861275e+00,2.325581e-03,5.094966e-02,4.940000e-01,9/20,13.72%,BMP7;EFEMP1;ITGB5;EFEMP2;ITGB8;FBLN2;FBLN1;FBLN5;MFAP4
prerank,HATs Acetylate Histones R-HSA-3214847,-4.585851e-01,-1.858056e+00,0.000000e+00,1.559801e-01,4.950000e-01,33/77,23.01%,KAT8;MSL3;CLOCK;KAT6B;MCRS1;TADA2A;KAT6A;KANSL2;JADE1;ING3;BRD8;MRGBP;TADA2B;BRPF3;USP22;BRD1;EP300;CREBBP;VPS72;DMAP1;ING5;TRRAP;NCOA1;YEATS2;ATXN7L3;KAT14;HCFC1;ELP5;YEATS4;GDNF;EPC1;KANSL3;PHF20
prerank,Mitochondrial Fatty Acid Beta-Oxidation R-HSA-77289,5.273702e-01,1.846596e+00,0.000000e+00,5.649984e-02,5.440000e-01,14/29,24.63%,ACAA2;ACSF2;ACADVL;DECR1;ACOT13;HADHB;ACOT11;ACAD10;PCCA;ECI1;HADHA;DBI;HADH;ACBD7
prerank,Retinoid Metabolism And Transport R-HSA-975634,5.092760e-01,1.843691e+00,0.000000e+00,5.558272e-02,5.490000e-01,26/33,34.98%,LRP10;AKR1C3;APOE;AKR1C1;APOM;RBP1;AKR1C4;LPL;GPC6;RDH11;SDC2;SDC3;SDC4;GPC4;LDLR;PLB1;LRP2;APOA1;RBP4;TTR;GPC5;SDC1;GPC1;RETSAT;GPIHBP1;CLPS
prerank,RUNX2 Regulates Osteoblast Differentiation R-HSA-8940973,5.781118e-01,1.828289e+00,4.566210e-03,6.306560e-02,6.090000e-01,10/19,11.41%,ZNF521;RB1;HEY2;WWTR1;GLI3;CBFB;MAF;YAP1;MAPK3;SP7
prerank,Cytochrome C-Mediated Apoptotic Response R-HSA-111461,6.467018e-01,1.824478e+00,2.217295e-03,6.286663e-02,6.220000e-01,5/13,13.41%,UACA;DIABLO;MAPK3;CASP7;CARD8
prerank,Dectin-2 Family R-HSA-5621480,6.234850e-01,1.815219e+00,0.000000e+00,6.751815e-02,6.550000e-01,11/14,32.18%,MUC4;PLCG2;SYK;FCER1G;MUC5B;MUC2;FYN;MUC5AC;MUC1;MUC12;MUC6
prerank,DAG And IP3 Signaling R-HSA-1489509,-5.200311e-01,-1.807353e+00,0.000000e+00,2.340268e-01,6.890000e-01,17/38,23.16%,ADCY1;PRKCE;CAMK2A;PRKCA;ITPR1;GRK2;CAMK2G;CAMKK2;CAMKK1;ADCY9;PDE1A;PRKAR2B;ADCY6;NBEA;PRKAR1B;CREB1;ADCY2
prerank,Serotonin Neurotransmitter Release Cycle R-HSA-181429,-6.179264e-01,-1.807143e+00,3.395586e-03,2.015664e-01,6.900000e-01,8/18,12.82%,STXBP1;UNC13B;SNAP25;PPFIA4;SYN3;CPLX1;PPFIA2;SYN1
prerank,Interferon Alpha/Beta Signaling R-HSA-909733,4.463008e-01,1.802948e+00,5.524862e-03,7.311316e-02,6.960000e-01,22/50,19.77%,IFI35;ISG20;ISG15;SOCS1;IRF7;KPNB1;IFIT2;IRF9;USP18;PTPN11;XAF1;IRF2;OAS1;IFI6;IFIT3;HLA-G;IFITM2;OAS3;IFITM3;IRF5;HLA-F;IFIT5
prerank,YAP1- And WWTR1 (TAZ)-stimulated Gene Expression R-HSA-2032785,6.811794e-01,1.800085e+00,2.169197e-03,7.237593e-02,7.050000e-01,6/11,8.32%,KAT2B;WWTR1;TEAD3;TEAD1;YAP1;HIPK2
prerank,Initial Triggering Of Complement R-HSA-166663,6.316516e-01,1.796559e+00,6.521739e-03,7.255008e-02,7.170000e-01,8/14,17.09%,C3;C1QC;C1QB;C1QA;MASP1;COLEC11;C1S;GZMM
prerank,Acetylcholine Neurotransmitter Release Cycle R-HSA-264642,-6.560264e-01,-1.787498e+00,1.730104e-03,2.154932e-01,7.570000e-01,7/15,12.47%,STXBP1;UNC13B;SNAP25;PPFIA4;CPLX1;PPFIA2;SH2D3C
prerank,Ca-dependent Events R-HSA-111996,-5.262679e-01,-1.786224e+00,3.231018e-03,1.941955e-01,7.620000e-01,15/34,23.16%,ADCY1;CAMK2A;PRKCA;GRK2;CAMK2G;CAMKK2;CAMKK1;ADCY9;PDE1A;PRKAR2B;ADCY6;NBEA;PRKAR1B;CREB1;ADCY2
prerank,Defective C1GALT1C1 Causes TNPS R-HSA-5083632,6.759729e-01,1.781841e+00,7.075472e-03,8.058029e-02,7.630000e-01,9/10,32.18%,C1GALT1;MUC4;MUC5B;C1GALT1C1;MUC2;MUC5AC;MUC1;MUC12;MUC6
prerank,Prefoldin Mediated Transfer Of Substrate To CCT/TriC R-HSA-389957,5.035927e-01,1.777914e+00,0.000000e+00,8.137249e-02,7.790000e-01,11/28,21.12%,TUBB2B;TUBB3;CCT6B;CCT5;TUBA1C;TUBB4B;TUBB4A;VBP1;TUBB6;PFDN2;PFDN5
prerank,"Synthesis, Secretion, And Deacylation Of Ghrelin R-HSA-422085",6.067447e-01,1.777061e+00,1.631702e-02,7.976515e-02,7.850000e-01,4/14,7.22%,BCHE;ACHE;SEC11C;SEC11A
prerank,CaM Pathway R-HSA-111997,-5.302838e-01,-1.776225e+00,1.618123e-03,1.958681e-01,7.950000e-01,15/32,23.16%,ADCY1;CAMK2A;PRKCA;GRK2;CAMK2G;CAMKK2;CAMKK1;ADCY9;PDE1A;PRKAR2B;ADCY6;NBEA;PRKAR1B;CREB1;ADCY2
prerank,WNT Ligand Biogenesis And Trafficking R-HSA-3238698,5.857682e-01,1.774809e+00,7.299270e-03,7.904937e-02,7.910000e-01,9/18,29.64%,WNT6;WLS;TMED5;WNT5B;WNT4;VPS35;WNT5A;WNT11;WNT7B
prerank,Glutamate Neurotransmitter Release Cycle R-HSA-210500,-5.750937e-01,-1.773457e+00,8.305648e-03,1.838607e-01,8.020000e-01,8/23,10.23%,STXBP1;GLS2;UNC13B;SNAP25;PPFIA4;SLC17A7;CPLX1;PPFIA2
prerank,Chemokine Receptors Bind Chemokines R-HSA-380108,5.114233e-01,1.771724e+00,2.551020e-03,7.967663e-02,8.000000e-01,23/29,30.53%,CXCR4;CXCL3;CX3CR1;CCR1;XCR1;CCR7;CXCL2;CXCR3;CCR5;CCL22;ACKR3;PPBP;CXCL16;CXCL6;CCL17;CNOT6;CCL19;CCL21;CXCL12;CCL2;CCR9;ACKR2;CCL25
prerank,Extracellular Matrix Organization R-HSA-1474244,3.402147e-01,1.759032e+00,0.000000e+00,8.694102e-02,8.420000e-01,85/223,22.20%,LAMA1;ITGB7;ITGB2;COMP;SPARC;PPIB;MMP28;P4HA1;ITGAX;TIMP2;NCSTN;PLOD1;BMP7;ICAM3;COL8A2;LAMB1;EFEMP1;CAPN13;ITGB5;MMP9;ITGA1;EFEMP2;ITGB8;DDR1;FBLN2;THBS1;HTRA1;ITGB4;COL11A1;COL1A2;LRP4;DDR2;SPOCK3;FBLN1;FBLN5;PECAM1;COL9A1;SMIM6;VCAN;LOXL1;CAPN2;TNNI3;MATN3;COL4A5;BCAN;PLOD3;SDC2;PDGFA;FBN3;CD44;COL4A4;COL25A1;MMP14;ITGA5;MFAP4;COL18A1;TIMP1;JAM3;PRSS58;SDC3;PDGFB;MMP19;COL6A3;CASK;CD151;CAPN3;CTRB1;COL9A2;TLL2;ITGA6;TLL1;DCN;DST;LAMC2;CTSS;LOXL3;ITGAM;COL10A1;ADAM15;SERPINH1;PHYKPL;BMP10;SDC4;ADAMTS4;TNXB
prerank,Cleavage Of Damaged Pyrimidine R-HSA-110329,-6.445815e-01,-1.751451e+00,1.045296e-02,2.136151e-01,8.570000e-01,7/13,22.73%,NEIL1;ACD;TINF2;NEIL2;TERF2;TDG;OGG1
prerank,ER-Phagosome Pathway R-HSA-1236974,3.979863e-01,1.749861e+00,0.000000e+00,9.231467e-02,8.690000e-01,36/80,27.90%,VAMP8;PSMB10;SEC22B;SEM1;UBA52;PSMB1;PSME1;TLR1;PSMB9;PSMD10;CALR;TLR4;HLA-G;S100A1;PSMB2;PDIA3;PSME2;MYD88;SEC61A1;HLA-F;PSMD5;NDUFA2;PSMA3;PSMB4;B2M;HLA-E;HLA-C;SEC61B;TLR2;PSMA7;PSMD8;SEC61A2;HLA-A;PSMB8;VAMP3;PSMC1
prerank,Potassium Channels R-HSA-1296071,-4.240479e-01,-1.747274e+00,1.545595e-03,2.049684e-01,8.740000e-01,24/85,9.25%,ABCC8;HCN1;KCNJ3;KCNJ6;KCNB1;KCNK10;KCNS1;KCNH1;KCNS2;KCND3;KCNAB2;KCNMA1;KCNAB3;KCNN1;KCNH3;KCNJ9;KCNH4;KCNS3;KCNC1;KCNC3;KCNQ5;KCNC4;GNB3;KCNV2
prerank,Interleukin-4 And Interleukin-13 Signaling R-HSA-6785807,4.096350e-01,1.744493e+00,0.000000e+00,9.520131e-02,8.820000e-01,22/73,14.25%,ITGB2;OPRM1;IL13RA1;HMOX1;HSP90B1;FOXO1;SOX2;ITGAX;ALOX5;S1PR1;SOCS1;MMP9;JAK3;COL1A2;RNASEH2A;IL13RA2;POU2F1;IL4R;RHOU;HIF1A;MAOA;TIMP1
prerank,Fatty acyl-CoA Biosynthesis R-HSA-75105,4.783979e-01,1.739111e+00,4.662005e-03,9.721350e-02,8.920000e-01,17/31,26.82%,ACSL4;ACSBG1;SLC25A1;CBR4;HACD1;HACD4;HSD17B8;ELOVL2;ACLY;ELOVL5;SCD5;HACD3;SCD;TECR;ELOVL1;SLC27A3;ACSL1
prerank,SUMOylation Of Chromatin Organization Proteins R-HSA-4551638,-4.726220e-01,-1.736684e+00,3.322259e-03,2.111041e-01,8.980000e-01,22/51,25.93%,HDAC4;SATB2;SATB1;PIAS2;NUP98;UBE2I;NUP155;RING1;SEH1L;PIAS1;SUMO1;NUP85;NUP54;NUP153;NUP62;L3MBTL2;SUMO2;PHC2;CHD3;RANBP2;RNF2;NUP35
prerank,Phase I - Functionalization Of Compounds R-HSA-211945,4.140707e-01,1.726621e+00,0.000000e+00,1.053146e-01,9.110000e-01,26/62,24.97%,EPHX1;CYP2J2;MAOB;CYP11A1;SMOX;TBXAS1;CYP1B1;CYB5R3;RXRA;CYP51A1;ALDH2;CYP7B1;BPHL;MAOA;CYP11B1;ADH5;CYP2W1;ACSS1;AOC3;CYP4F8;CYP2B6;CYP4V2;CYP3A5;CES1;CYP27A1;CYP3A43
prerank,Regulation Of TP53 Activity Thru Acetylation R-HSA-6804758,-5.274880e-01,-1.719870e+00,8.802817e-03,2.346222e-01,9.270000e-01,14/28,22.69%,RBBP4;KAT6A;ING3;BRPF3;AKT1;BRD1;AKT3;GATAD2B;EP300;ING5;AKT2;PIP4K2C;PIP4K2B;CHD3
prerank,Response To Metal Ions R-HSA-5660526,6.305555e-01,1.719203e+00,1.834862e-02,1.096258e-01,9.260000e-01,9/12,20.28%,MT1M;CSRP1;MT1B;MT2A;MT1X;MT1G;MT1E;PKMYT1;MT1F
prerank,"Defective B4GALT7 Causes EDS, Progeroid Type R-HSA-3560783",5.552158e-01,1.712761e+00,1.121076e-02,1.128518e-01,9.360000e-01,15/18,33.77%,GPC6;B4GALT7;VCAN;BCAN;SDC2;CSPG4;SDC3;DCN;SDC4;BGN;GPC4;NCAN;GPC5;SDC1;GPC1
prerank,Polo-like Kinase Mediated Events R-HSA-156711,-6.665000e-01,-1.712317e+00,1.247772e-02,2.372871e-01,9.430000e-01,6/11,18.72%,RBBP4;LIN52;LIN9;PLK1;EP300;LIN54
prerank,Neuronal System R-HSA-112316,-3.513979e-01,-1.707596e+00,0.000000e+00,2.323342e-01,9.500000e-01,136/337,26.78%,DLGAP1;STXBP1;ABCC8;HCN1;KCNJ3;ADCY1;KCNJ6;GABRB2;KCNB1;KCNK10;GRIN2A;KCNS1;RPS6KA3;CAMK2A;CACNG2;KCNH1;KCNS2;GLS2;PRKCA;CACNG8;SYT12;PRKCB;UNC13B;EPB41L5;KCND3;SNAP25;KCNAB2;SLITRK4;KCNMA1;CAMK2G;DLGAP2;GLRB;PLCB1;SLITRK5;CACNA2D3;KCNAB3;GABRG3;KCNN1;KCNH3;KCNJ9;PPFIA4;KCNH4;CAMKK2;KCNS3;NCALD;CACNA1A;KCNC1;GABRG2;CAMKK1;KCNC3;KCNQ5;KCNC4;PTPRD;SLC17A7;SYN3;LRRTM4;GNB3;KCNV2;CACNB4;ADCY9;CPLX1;PPFIA2;SLITRK1;CAMK1;SLITRK3;SHANK1;APBA2;GRIA2;SHANK2;SH2D3C;NRGN;SYN1;LRRTM3;NAAA;CACNA1B;GABRA1;KCNJ4;EPB41L1;GRIA3;SIPA1L1;TSPAN7;NPTN;KCNJ11;CACNB1;LIN7A;KCNF1;PRKAR2B;KCNA1;CACNB3;KCNA2;NTRK3;ADCY6;SYT7;NBEA;ARHGEF9;KCNK6;PRKAR1B;GNB5;STX1A;LRFN3;IL1RAP;NRXN1;GNAI1;DLG1;KCNN2;CACNA2D1;PRKAB2;CREB1;LRFN2;LIN7C;GPRIN1;PANX2;KCNV1;KCNAB1;RASGRF1;ADCY2;AP2A2;LRFN4;AKAP5;GNB1;HOMER1;EPB41;RASGRF2;KCNH7;KCNJ8;PICK1;PDPK1;PPM1F;FLOT1;DLGAP4;CAMK2B;KCNK1;SLC38A2;NRXN3;PRKAB1;SYT1
prerank,Protein-protein Interactions At Synapses R-HSA-6794362,-4.129007e-01,-1.705859e+00,1.517451e-03,2.233957e-01,9.530000e-01,39/87,26.78%,DLGAP1;STXBP1;GRIN2A;SYT12;EPB41L5;SLITRK4;DLGAP2;SLITRK5;PPFIA4;PTPRD;LRRTM4;PPFIA2;SLITRK1;SLITRK3;SHANK1;APBA2;SHANK2;LRRTM3;EPB41L1;GRIA3;SIPA1L1;LIN7A;NTRK3;SYT7;STX1A;LRFN3;IL1RAP;NRXN1;DLG1;LRFN2;LIN7C;GPRIN1;LRFN4;HOMER1;EPB41;FLOT1;DLGAP4;NRXN3;SYT1
prerank,NOTCH4 Activation And Transmission Of Signal To Nucleus R-HSA-9013700,6.517954e-01,1.705546e+00,1.392111e-02,1.183626e-01,9.490000e-01,10/10,34.86%,PSEN2;APH1B;NCSTN;PSENEN;JAG1;PSEN1;ADAM10;NOTCH4;APH1A;YWHAZ
prerank,Cooperation Of Prefoldin And TriC/CCT In Actin And Tubulin Folding R-HSA-389958,4.713919e-01,1.694653e+00,4.889976e-03,1.257225e-01,9.600000e-01,11/31,21.12%,TUBB2B;TUBB3;CCT6B;CCT5;TUBA1C;TUBB4B;TUBB4A;VBP1;TUBB6;PFDN2;PFDN5
prerank,PLC Beta Mediated Events R-HSA-112043,-4.701819e-01,-1.692329e+00,1.555210e-03,2.408233e-01,9.650000e-01,20/45,26.25%,ADCY1;CAMK2A;PRKCA;ITPR1;GRK2;CAMK2G;PLCB1;CAMKK2;CAMKK1;ADCY9;PDE1A;PRKAR2B;ADCY6;NBEA;PRKAR1B;GNA11;CREB1;ADCY2;GNA14;CAMK2B
prerank,Formation Of Apoptosome R-HSA-111458,6.303061e-01,1.688813e+00,1.295896e-02,1.293611e-01,9.650000e-01,6/11,28.25%,UACA;DIABLO;MAPK3;CARD8;XIAP;CASP9
prerank,Defective B3GALT6 Causes EDSP2 And SEMDJL1 R-HSA-4420332,5.514043e-01,1.681276e+00,1.408451e-02,1.340733e-01,9.680000e-01,15/18,33.77%,GPC6;VCAN;BCAN;SDC2;CSPG4;SDC3;DCN;SDC4;BGN;GPC4;B3GALT6;NCAN;GPC5;SDC1;GPC1
prerank,Nuclear Receptor Transcription Pathway R-HSA-383280,-4.809664e-01,-1.675678e+00,9.646302e-03,2.639074e-01,9.730000e-01,17/39,16.79%,RORB;NR1D2;NR3C2;NR1D1;NRBF2;NCOR2;THRB;NR2C2AP;NCOR1;RARB;PPARD;NR2C2;NR3C1;ESRRG;NR2C1;RXRB;NR4A1
prerank,GAG Synthesis Requires Tetrasaccharide Linker Sequence R-HSA-1971475,4.961304e-01,1.664854e+00,1.666667e-02,1.489369e-01,9.760000e-01,14/24,25.86%,GPC6;B4GALT7;VCAN;BCAN;SDC2;CSPG4;SDC3;B3GAT2;DCN;SDC4;BGN;GPC4;B3GALT6;NCAN
prerank,Defective B3GAT3 Causes JDSSDHD R-HSA-3560801,5.375616e-01,1.664319e+00,1.372998e-02,1.463730e-01,9.760000e-01,14/18,33.77%,GPC6;VCAN;BCAN;SDC2;CSPG4;SDC3;DCN;SDC4;BGN;GPC4;NCAN;GPC5;SDC1;GPC1
prerank,Assembly Of Collagen Fibrils And Other Multimeric Structures R-HSA-2022090,4.288466e-01,1.664249e+00,7.812500e-03,1.434360e-01,9.760000e-01,22/46,20.64%,MMP28;COL8A2;MMP9;ITGB4;COL11A1;COL1A2;COL9A1;LOXL1;COL4A5;COL4A4;COL18A1;COL6A3;CD151;COL9A2;TLL2;ITGA6;TLL1;DST;LAMC2;CTSS;LOXL3;COL10A1
prerank,Peptide Ligand-Binding Receptors R-HSA-375276,3.493588e-01,1.660097e+00,0.000000e+00,1.447553e-01,9.790000e-01,59/119,30.53%,OPRM1;EDNRB;NTSR2;C3;OXTR;CXCR4;TTF2;GPR37L1;HEBP1;F2R;MLNR;CXCL3;OPRK1;CX3CR1;CCR1;FPR1;TACR2;KISS1;APLN;XCR1;AVPR2;NPB;GAL;OXT;CCR7;C3AR1;GPR37;APLNR;CXCL2;CXCR3;CCR5;CCL22;ACKR3;PPBP;NPW;GHSR;SSTR3;QRFP;PRLHR;HCRT;CXCL16;NPBWR1;NMBR;KISS1R;CXCL6;CCL17;CNOT6;CCL19;CCL21;C5;CXCL12;NMUR1;GALR3;F2RL1;CCL2;CCR9;POMC;ACKR2;CCL25
prerank,GPCR Ligand Binding R-HSA-500792,3.115241e-01,1.659031e+00,0.000000e+00,1.430038e-01,9.800000e-01,129/291,27.54%,DRD2;OPRM1;EDNRB;FZD9;HTR7;NTSR2;CHRM4;C3;OXTR;CXCR4;WNT6;P2RY13;LPAR6;TTF2;GPR37L1;HEBP1;F2R;MLNR;CXCL3;FZD2;OPRK1;SMOX;CX3CR1;S1PR1;CCR1;TBXA2R;RAMP1;HRH3;GNG8;FZD1;CPAMD8;DHH;ADRB2;FPR1;WNT4;GNG4;TACR2;KISS1;APLN;PTGIR;GPR68;S1PR4;GPR143;RAMP2;TAS2R60;ADGRE5;P2RY1;GNRH2;GNG12;XCR1;AVPR2;PLPPR1;NPB;ADRA1D;CD55;GAL;GPR183;CYSLTR1;OXER1;OXT;CCR7;TAAR5;C3AR1;S1PR5;GPR37;CALCA;PTRH2;APLNR;ADCYAP1R1;GPHA2;CXCL2;LTB4R2;GPR4;HTR2C;CXCR3;CRH;CCR5;CCL22;PTGER2;ACKR3;GRM2;GNG7;FFAR4;PPBP;P2RY12;FZD10;PLPPR3;NPW;CHRM5;GHSR;TAS1R1;ADM;SSTR3;PTGER4;QRFP;TSHB;UCN2;PRLHR;GHRHR;FZD7;HCRT;CXCL16;GIPR;NPBWR1;NMBR;KISS1R;GNG11;CXCL6;LPAR1;LHB;CCL17;FFAR1;CNOT6;CCL19;CCL21;TAAR8;GNB2;C5;WNT5A;WNT11;ADRA1B;PTHLH;TAS2R39;GPR17;CXCL12;FZD8;NMUR1;S1PR2;GALR3
prerank,Formation Of Tubulin Folding Intermediates By CCT/TriC R-HSA-389960,4.849338e-01,1.654338e+00,2.059497e-02,1.452991e-01,9.830000e-01,8/24,20.42%,TUBB2B;TUBB3;CCT6B;CCT5;TUBA1C;TUBB4B;TUBB4A;TUBB6
prerank,Activation Of HOX Genes During Differentiation R-HSA-5619507,-4.392148e-01,-1.652619e+00,3.252033e-03,3.104698e-01,9.890000e-01,19/52,17.92%,MAFB;RBBP4;PIAS2;CTCF;PAXIP1;EGR2;NCOR1;RARB;YY1;EED;PBX1;ZNF335;HDAC3;EZH2;NCOA6;EP300;CREBBP;RBBP5;POLR2H
prerank,Interferon Gamma Signaling R-HSA-877300,3.858503e-01,1.651720e+00,8.982036e-03,1.453000e-01,9.840000e-01,34/66,23.42%,IFI30;TRIM62;SOCS1;MID1;IRF7;TRIM8;IRF9;PTPN11;SMAD7;HLA-DRB5;GBP4;IFNGR1;IRF2;HLA-DRB1;MT2A;HLA-DRB4;OAS1;TRIM10;CD44;HLA-G;OAS3;HLA-DRA;HLA-DPA1;CAMK2D;IRF5;PRKCD;HLA-F;SP100;HLA-DRB3;TRIM29;TRIM25;B2M;HLA-E;HLA-C
prerank,Class A/1 (Rhodopsin-like Receptors) R-HSA-373076,3.259369e-01,1.649721e+00,0.000000e+00,1.446622e-01,9.840000e-01,93/203,27.54%,DRD2;OPRM1;EDNRB;HTR7;NTSR2;CHRM4;C3;OXTR;CXCR4;P2RY13;LPAR6;TTF2;GPR37L1;HEBP1;F2R;MLNR;CXCL3;OPRK1;CX3CR1;S1PR1;CCR1;TBXA2R;HRH3;ADRB2;FPR1;TACR2;KISS1;APLN;PTGIR;GPR68;S1PR4;GPR143;P2RY1;GNRH2;XCR1;AVPR2;PLPPR1;NPB;ADRA1D;GAL;GPR183;CYSLTR1;OXER1;OXT;CCR7;TAAR5;C3AR1;S1PR5;GPR37;APLNR;GPHA2;CXCL2;LTB4R2;GPR4;HTR2C;CXCR3;CCR5;CCL22;PTGER2;ACKR3;FFAR4;PPBP;P2RY12;PLPPR3;NPW;CHRM5;GHSR;SSTR3;PTGER4;QRFP;TSHB;PRLHR;HCRT;CXCL16;NPBWR1;NMBR;KISS1R;CXCL6;LPAR1;LHB;CCL17;FFAR1;CNOT6;CCL19;CCL21;TAAR8;C5;ADRA1B;GPR17;CXCL12;NMUR1;S1PR2;GALR3
prerank,Negative Regulation Of NMDA Receptor-Mediated Neuronal Transmission R-HSA-9617324,-5.532232e-01,-1.644783e+00,1.562500e-02,3.177745e-01,9.900000e-01,8/20,26.25%,GRIN2A;CAMK2A;CAMK2G;CAMK1;DLG1;GPRIN1;PPM1F;CAMK2B
prerank,Eicosanoid Ligand-Binding Receptors R-HSA-391903,6.207645e-01,1.643341e+00,2.045455e-02,1.484595e-01,9.840000e-01,10/11,35.79%,TBXA2R;PTGIR;CYSLTR1;OXER1;LTB4R2;PTGER2;PTGER4;GPR17;PTGER3;LTB4R
prerank,Iron Uptake And Transport R-HSA-917937,4.015457e-01,1.640829e+00,1.089918e-02,1.488658e-01,9.870000e-01,11/52,9.58%,ATP6V0A4;ATP6V0E1;HMOX1;SLC40A1;HEPH;SLC46A1;CYBRD1;UBA52;FLVCR1;TCIRG1;FTL
prerank,Regulation Of Insulin Secretion R-HSA-422356,-4.178196e-01,-1.639786e+00,0.000000e+00,3.173442e-01,9.920000e-01,24/67,20.28%,STXBP1;ABCC8;KCNB1;PRKCA;ITPR1;SNAP25;ADRA2A;PLCB1;CACNA1C;KCNS3;CACNA1A;CACNA1D;GNB3;KCNJ11;PRKAR2B;CACNB3;CHRM3;GNAS;ADCY6;PRKAR1B;GNB5;STX1A;GNA11;GNAI1
prerank,Norepinephrine Neurotransmitter Release Cycle R-HSA-181430,-5.797525e-01,-1.632814e+00,1.530612e-02,3.227614e-01,9.930000e-01,6/16,10.23%,STXBP1;UNC13B;SNAP25;PPFIA4;CPLX1;PPFIA2
prerank,Biological Oxidations R-HSA-211859,3.355540e-01,1.632409e+00,3.125000e-03,1.565403e-01,9.890000e-01,49/133,23.32%,EPHX1;CYP2J2;MAOB;CYP11A1;ACSM5;SULT1C4;MGST1;OPLAH;SMOX;TBXAS1;CYP1B1;GSTP1;COMT;GSTO2;SLC35D1;CYB5R3;CNDP2;AHCY;GCLC;RXRA;CYP51A1;ALDH2;CYP7B1;AKR7A3;TPST1;AKR7A2;BPHL;SLC26A2;MAOA;CYP11B1;HPGDS;ADH5;MAT2A;CYP2W1;ACSS1;ACY3;SLC35B2;AOC3;PAPSS1;AKR7L;UGT2B10;CYP4F8;CHAC1;DPEP3;CYP2B6;CYP4V2;CYP3A5;GGT5;CES1
prerank,Pregnenolone Biosynthesis R-HSA-196108,6.305640e-01,1.630427e+00,1.698514e-02,1.557739e-01,9.890000e-01,4/10,6.10%,CYP11A1;STARD3NL;TSPO;STARD4
prerank,Diseases Of Metabolism R-HSA-5668914,3.229126e-01,1.630278e+00,0.000000e+00,1.531754e-01,9.890000e-01,93/191,32.35%,LFNG;NAGLU;CHST14;C1GALT1;CYP11A1;DHDDS;MUC4;HLCS;OPLAH;B4GALT1;TBXAS1;APRT;CYP1B1;CHST6;GYG2;THBS1;UBA52;NOTCH2;SLC35D1;SPON1;THBS2;DOLK;AHCY;GCLC;G6PC3;CYP7B1;GALT;GPC6;MUC5B;ALG12;PMEL;B4GALT7;AMN;C1GALT1C1;VCAN;DCXR;CHST3;BCAN;CD320;SDC2;CSPG4;SLC26A2;MUC2;PPP1R3C;MAOA;MMAB;CYP11B1;PCCA;MPDU1;ALG8;SDC3;GBE1;ADA;CYP17A1;SGSH;CSF2RA;DCN;ADAMTSL5;ALG3;SDC4;ADAMTS4;BGN;GPC4;B3GALT6;TALDO1;CYP27A1;ADAMTS14;NCAN;ADAMTS9;SFTPC;ALG14;MUC5AC;B3GLCT;ALG1;ADAMTS19;B4GAT1;NUS1;MCCC2;MUC1;NOTCH4;GYG1;ADAMTSL2;SLPI;NOTCH1;POMC;MUC12;GPC5;NHLRC1;ADAMTS7;MUC6;SFTPD;GNS;IDH1
prerank,TCR Signaling R-HSA-202403,3.503163e-01,1.628637e+00,0.000000e+00,1.522854e-01,9.900000e-01,34/104,21.51%,FYB1;PTPRC;PKN1;CD3D;PSMB10;PLCG2;SEM1;UBA52;INPP5D;PSMB1;ZAP70;HLA-DRB5;HLA-DRB1;PTPN22;PSME1;CD3E;HLA-DRB4;ENAH;PSMB9;PSMD10;CD4;PSMB2;HLA-DRA;HLA-DPA1;NCK1;PSME2;CD247;VASP;TAB2;PSMD5;HLA-DRB3;PSMA3;PTPRJ;PSMB4
prerank,RUNX2 Regulates Bone Development R-HSA-8941326,4.918605e-01,1.626262e+00,2.676399e-02,1.525755e-01,9.900000e-01,11/23,11.41%,ZNF521;RB1;HEY2;WWTR1;GLI3;SMAD1;CBFB;MAF;YAP1;MAPK3;SP7
prerank,Activation Of Gene Expression By SREBF (SREBP) R-HSA-2426168,4.174703e-01,1.622055e+00,0.000000e+00,1.555780e-01,9.910000e-01,20/41,24.48%,PPARA;SQLE;SREBF1;TM7SF2;RXRA;CYP51A1;GPAM;DHCR7;SMARCD3;PMVK;HELZ2;HMGCS1;SCD;PKMYT1;IDI1;SC5D;GGPS1;FDPS;ACACB;MVK
prerank,Class B/2 (Secretin Family Receptors) R-HSA-373080,3.801328e-01,1.621425e+00,0.000000e+00,1.536559e-01,9.910000e-01,33/65,27.85%,FZD9;WNT6;FZD2;SMOX;RAMP1;GNG8;FZD1;CPAMD8;DHH;WNT4;GNG4;RAMP2;ADGRE5;GNG12;CD55;CALCA;PTRH2;ADCYAP1R1;CRH;GNG7;FZD10;ADM;UCN2;GHRHR;FZD7;GIPR;GNG11;GNB2;WNT5A;WNT11;PTHLH;FZD8;GNG10
prerank,PKA Activation In Glucagon Signaling R-HSA-164378,-5.788080e-01,-1.619957e+00,1.818182e-02,3.434964e-01,9.980000e-01,8/15,23.16%,ADCY1;PRKCA;ADCY9;PRKAR2B;GNAS;ADCY6;PRKAR1B;ADCY2
prerank,Cell Recruitment (Pro-Inflammatory Response) R-HSA-9664424,5.232678e-01,1.619330e+00,2.088167e-02,1.534299e-01,9.910000e-01,9/19,18.12%,PSTPIP1;C3;HMOX1;CASP1;PYCARD;TXNIP;C3AR1;MEFV;NT5E
prerank,G-protein Mediated Events R-HSA-112040,-4.379397e-01,-1.614918e+00,9.202454e-03,3.453976e-01,9.980000e-01,19/49,23.16%,ADCY1;CAMK2A;PRKCA;ITPR1;GRK2;CAMK2G;PLCB1;CAMKK2;CAMKK1;ADCY9;PDE1A;PRKAR2B;ADCY6;NBEA;PRKAR1B;GNA11;GNAI1;CREB1;ADCY2
prerank,"Unblocking Of NMDA Receptors, Glutamate Binding And Activation R-HSA-438066",-5.397526e-01,-1.608121e+00,2.229846e-02,3.526389e-01,9.980000e-01,8/20,26.25%,GRIN2A;CAMK2A;CAMK2G;GRIA2;GRIA3;DLG1;GPRIN1;CAMK2B
prerank,HDR Thru Homologous Recombination (HRR) Or Single Strand Annealing (SSA) R-HSA-5693567,-3.963066e-01,-1.604007e+00,3.105590e-03,3.521034e-01,9.980000e-01,32/80,23.85%,RAD51C;SPIDR;RAD51D;TOP3A;RTEL1;UIMC1;MUS81;RFC5;UBE2I;POLE3;SLX4;RAD52;RFC2;POLH;PPP4R2;TOPBP1;PIAS4;NSD2;HERC2;BARD1;RFC4;ERCC4;RNF168;SUMO2;POLD3;RAD9A;RAD50;MDC1;RBBP8;RMI2;GEN1;DNA2
prerank,Nicotinamide Salvaging R-HSA-197264,-5.552928e-01,-1.600975e+00,2.840909e-02,3.486134e-01,9.990000e-01,7/16,18.06%,PTGS2;PARP8;NNMT;PARP16;RNLS;PTGIS;PARP6
prerank,Transcriptional Regulation By E2F6 R-HSA-8953750,-4.716875e-01,-1.600205e+00,2.076125e-02,3.392326e-01,9.990000e-01,16/30,28.53%,RBBP4;E2F6;EED;EZH2;RING1;PCGF6;MGA;CDC7;L3MBTL2;RBBP8;EHMT1;EPC1;EHMT2;RNF2;YAF2;TFDP1
prerank,PKA Activation R-HSA-163615,-5.637119e-01,-1.599767e+00,1.861252e-02,3.295791e-01,9.990000e-01,8/16,23.16%,ADCY1;PRKCA;ADCY9;PRKAR2B;ADCY6;NBEA;PRKAR1B;ADCY2
prerank,Visual Phototransduction R-HSA-2187338,3.684515e-01,1.593327e+00,8.042895e-03,1.840803e-01,9.970000e-01,42/67,34.98%,LRP10;AKR1C3;CAMKMT;APOE;AKR1C1;APOM;RBP1;AKR1C4;RDH10;RNF7;LPL;GPC6;RDH11;SDC2;STRA6;PDE6G;PDE6B;SDC3;HSD17B6;RDH12;SDC4;CYP4V2;SLC24A1;RGS9BP;GPC4;LDLR;PLB1;LRP2;APOA1;RBP4;CNGB1;TTR;FNTA;GPC5;DHRS9;SDC1;GPC1;RHO;RETSAT;PRKCQ;GPIHBP1;CLPS
prerank,Defective Pyroptosis R-HSA-9710421,-5.896671e-01,-1.590852e+00,2.852050e-02,3.435985e-01,9.990000e-01,5/13,14.41%,RBBP4;PRIM1;EED;EZH2;DNMT1
prerank,Homology Directed Repair R-HSA-5693538,-3.872308e-01,-1.590242e+00,1.071975e-02,3.352997e-01,9.990000e-01,33/85,23.85%,RAD51C;SPIDR;RAD51D;PARP2;TOP3A;RTEL1;UIMC1;MUS81;RFC5;UBE2I;POLE3;SLX4;RAD52;RFC2;POLH;PPP4R2;TOPBP1;PIAS4;NSD2;HERC2;BARD1;RFC4;ERCC4;RNF168;SUMO2;POLD3;RAD9A;RAD50;MDC1;RBBP8;RMI2;GEN1;DNA2
prerank,Post NMDA Receptor Activation Events R-HSA-438064,-4.172872e-01,-1.585216e+00,1.424051e-02,3.387457e-01,1.000000e+00,23/58,27.36%,ADCY1;GRIN2A;RPS6KA3;CAMK2A;PRKCA;CAMK2G;CAMKK2;CAMKK1;CAMK1;GRIA2;NRGN;PRKAR2B;PRKAR1B;DLG1;PRKAB2;CREB1;GPRIN1;RASGRF1;RASGRF2;PDPK1;CAMK2B;PRKAB1;RPS6KA2
prerank,RHOBTB1 GTPase Cycle R-HSA-9013422,-5.071945e-01,-1.584756e+00,3.056027e-02,3.302579e-01,1.000000e+00,6/23,13.68%,CUL3;ROCK2;RBMX;RBM15;RBBP6;TRA2B
prerank,Apoptotic Factor-Mediated Response R-HSA-111471,5.047990e-01,1.583836e+00,2.352941e-02,1.946352e-01,9.990000e-01,5/18,13.41%,UACA;DIABLO;MAPK3;CASP7;CARD8
prerank,Glycogen Breakdown (Glycogenolysis) R-HSA-70221,5.632385e-01,1.582226e+00,3.964758e-02,1.938995e-01,9.990000e-01,4/13,8.58%,PYGL;PHKB;GYG2;PYGM
prerank,ECM Proteoglycans R-HSA-3000178,4.058146e-01,1.581282e+00,1.063830e-02,1.922617e-01,9.990000e-01,12/43,12.04%,LAMA1;COMP;SPARC;ITGAX;LAMB1;ITGB5;LRP4;COL9A1;VCAN;TNNI3;MATN3;BCAN
prerank,CaMK IV-mediated Phosphorylation Of CREB R-HSA-111932,-6.339209e-01,-1.579547e+00,2.882883e-02,3.353771e-01,1.000000e+00,4/10,7.19%,CAMK2A;CAMK2G;CAMKK2;CAMKK1
prerank,Signaling By FGFR2 IIIa TM R-HSA-8851708,5.011120e-01,1.579451e+00,2.877698e-02,1.919031e-01,9.990000e-01,9/19,20.00%,GTF2F2;NCBP2;POLR2L;POLR2A;FGF1;POLR2I;POLR2J;POLR2G;POLR2F
prerank,GPVI-mediated Activation Cascade R-HSA-114604,4.658783e-01,1.578997e+00,3.073286e-02,1.898303e-01,9.990000e-01,13/25,22.16%,RHOB;RAC2;PLCG2;SYK;PTPN11;FCER1G;CDC42;RNASE1;VAV1;RHOG;RHOA;PDPN;FYN
prerank,Synthesis Of Bile Acids And Bile Salts Via 27-Hydroxycholesterol R-HSA-193807,6.055445e-01,1.577254e+00,5.057471e-02,1.893599e-01,9.990000e-01,5/10,9.03%,AKR1C3;AKR1C1;AKR1C4;RXRA;CYP7B1
prerank,Keratinization R-HSA-6805567,3.422664e-01,1.572802e+00,2.985075e-03,1.924267e-01,9.990000e-01,61/95,36.56%,PERP;KRTAP5-10;LCE1A;KRTAP20-1;KRT85;KRTAP6-3;KRTAP19-8;KRTAP10-12;PI3;KRTAP1-3;KRT19;LCE1D;KRTAP13-4;PKP4;KRTAP20-2;LCE1C;LCE3E;JUP;KRTAP10-3;PRSS8;KRTAP10-11;SPRR1A;KLK14;KRT81;KRT9;KRTAP12-4;KRTAP10-8;KRTAP19-2;KRTAP3-2;KRT78;CDSN;KRTAP23-1;KRTAP4-1;KLK5;KRTAP10-6;IVL;LCE2D;KRT15;KRT8;LIPN;KRTAP19-5;KRTAP10-10;ST14;KRTAP4-11;RCAN1;KRTAP8-1;KRTAP6-1;KRTAP10-2;LCE3A;SPRR2E;KRTAP10-1;KRTAP22-1;KRTAP9-4;KRTAP13-1;KLK12;KLK8;KRT86;KRTAP10-5;KRTAP19-1;KRT31;KRTAP5-11
prerank,Formation Of Fibrin Clot (Clotting Cascade) R-HSA-140877,4.871338e-01,1.569579e+00,2.227723e-02,1.943803e-01,9.990000e-01,12/21,30.06%,TTF2;F2R;THBD;F3;TFPI;PRCP;SERPINE2;GP9;ZNF160;PROCR;VWF;PROS1
prerank,TP53 Regulates Transcription Of Additional Cell Cycle Genes With Uncertain Roles In P53 Pathway R-HSA-6804115,-5.431923e-01,-1.565950e+00,3.515625e-02,3.648378e-01,1.000000e+00,8/19,24.53%,PLK2;CNOT6L;CENPJ;PLAGL1;CNOT8;CNOT3;CNOT2;CNOT10
prerank,"Base-Excision Repair, AP Site Formation R-HSA-73929",-5.556632e-01,-1.564479e+00,4.006969e-02,3.590192e-01,1.000000e+00,7/15,22.73%,NEIL1;ACD;TINF2;NEIL2;TERF2;TDG;OGG1
prerank,NLRP3 Inflammasome R-HSA-844456,5.304392e-01,1.564249e+00,2.449889e-02,1.995435e-01,1.000000e+00,6/15,15.98%,PSTPIP1;HMOX1;CASP1;PYCARD;TXNIP;MEFV
prerank,PKA-mediated Phosphorylation Of CREB R-HSA-111931,-5.351150e-01,-1.562162e+00,3.378378e-02,3.565521e-01,1.000000e+00,9/18,23.16%,ADCY1;PRKCA;ADCY9;PRKAR2B;ADCY6;NBEA;PRKAR1B;CREB1;ADCY2
prerank,Plasma Lipoprotein Clearance R-HSA-8964043,4.439596e-01,1.560237e+00,2.905569e-02,2.022041e-01,1.000000e+00,15/29,30.33%,APOC1;NPC2;APOE;NR1H3;UBA52;AMN;VLDLR;AP2B1;SCARB1;LDLR;LSR;HDLBP;APOA1;PCSK9;LDLRAP1
prerank,Diseases Associated With Glycosaminoglycan Metabolism R-HSA-3560782,4.246137e-01,1.558422e+00,2.518892e-02,2.016829e-01,1.000000e+00,18/34,25.86%,CHST14;B4GALT1;CHST6;GPC6;B4GALT7;VCAN;CHST3;BCAN;SDC2;CSPG4;SLC26A2;SDC3;DCN;SDC4;BGN;GPC4;B3GALT6;NCAN
prerank,Synaptic Adhesion-Like Molecules R-HSA-8849932,-5.145077e-01,-1.557728e+00,2.645503e-02,3.602468e-01,1.000000e+00,9/20,25.85%,GRIN2A;PTPRD;GRIA3;LRFN3;DLG1;LRFN2;GPRIN1;LRFN4;FLOT1
prerank,Transcriptional Activation Of Mitochondrial Biogenesis R-HSA-2151201,-4.267432e-01,-1.554212e+00,1.589825e-02,3.608365e-01,1.000000e+00,25/52,22.96%,MEF2C;SIRT4;PPARGC1B;NR1D1;POLG2;NCOR1;TFAM;CRTC1;HDAC3;SIRT5;LIN9;PPRC1;NCOA6;CREBBP;TFB2M;CRTC3;NCOA1;PPARGC1A;CARM1;MTERF1;HCFC1;NRF1;GDNF;CREB1;ALAS1
prerank,Sulfur Amino Acid Metabolism R-HSA-1614635,4.760787e-01,1.550846e+00,2.093023e-02,2.091256e-01,1.000000e+00,6/21,9.49%,BHMT2;SQOR;MPST;GOLT1A;AHCY;ADI1
prerank,Long-term Potentiation R-HSA-9620244,-5.072405e-01,-1.549178e+00,2.836879e-02,3.663997e-01,1.000000e+00,15/22,39.88%,GRIN2A;CAMK2A;CAMK2G;GRIA2;NRGN;DLG1;GPRIN1;CAMK2B;SRC;ERBB4;GRIA1;GRIN2B;ACTN2;NEFL;CALM1
prerank,Calnexin/calreticulin Cycle R-HSA-901042,4.667600e-01,1.545244e+00,2.816901e-02,2.144508e-01,1.000000e+00,9/24,20.65%,UBA52;DERL2;CALR;SYVN1;GANAB;PDIA3;RNF139;AMFR;SEL1L
prerank,Hemostasis R-HSA-109582,2.753768e-01,1.544914e+00,0.000000e+00,2.121884e-01,1.000000e+00,169/439,26.40%,ITGB2;MANF;ORAI1;ANXA2;SPARC;AK3;GLG1;SLC7A10;RHOB;APBB1IP;RAC2;SYTL4;SELPLG;TTF2;KIF2A;TNFRSF10B;F2R;PLCG2;SERPINA1;ITGAX;CYB5R1;DOCK1;SLC7A7;CD99;GNA12;TIMP3;KLC1;PDE11A;SERPINB8;GUCY1A1;CD84;SLC16A1;LGALS3BP;ITGA1;THBD;RAP1B;P2RX3;TBXA2R;THBS1;LHFPL2;SH2B2;INPP5D;PRKCH;GNG8;GNA13;RARRES2;TLN1;SYK;CAPZA1;PTPN11;DOCK8;GNG4;S100A10;IRF2;FCER1G;DOCK10;PAFAH2;HSPA5;PTGIR;EHD1;MAPK3;CAP1;CDC42;RNASE1;F3;PECAM1;PDE5A;HDAC1;ATP1B2;SLC16A3;P2RY1;CALU;CAPZB;HMG20B;GNG12;PPP2R5A;NRAS;VAV1;SDC2;NANOS1;SLC16A8;PDGFA;SERPINB2;CD44;STXBP3;ITGA5;PDE9A;CD58;APOOL;SERPINB6;SLC7A11;RHOG;TIMP1;CD2;ANGPT2;TF;MYB;JAM3;CD74;SHC1;KIF6;JAML;TOR4A;GYPC;TAGLN2;SDC3;SGPP2;SRGN;ALB;PDGFB;TFPI;DOCK6;KCNMB1;VPREB3;SLC3A2;ENDOD1;YES1;APLP2;ITGA6;PRKCD;CLEC3B;ARRB1;ITPR2;PLAT;GNG7;RHOA;PDPN;MPL;PPBP;P2RY12;MAG;KIF13B;PRCP;CD63;ITGAM;KIF20A;RASGRP2;LAMP2;SDC4;FYN;DOCK5;SERPINA3;SERPINE2;CHID1;GP9;VEGFC;FN1;SELENOP;DGKH;ZNF160;ATP2B4;CD109;GNG11;EPCAM;KIF19;ANXA5;SRI;HRAS;HBG1;VEGFB;TEK;QSOX1;VPREB1;ABHD12;DOCK7;GNB2;DOCK9;FGR;ORAI2
prerank,Activation Of NMDA Receptors And Postsynaptic Events R-HSA-442755,-3.944481e-01,-1.541578e+00,1.892744e-02,3.793191e-01,1.000000e+00,28/70,27.36%,ADCY1;GRIN2A;RPS6KA3;CAMK2A;PRKCA;CAMK2G;CAMKK2;CAMKK1;CAMK1;GRIA2;NRGN;GRIA3;LIN7A;PRKAR2B;NBEA;PRKAR1B;DLG1;PRKAB2;CREB1;LIN7C;GPRIN1;RASGRF1;RASGRF2;PDPK1;PPM1F;CAMK2B;PRKAB1;RPS6KA2
prerank,Sphingolipid Metabolism R-HSA-428157,3.573759e-01,1.541247e+00,5.167959e-03,2.145709e-01,1.000000e+00,28/75,21.50%,SGMS1;SPTSSA;GALC;SUMF1;PLPP3;ARSA;ASAH1;CERS2;ARSF;KDSR;GLTP;ALDH3A2;CERS1;ORMDL2;SGPP2;CPTP;UGT8;GLB1L;DEGS1;SPTLC2;PLPP2;ARSD;ALDH3B1;B3GALNT1;PRKD3;SPTLC1;GM2A;ORMDL3
prerank,Disorders Of Developmental Biology R-HSA-9675151,-5.922921e-01,-1.541140e+00,4.982818e-02,3.718966e-01,1.000000e+00,4/12,11.81%,PRKCA;NCOR2;NCOR1;HDAC3
prerank,Nucleotide-like (Purinergic) Receptors R-HSA-418038,6.071447e-01,1.540733e+00,4.824561e-02,2.126366e-01,1.000000e+00,9/10,38.03%,P2RY13;LPAR6;P2RY1;P2RY12;GPR17;P2RY4;ADORA2B;P2RY14;P2RY6
prerank,Integrin Cell Surface Interactions R-HSA-216083,3.836928e-01,1.539492e+00,1.005025e-02,2.119211e-01,1.000000e+00,17/50,14.67%,ITGB7;ITGB2;COMP;ITGAX;ICAM3;ITGB5;ITGA1;ITGB8;THBS1;PECAM1;COL9A1;TNNI3;CD44;COL4A4;ITGA5;COL18A1;JAM3
prerank,Interleukin-35 Signaling R-HSA-8984722,-5.982647e-01,-1.538734e+00,4.561404e-02,3.703039e-01,1.000000e+00,5/11,27.86%,STAT4;IL27RA;JAK2;IL12RB2;TYK2
prerank,PRC2 Methylates Histones And DNA R-HSA-212300,-5.539643e-01,-1.535239e+00,4.220183e-02,3.713689e-01,1.000000e+00,5/13,14.77%,RBBP4;EED;EZH2;DNMT1;MTF2
prerank,DAP12 Interactions R-HSA-2172127,4.290210e-01,1.535005e+00,3.473945e-02,2.162983e-01,1.000000e+00,16/30,24.68%,KLRC2;TYROBP;PLCG2;NCR2;SYK;RNASE1;NRAS;SHC1;B2M;FYN;TREM2;HLA-E;HLA-C;SIGLEC15;CD300LB;HRAS
prerank,Resolution Of D-Loop Structures R-HSA-5693537,-4.747071e-01,-1.533514e+00,3.832753e-02,3.680094e-01,1.000000e+00,13/26,23.85%,RAD51C;SPIDR;RAD51D;TOP3A;RTEL1;MUS81;SLX4;BARD1;RAD50;RBBP8;RMI2;GEN1;DNA2
prerank,RAB Geranylgeranylation R-HSA-8873719,3.744324e-01,1.533342e+00,0.000000e+00,2.161281e-01,1.000000e+00,17/53,13.51%,RAB34;RAB31;RAB33B;RAB29;RAB13;RAB10;RAB4A;RAB8B;PTP4A2;RAB3C;RAB39B;RAB39A;RAB3D;RAB22A;RAB8A;RAB21;RAB11A
prerank,N-glycan Trimming In ER And Calnexin/Calreticulin Cycle R-HSA-532668,4.216582e-01,1.532575e+00,3.125000e-02,2.146868e-01,1.000000e+00,12/33,20.65%,UBA52;DERL2;MLEC;CALR;SYVN1;GANAB;PDIA3;DERL1;RNF139;AMFR;ENGASE;SEL1L
prerank,Regulation Of PTEN mRNA Translation R-HSA-8943723,-6.084018e-01,-1.528734e+00,4.448399e-02,3.736669e-01,1.000000e+00,3/11,4.68%,VAPA;AGO1;CNOT6L
prerank,Biosynthesis Of Specialized Proresolving Mediators (SPMs) R-HSA-9018678,5.606271e-01,1.525969e+00,4.585153e-02,2.213713e-01,1.000000e+00,5/12,5.64%,EPHX2;HPGD;ALOX5;LTC4S;ALOX5AP
prerank,Neurexins And Neuroligins R-HSA-6794361,-3.981377e-01,-1.521483e+00,2.503912e-02,3.868347e-01,1.000000e+00,24/56,26.78%,DLGAP1;STXBP1;GRIN2A;SYT12;EPB41L5;DLGAP2;LRRTM4;SHANK1;APBA2;SHANK2;LRRTM3;EPB41L1;SIPA1L1;LIN7A;SYT7;STX1A;NRXN1;LIN7C;GPRIN1;HOMER1;EPB41;DLGAP4;NRXN3;SYT1
prerank,Glycogen Metabolism R-HSA-8982491,4.647397e-01,1.517231e+00,3.990610e-02,2.314416e-01,1.000000e+00,8/22,18.33%,PYGL;PHKB;GYG2;UBA52;PYGM;PPP1R3C;GBE1;PHKA1
prerank,Dopamine Neurotransmitter Release Cycle R-HSA-212676,-4.908415e-01,-1.516147e+00,3.030303e-02,3.947980e-01,1.000000e+00,11/23,22.07%,STXBP1;UNC13B;SNAP25;PPFIA4;SYN3;CPLX1;PPFIA2;SYN1;LIN7A;STX1A;LIN7C
prerank,Competing Endogenous RNAs (ceRNAs) Regulate PTEN Translation R-HSA-8948700,-6.163386e-01,-1.516071e+00,5.226481e-02,3.872904e-01,1.000000e+00,3/10,4.68%,VAPA;AGO1;CNOT6L
prerank,TP53 Regulates Transcription Of Additional Cell Death Genes With Uncertain Roles In P53-Dependent Apoptosis R-HSA-6803205,5.841739e-01,1.512456e+00,5.393258e-02,2.365660e-01,1.000000e+00,3/10,7.77%,TP53I3;PERP;TP53BP2
prerank,Activation Of Matrix Metalloproteinases R-HSA-1592389,4.693338e-01,1.511780e+00,5.092593e-02,2.352366e-01,1.000000e+00,9/21,17.94%,MMP28;TIMP2;MMP9;SPOCK3;MMP14;COL18A1;TIMP1;PRSS58;CTRB1
prerank,SUMO E3 Ligases SUMOylate Target Proteins R-HSA-3108232,-3.394823e-01,-1.509708e+00,2.958580e-03,3.973593e-01,1.000000e+00,55/146,26.47%,HDAC4;SATB2;SATB1;PIAS2;NR3C2;NUP98;ZNF131;NCOR2;ING3;THRB;UBE2I;RAD52;NUP155;SMC1A;NR3C1;NR2C1;RING1;TOP2B;SEH1L;PIAS1;NRIP1;DNMT1;EP300;CREBBP;SUMO1;PIAS4;NUP85;HERC2;NUP54;NUP153;IKBKG;DAXX;NCOA1;PPARGC1A;SAFB;TRIM28;NUP62;TOP1;L3MBTL2;RNF168;SUMO2;VHL;SMC6;TDG;MDC1;PHC2;CASP8AP2;CHD3;RARA;RANBP2;PARK7;RNF2;NUP35;NR4A2;MBD1
prerank,Chondroitin Sulfate/Dermatan Sulfate Metabolism R-HSA-1793185,3.783428e-01,1.506668e+00,1.351351e-02,2.406292e-01,1.000000e+00,21/47,23.96%,DSEL;CHST14;CHST11;DSE;GPC6;B4GALT7;VCAN;CHST3;BCAN;SDC2;CSPG4;CHST7;SDC3;B3GAT2;DCN;SDC4;CHPF2;CHST9;BGN;GPC4;B3GALT6
prerank,Ribosomal Scanning And Start Codon Recognition R-HSA-72702,-3.974520e-01,-1.505290e+00,2.053712e-02,4.035982e-01,1.000000e+00,28/55,38.37%,EIF4A2;EIF5;EIF1AX;EIF3E;RPS7;RPS21;RPSA;EIF3L;RPS25;RPS4Y1;EIF4B;RPS3;RPS13;RPS29;RPS9;EIF4H;RPS5;RPS27A;RPS24;RPS3A;EIF2S3;EIF3D;RPS12;RPS15A;RPS14;EIF2S1;RPS17;RPS16
prerank,Integration Of Energy Metabolism R-HSA-163685,-3.630645e-01,-1.505079e+00,5.952381e-03,3.967542e-01,1.000000e+00,29/91,21.28%,STXBP1;ABCC8;ADCY1;KCNB1;PRKCA;ITPR1;SNAP25;ADRA2A;PLCB1;CACNA1C;MLXIPL;KCNS3;CACNA1A;CACNA1D;GNB3;ADCY9;KCNJ11;PRKAR2B;CACNB3;CHRM3;GNAS;ADCY6;PRKAR1B;GNB5;STX1A;GNA11;GNAI1;PPP2R5D;PRKAB2
prerank,FGFR1 Mutant Receptor Activation R-HSA-1839124,-4.695489e-01,-1.504666e+00,4.452055e-02,3.904837e-01,1.000000e+00,9/24,16.84%,FGF17;PIK3R1;LRRFIP1;FGF9;CUX1;ZMYM2;CNTRL;FGFR1OP2;GRB2
prerank,SUMOylation Of Ubiquitinylation Proteins R-HSA-3232142,-4.427298e-01,-1.503112e+00,3.801653e-02,3.876418e-01,1.000000e+00,19/36,30.97%,PIAS2;NUP98;UBE2I;NUP155;SEH1L;PIAS1;SUMO1;PIAS4;NUP85;NUP54;NUP153;NUP62;VHL;RANBP2;NUP35;NUP214;AAAS;NUP58;NUP43
prerank,SUMOylation Of DNA Methylation Proteins R-HSA-4655427,-5.429504e-01,-1.501732e+00,5.981308e-02,3.843624e-01,1.000000e+00,10/14,40.02%,UBE2I;RING1;DNMT1;SUMO1;PHC2;RNF2;DNMT3A;DNMT3B;PHC3;PHC1
prerank,Post-chaperonin Tubulin Folding Pathway R-HSA-389977,4.688020e-01,1.499570e+00,4.651163e-02,2.487864e-01,1.000000e+00,8/21,20.42%,TUBB2B;TUBB3;TUBA1C;TBCB;TBCA;TUBB4B;TUBB4A;TUBB6
prerank,LGI-ADAM Interactions R-HSA-5682910,-5.644255e-01,-1.493866e+00,4.240283e-02,3.994230e-01,1.000000e+00,6/13,12.56%,STX1B;CACNG2;CACNG8;LGI2;ADAM11;ADAM22
prerank,Regulation Of IFNA/IFNB Signaling R-HSA-912694,5.738987e-01,1.492603e+00,5.656109e-02,2.579044e-01,1.000000e+00,3/10,7.82%,SOCS1;USP18;PTPN11
prerank,Gene And Protein Expression By JAK-STAT Signaling After Interleukin-12 Stimulation R-HSA-8950505,4.137994e-01,1.490794e+00,4.433498e-02,2.581642e-01,1.000000e+00,10/28,16.43%,ANXA2;RALA;RAP1B;HSPA9;CAPZA1;CNN2;CDC42;MSN;SERPINB2;PSME2
prerank,Deadenylation Of mRNA R-HSA-429947,-4.848064e-01,-1.488628e+00,5.147059e-02,4.076448e-01,1.000000e+00,8/21,24.53%,CNOT6L;EIF4A2;PAIP1;CNOT8;CNOT3;EIF4B;CNOT2;CNOT10
prerank,Non-integrin membrane-ECM Interactions R-HSA-3000171,3.992457e-01,1.484356e+00,4.812834e-02,2.657828e-01,1.000000e+00,15/37,19.66%,LAMA1;LAMB1;ITGB5;DDR1;THBS1;ITGB4;DDR2;TNNI3;SDC2;PDGFA;SDC3;PDGFB;CASK;ITGA6;LAMC2
prerank,Signaling By Cytosolic FGFR1 Fusion Mutants R-HSA-1839117,-5.176888e-01,-1.482348e+00,5.996473e-02,4.191221e-01,1.000000e+00,7/16,16.84%,PIK3R1;LRRFIP1;CUX1;ZMYM2;CNTRL;FGFR1OP2;GRB2
prerank,Regulation Of Cholesterol Biosynthesis By SREBP (SREBF) R-HSA-1655829,3.584373e-01,1.481472e+00,1.420455e-02,2.676009e-01,1.000000e+00,22/54,24.48%,PPARA;SQLE;SREBF1;KPNB1;TM7SF2;RXRA;CYP51A1;GPAM;DHCR7;SMARCD3;PMVK;HELZ2;HMGCS1;SCD;PKMYT1;IDI1;SC5D;GGPS1;INSIG1;FDPS;ACACB;MVK
prerank,HDMs Demethylate Histones R-HSA-3214842,-4.878265e-01,-1.478772e+00,5.841924e-02,4.228615e-01,1.000000e+00,9/22,20.85%,KDM1A;KDM4A;KDM2B;KDM5C;KDM4C;KDM5D;ARID5B;KDM7A;JMJD6
prerank,SUMOylation R-HSA-2990846,-3.329257e-01,-1.478474e+00,6.033183e-03,4.169190e-01,1.000000e+00,58/152,26.47%,HDAC4;SATB2;SATB1;PIAS2;NR3C2;NUP98;ZNF131;NCOR2;ING3;THRB;UBE2I;RAD52;NUP155;SMC1A;NR3C1;NR2C1;RING1;TOP2B;SEH1L;PIAS1;NRIP1;DNMT1;EP300;CREBBP;SUMO1;PIAS4;NUP85;HERC2;NUP54;NUP153;IKBKG;SAE1;DAXX;NCOA1;PPARGC1A;SAFB;TRIM28;NUP62;SENP1;TOP1;L3MBTL2;RNF168;SUMO2;UBA2;VHL;SMC6;TDG;MDC1;PHC2;CASP8AP2;CHD3;RARA;RANBP2;PARK7;RNF2;NUP35;NR4A2;MBD1
prerank,SUMOylation Of Intracellular Receptors R-HSA-4090294,-4.839791e-01,-1.478028e+00,6.434783e-02,4.114758e-01,1.000000e+00,10/22,15.79%,HDAC4;PIAS2;NR3C2;THRB;UBE2I;NR3C1;NR2C1;PIAS1;SUMO1;PIAS4
prerank,Defective CFTR Causes Cystic Fibrosis R-HSA-5678895,3.614187e-01,1.476746e+00,3.641457e-02,2.729353e-01,1.000000e+00,22/57,27.90%,PSMB10;SEM1;DERL3;ERLIN2;UBA52;PSMB1;DERL2;PSME1;PSMB9;PSMD10;PSMB2;DERL1;PSME2;PSMD5;SEL1L;PSMA3;PSMB4;PSMA7;PSMD8;PSMB8;VCP;PSMC1
prerank,NOTCH2 Activation And Transmission Of Signal To Nucleus R-HSA-2979096,4.486530e-01,1.474440e+00,6.074766e-02,2.742485e-01,1.000000e+00,6/20,8.85%,PSEN2;APH1B;NCSTN;UBA52;NOTCH2;PSENEN
prerank,RND1 GTPase Cycle R-HSA-9696273,-4.194322e-01,-1.474092e+00,2.975207e-02,4.164749e-01,1.000000e+00,10/36,12.20%,RND1;PIK3R1;FAM135A;PLEKHG5;RASAL2;KIDINS220;PIK3R2;RBMX;LEMD3;ANKRD26
prerank,Presynaptic Phase Of Homologous DNA Pairing And Strand Exchange R-HSA-5693616,-4.380287e-01,-1.473557e+00,3.839442e-02,4.113499e-01,1.000000e+00,13/31,23.85%,RAD51C;RAD51D;TOP3A;RFC5;RFC2;TOPBP1;BARD1;RFC4;RAD9A;RAD50;RBBP8;RMI2;DNA2
prerank,Synthesis Of Bile Acids And Bile Salts Via 24-Hydroxycholesterol R-HSA-193775,5.648217e-01,1.473040e+00,8.008658e-02,2.739261e-01,1.000000e+00,6/10,24.49%,AKR1C3;AKR1C1;AKR1C4;SLC27A5;HSD3B7;CYP27A1
prerank,Impaired BRCA2 Binding To PALB2 R-HSA-9709603,-5.099561e-01,-1.472397e+00,7.207207e-02,4.085451e-01,1.000000e+00,10/17,29.60%,RAD51C;RAD51D;TOP3A;BARD1;RAD50;RBBP8;RMI2;DNA2;PALB2;KAT5
prerank,Aflatoxin Activation And Detoxification R-HSA-5423646,4.935264e-01,1.471498e+00,7.852194e-02,2.740084e-01,1.000000e+00,8/15,23.00%,MGST1;AKR7A3;AKR7A2;ACY3;AKR7L;DPEP3;CYP3A5;GGT5
prerank,Depolymerisation Of Nuclear Lamina R-HSA-4419969,-5.549705e-01,-1.470982e+00,7.345576e-02,4.062302e-01,1.000000e+00,5/13,14.16%,PRKCA;PRKCB;LEMD3;CNEP1R1;TMPO
prerank,Transport Of Mature Transcript To Cytoplasm R-HSA-72202,-3.645446e-01,-1.470302e+00,2.409639e-02,4.020572e-01,1.000000e+00,39/75,34.19%,WDR33;NUP98;CPSF1;SRSF11;THOC5;GLE1;NUP155;SLU7;SEH1L;POLDIP3;SRSF4;NUP85;NUP54;NUP153;U2AF1L4;NXF1;NUP62;SRSF2;SRSF1;MAGOHB;THOC7;RANBP2;SLBP;NUP35;MAGOH;SRSF7;RNPS1;U2AF2;NUP214;AAAS;SRSF5;NUP58;ALYREF;NUP43;UPF3B;CHTOP;SRRM1;NUP210;DHX38
prerank,Erythropoietin Activates Phosphoinositide-3-kinase (PI3K) R-HSA-9027276,-5.876094e-01,-1.465681e+00,6.617647e-02,4.095793e-01,1.000000e+00,7/10,35.18%,PIK3R1;CLSTN1;JAK2;PIK3CA;PIK3CB;EPOR;PIGU
prerank,"Glutamate Binding, Activation Of AMPA Receptors And Synaptic Plasticity R-HSA-399721",-4.517088e-01,-1.465015e+00,3.242321e-02,4.057329e-01,1.000000e+00,10/29,14.46%,CAMK2A;CACNG2;PRKCA;CACNG8;PRKCB;CAMK2G;GRIA2;EPB41L1;GRIA3;TSPAN7
prerank,Synthesis Of Leukotrienes (LT) And Eoxins (EX) R-HSA-2142691,5.267598e-01,1.464743e+00,7.586207e-02,2.823171e-01,1.000000e+00,7/13,23.00%,ALOX5;LTC4S;ALOX5AP;MAPKAPK2;CYP4F8;DPEP3;GGT5
prerank,Diseases Of DNA Repair R-HSA-9675135,-4.099894e-01,-1.463213e+00,3.281520e-02,4.049896e-01,1.000000e+00,18/41,27.12%,RAD51C;RAD51D;NEIL1;TOP3A;RFC5;RFC2;TOPBP1;BARD1;RFC4;RAD9A;RAD50;RBBP8;OGG1;RMI2;PMS2;DNA2;MSH2;PALB2
prerank,Transmission Across Chemical Synapses R-HSA-112315,-3.157339e-01,-1.461963e+00,4.043127e-03,4.029320e-01,1.000000e+00,77/211,26.78%,STXBP1;KCNJ3;ADCY1;KCNJ6;GABRB2;GRIN2A;RPS6KA3;CAMK2A;CACNG2;GLS2;PRKCA;CACNG8;PRKCB;UNC13B;SNAP25;CAMK2G;GLRB;PLCB1;CACNA2D3;GABRG3;KCNJ9;PPFIA4;CAMKK2;NCALD;CACNA1A;GABRG2;CAMKK1;SLC17A7;SYN3;GNB3;CACNB4;ADCY9;CPLX1;PPFIA2;CAMK1;GRIA2;SH2D3C;NRGN;SYN1;NAAA;CACNA1B;GABRA1;KCNJ4;EPB41L1;GRIA3;TSPAN7;NPTN;CACNB1;LIN7A;PRKAR2B;CACNB3;ADCY6;NBEA;ARHGEF9;PRKAR1B;GNB5;STX1A;GNAI1;DLG1;CACNA2D1;PRKAB2;CREB1;LIN7C;GPRIN1;RASGRF1;ADCY2;AP2A2;AKAP5;GNB1;RASGRF2;PICK1;PDPK1;PPM1F;CAMK2B;SLC38A2;PRKAB1;SYT1
prerank,Activation Of ATR In Response To Replication Stress R-HSA-176187,-4.546726e-01,-1.461234e+00,6.871609e-02,3.994280e-01,1.000000e+00,10/26,19.75%,ORC4;RFC5;RFC2;MCM6;MCM4;MCM8;RFC4;CDC7;CDC6;RAD9A
prerank,SEMA3A-Plexin Repulsion Signaling By Inhibiting Integrin Adhesion R-HSA-399955,-5.422050e-01,-1.457063e+00,5.087719e-02,4.050637e-01,1.000000e+00,5/14,7.25%,RND1;PLXNA4;PIP5K1C;FES;PLXNA2
prerank,RORA Activates Gene Expression R-HSA-1368082,4.602034e-01,1.456665e+00,4.186047e-02,2.937785e-01,1.000000e+00,6/18,10.53%,PPARA;CPT1A;SREBF1;RXRA;SMARCD3;HELZ2
prerank,Receptor-type Tyrosine-Protein Phosphatases R-HSA-388844,-4.846739e-01,-1.456583e+00,5.759162e-02,4.009556e-01,1.000000e+00,9/20,19.77%,SLITRK4;SLITRK5;PPFIA4;PTPRD;PPFIA2;SLITRK1;SLITRK3;NTRK3;IL1RAP
prerank,Synthesis Of Very Long-Chain Fatty acyl-CoAs R-HSA-75876,4.589371e-01,1.455809e+00,6.858407e-02,2.924923e-01,1.000000e+00,11/20,26.82%,ACSL4;ACSBG1;HACD1;HACD4;ELOVL2;ELOVL5;HACD3;TECR;ELOVL1;SLC27A3;ACSL1
prerank,Neurotoxicity Of Clostridium Toxins R-HSA-168799,-5.853665e-01,-1.455784e+00,6.595365e-02,3.978732e-01,1.000000e+00,7/10,27.92%,STX1B;SNAP25;SV2B;SV2A;STX1A;SYT1;VAMP1
prerank,Detoxification Of Reactive Oxygen Species R-HSA-3299685,4.243507e-01,1.454875e+00,5.072464e-02,2.913268e-01,1.000000e+00,12/25,29.96%,CYBB;CYBA;ATP7A;GSTP1;ATOX1;TXNRD1;PRDX1;ERO1A;GSR;GPX3;GPX5;CCS
prerank,Metabolism Of Steroids R-HSA-8957322,3.068787e-01,1.454398e+00,6.289308e-03,2.894139e-01,1.000000e+00,50/120,24.49%,AKR1C3;PPARA;AKR1C1;SQLE;CYP11A1;FABP6;STARD3NL;ACOX2;SREBF1;LBR;TSPO;AKR1C4;KPNB1;SERPINA6;STARD4;PLPP6;TM7SF2;RXRA;CYP51A1;GPAM;CYP7B1;DHCR7;SMARCD3;OSBPL2;PMVK;HELZ2;HSD17B14;CYP11B1;ALB;CYP17A1;SLC27A5;HMGCS1;SLCO1A2;SH3D19;SCD;PKMYT1;ACOT8;IDI1;OSBPL9;HSD3B7;SC5D;DHCR24;GGPS1;INSIG1;FDPS;NSDHL;LHB;ACACB;MVK;CYP27A1
prerank,ABC Transporter Disorders R-HSA-5619084,3.407365e-01,1.452224e+00,3.151862e-02,2.908924e-01,1.000000e+00,27/68,28.02%,PSMB10;ABCB6;SEM1;DERL3;ABCC6;ERLIN2;UBA52;PSMB1;ABCG8;ABCA1;DERL2;PSME1;PSMB9;PSMD10;PSMB2;DERL1;PSME2;PSMD5;SEL1L;PSMA3;PSMB4;PSMA7;PSMD8;PSMB8;VCP;PSMC1;APOA1
prerank,Transport Of Mature mRNA Derived From An Intron-Containing Transcript R-HSA-159236,-3.716170e-01,-1.451961e+00,2.891933e-02,4.032764e-01,1.000000e+00,36/66,34.19%,NUP98;SRSF11;THOC5;GLE1;NUP155;SLU7;SEH1L;POLDIP3;SRSF4;NUP85;NUP54;NUP153;U2AF1L4;NXF1;NUP62;SRSF2;SRSF1;MAGOHB;THOC7;RANBP2;NUP35;MAGOH;SRSF7;RNPS1;U2AF2;NUP214;AAAS;SRSF5;NUP58;ALYREF;NUP43;UPF3B;CHTOP;SRRM1;NUP210;DHX38
prerank,"Sensory Perception Of Sweet, Bitter, And Umami (Glutamate) Taste R-HSA-9717207",-4.459611e-01,-1.451231e+00,6.040268e-02,3.999490e-01,1.000000e+00,13/28,24.50%,TAS2R14;TAS2R10;GNB3;TAS2R4;SCN1B;SCN4B;SCN2B;TAS2R31;TAS2R5;TAS2R13;SCN2A;CALHM1;GNB1
prerank,WNT5A-dependent Internalization Of FZD4 R-HSA-5099900,-5.167547e-01,-1.451022e+00,7.282416e-02,3.954138e-01,1.000000e+00,8/15,23.42%,PRKCA;PRKCB;CLTA;FZD4;DVL2;ARRB2;AP2A2;CLTB
prerank,Post-translational Protein Phosphorylation R-HSA-8957275,3.295819e-01,1.448837e+00,1.510574e-02,2.940861e-01,1.000000e+00,23/79,15.97%,FUCA2;APOE;C3;HSP90B1;MXRA8;SERPINA1;LAMB1;DNAJC3;PRSS23;SCG2;VWA1;CST3;VCAN;TNNI3;CALU;MATN3;RCN1;SDC2;WFS1;TIMP1;TF;SGPP2;ALB
prerank,Gastrulation R-HSA-9758941,5.279042e-01,1.447813e+00,7.625272e-02,2.930874e-01,1.000000e+00,4/12,9.73%,TBXT;SOX2;MIXL1;LEF1
prerank,Translation Initiation Complex Formation R-HSA-72649,-3.842436e-01,-1.447538e+00,3.064516e-02,3.996777e-01,1.000000e+00,27/55,38.37%,EIF4A2;EIF1AX;EIF3E;RPS7;RPS21;RPSA;EIF3L;RPS25;RPS4Y1;EIF4B;RPS3;RPS13;RPS29;RPS9;EIF4H;RPS5;RPS27A;RPS24;RPS3A;EIF2S3;EIF3D;RPS12;RPS15A;RPS14;EIF2S1;RPS17;RPS16
prerank,Aspirin ADME R-HSA-9749641,5.404058e-01,1.445884e+00,9.691630e-02,2.937952e-01,1.000000e+00,8/12,23.32%,BCHE;SLCO2B1;ACSM5;SLC16A1;ALB;UGT2B10;SLC22A7;CES1
prerank,Inflammasomes R-HSA-622312,4.752715e-01,1.445628e+00,6.756757e-02,2.915405e-01,1.000000e+00,6/18,15.98%,PSTPIP1;HMOX1;CASP1;PYCARD;TXNIP;MEFV
prerank,Maturation Of Nucleoprotein R-HSA-9683610,-5.593902e-01,-1.444153e+00,8.653846e-02,4.042248e-01,1.000000e+00,7/11,20.05%,PARP8;PARP16;UBE2I;GSK3B;SUMO1;PARP6;GSK3A
prerank,Syndecan Interactions R-HSA-3000170,4.712894e-01,1.443963e+00,6.030151e-02,2.914433e-01,1.000000e+00,9/17,22.04%,ITGB5;THBS1;ITGB4;TNNI3;SDC2;SDC3;CASK;ITGA6;SDC4
prerank,Sensory Perception Of Taste R-HSA-9717189,-4.316733e-01,-1.440932e+00,5.237316e-02,4.081321e-01,1.000000e+00,14/31,24.50%,TAS2R14;TAS2R10;GNB3;TAS2R4;SCN1B;SCN4B;SCN2B;TAS2R31;TAS2R5;TAS2R13;SCN2A;SCNN1D;CALHM1;GNB1
prerank,Beta Defensins R-HSA-1461957,5.568353e-01,1.440468e+00,9.048724e-02,2.951096e-01,1.000000e+00,8/10,24.07%,DEFB123;TLR1;DEFB132;DEFB124;DEFB115;DEFB135;DEFB1;TLR2
prerank,Neurotransmitter Release Cycle R-HSA-112310,-4.034266e-01,-1.439907e+00,3.680000e-02,4.060122e-01,1.000000e+00,12/45,12.92%,STXBP1;GLS2;UNC13B;SNAP25;PPFIA4;SLC17A7;SYN3;CPLX1;PPFIA2;SH2D3C;SYN1;NAAA
prerank,Phase 0 - Rapid Depolarisation R-HSA-5576892,-4.414877e-01,-1.438667e+00,4.485050e-02,4.043883e-01,1.000000e+00,16/28,26.25%,CAMK2A;CACNG8;FGF14;CAMK2G;CACNG7;SCN8A;CACNA1C;FGF12;CACNB1;SCN1B;SCN4B;SCN1A;SCN2B;SCN2A;CACNG6;CAMK2B
prerank,Resolution Of D-loop Structures Thru Holliday Junction Intermediates R-HSA-5693568,-4.526203e-01,-1.438484e+00,6.382979e-02,4.002212e-01,1.000000e+00,12/25,23.85%,RAD51C;SPIDR;RAD51D;TOP3A;MUS81;SLX4;BARD1;RAD50;RBBP8;RMI2;GEN1;DNA2
prerank,HCMV Infection R-HSA-9609646,-3.546433e-01,-1.438402e+00,2.571861e-02,3.958641e-01,1.000000e+00,36/87,30.97%,RBBP4;PCSK1;NUP98;NCOR2;NCOR1;IRS1;TARBP1;EED;NUP155;HDAC3;EZH2;SEH1L;PCSK2;NUP85;NUP54;NUP153;DAXX;VPS36;TRIM28;NUP62;CREB1;RANBP2;CHMP6;NFKB1;NUP35;TRMU;VPS37A;VPS28;VPS4A;VPS25;CHMP4B;NUP214;VPS37B;AAAS;NUP58;NUP43
prerank,DNA Double-Strand Break Repair R-HSA-5693532,-3.337269e-01,-1.438399e+00,1.975684e-02,3.913140e-01,1.000000e+00,37/114,20.92%,RAD51C;SPIDR;RAD51D;PARP2;KDM4A;TOP3A;RTEL1;PAXIP1;UIMC1;MUS81;RFC5;UBE2I;POLE3;EYA3;SLX4;RAD52;RFC2;POLH;PPP4R2;TOPBP1;SUMO1;PIAS4;NSD2;HERC2;BARD1;RFC4;MAPK8;ERCC4;TDP2;EYA4;RNF168;SUMO2;POLD3;RAD9A;RAD50;MDC1;RBBP8
prerank,CREB1 Phosphorylation Thru Activation Of Adenylate Cyclase R-HSA-442720,-5.594614e-01,-1.437804e+00,9.482759e-02,3.883652e-01,1.000000e+00,5/11,21.74%,ADCY1;PRKCA;PRKAR2B;PRKAR1B;CREB1
prerank,Lysine Catabolism R-HSA-71064,5.344485e-01,1.437731e+00,1.136891e-01,2.973906e-01,1.000000e+00,6/11,22.02%,LDHD;PIPOX;AASS;GCDH;PHYKPL;ALDH7A1
prerank,HCMV Early Events R-HSA-9609690,-3.708721e-01,-1.437709e+00,2.615385e-02,3.842787e-01,1.000000e+00,18/63,18.41%,RBBP4;PCSK1;NUP98;NCOR2;NCOR1;IRS1;EED;NUP155;HDAC3;EZH2;SEH1L;PCSK2;NUP85;NUP54;NUP153;DAXX;TRIM28;NUP62
prerank,Signaling By NOTCH3 R-HSA-9012852,3.635660e-01,1.437709e+00,3.100775e-02,2.947807e-01,1.000000e+00,10/43,8.85%,KAT2B;HEYL;PSEN2;APH1B;HEY2;NCSTN;MAML2;WWC1;UBA52;PSENEN
prerank,HDR Thru Single Strand Annealing (SSA) R-HSA-5685938,-4.213296e-01,-1.436757e+00,4.841402e-02,3.822769e-01,1.000000e+00,13/32,23.85%,TOP3A;RFC5;RAD52;RFC2;TOPBP1;BARD1;RFC4;ERCC4;RAD9A;RAD50;RBBP8;RMI2;DNA2
prerank,Dissolution Of Fibrin Clot R-HSA-75205,5.564249e-01,1.436717e+00,9.333333e-02,2.939561e-01,1.000000e+00,7/10,22.43%,ANXA2;SERPINB8;S100A10;SERPINB2;SERPINB6;PLAT;SERPINE2
prerank,Oxygen-dependent Proline Hydroxylation Of Hypoxia-inducible Factor Alpha R-HSA-1234176,3.438727e-01,1.436630e+00,3.601108e-02,2.915285e-01,1.000000e+00,23/60,27.90%,PSMB10;SEM1;HIF3A;UBA52;PSMB1;EGLN3;PSME1;PSMB9;PSMD10;WTIP;EGLN1;HIF1A;PSMB2;PSME2;PSMD5;ELOB;PSMA3;PSMB4;EPAS1;PSMA7;PSMD8;PSMB8;PSMC1
prerank,Defective Homologous Recombination Repair (HRR) Due To BRCA2 Loss Of Function R-HSA-9701190,-4.229494e-01,-1.436347e+00,5.199307e-02,3.790294e-01,1.000000e+00,13/32,23.85%,RAD51C;RAD51D;TOP3A;RFC5;RFC2;TOPBP1;BARD1;RFC4;RAD9A;RAD50;RBBP8;RMI2;DNA2
prerank,RHO GTPases Activate ROCKs R-HSA-5627117,4.642337e-01,1.436302e+00,6.067416e-02,2.895568e-01,1.000000e+00,5/19,5.11%,PKN1;RHOB;RHOC;LIMK2;MYL6
prerank,Sphingolipid De Novo Biosynthesis R-HSA-1660661,3.867543e-01,1.432252e+00,4.500000e-02,2.937250e-01,1.000000e+00,16/38,21.50%,SGMS1;SPTSSA;PLPP3;CERS2;KDSR;ALDH3A2;CERS1;ORMDL2;SGPP2;DEGS1;SPTLC2;PLPP2;ALDH3B1;PRKD3;SPTLC1;ORMDL3
prerank,Meiosis R-HSA-1500620,-3.999122e-01,-1.431847e+00,3.674121e-02,3.861970e-01,1.000000e+00,11/42,13.03%,RAD51C;DIDO1;SUN1;TOP3A;UBE2I;ACD;SYCP2;SYCE1;TINF2;SMC1A;SYNE1
prerank,Lysosphingolipid And LPA Receptors R-HSA-419408,5.082012e-01,1.430698e+00,8.883827e-02,2.940960e-01,1.000000e+00,8/12,30.95%,S1PR1;S1PR4;PLPPR1;S1PR5;PLPPR3;LPAR1;S1PR2;PLPPR2
prerank,Biosynthesis Of DHA-derived SPMs R-HSA-9018677,5.570760e-01,1.429164e+00,1.091703e-01,2.943469e-01,1.000000e+00,4/10,4.68%,EPHX2;HPGD;ALOX5;LTC4S
prerank,Synthesis Of PC R-HSA-1483191,4.229841e-01,1.428981e+00,5.647059e-02,2.921608e-01,1.000000e+00,12/25,29.83%,BCHE;ACHE;SLC44A2;PEMT;SLC44A1;LPIN3;PCYT1B;SLC44A3;LPIN1;PCYT1A;PHOSPHO1;ABHD3
prerank,L13a-mediated Translational Silencing Of Ceruloplasmin Expression R-HSA-156827,-3.421123e-01,-1.428765e+00,1.946108e-02,3.899365e-01,1.000000e+00,47/104,35.63%,RPL15;EIF4A2;RPL28;EIF1AX;EIF3E;RSL24D1;RPL9;RPS7;RPS21;RPL26;RPSA;EIF3L;RPL38;RPS25;RPS4Y1;RPL10L;EIF4B;RPS3;RPS13;RPS29;RPL14;RPL13A;RPL18A;RPL22;RPL35A;RPL4;RPS9;EIF4H;RPL3;RPLP0;RPL37A;RPL21;RPL31;RPS5;RPL23A;RPL27;RPS27A;RPS24;RPL7A;RPS3A;RPL7;EIF2S3;EIF3D;RPL23;RPS12;RPS15A;RPS14
prerank,Costimulation By CD28 Family R-HSA-388841,3.429143e-01,1.425834e+00,2.695418e-02,2.950296e-01,1.000000e+00,19/53,18.29%,PKN1;CD3D;PRR5;PTPN11;HLA-DRB5;HLA-DRB1;CDC42;RNASE1;CD3E;HLA-DRB4;PPP2R5A;VAV1;ICOSLG;CD4;HLA-DRA;HLA-DPA1;CD247;YES1;MAPKAP1
prerank,SUMOylation Of RNA Binding Proteins R-HSA-4570464,-4.029966e-01,-1.425405e+00,5.700326e-02,3.941575e-01,1.000000e+00,28/42,41.14%,NUP98;UBE2I;NUP155;RING1;SEH1L;SUMO1;NUP85;NUP54;NUP153;NUP62;SUMO2;PHC2;RANBP2;RNF2;NUP35;NUP214;AAAS;NUP58;NUP43;NUP210;NUP205;PHC3;HNRNPK;PHC1;POM121;NOP58;NUP160;NUP50
prerank,Processing Of SMDT1 R-HSA-8949664,-5.254208e-01,-1.425224e+00,8.362989e-02,3.903665e-01,1.000000e+00,7/15,20.38%,MICU3;SMDT1;MICU2;MICU1;PHB2;MAIP1;SPG7
prerank,SUMOylation Of SUMOylation Proteins R-HSA-4085377,-4.273436e-01,-1.424664e+00,5.967742e-02,3.874696e-01,1.000000e+00,17/32,30.97%,NUP98;UBE2I;NUP155;SEH1L;SUMO1;PIAS4;NUP85;NUP54;NUP153;NUP62;SUMO2;RANBP2;NUP35;NUP214;AAAS;NUP58;NUP43
prerank,mRNA Capping R-HSA-72086,4.046292e-01,1.422011e+00,6.601467e-02,2.990124e-01,1.000000e+00,10/28,20.12%,GTF2F2;NCBP2;GTF2H3;POLR2L;POLR2A;POLR2I;POLR2J;POLR2G;POLR2F;RNMT
prerank,"Platelet Activation, Signaling And Aggregation R-HSA-76002",2.759335e-01,1.421943e+00,7.874016e-03,2.967216e-01,1.000000e+00,75/205,23.89%,MANF;SPARC;RHOB;APBB1IP;RAC2;SYTL4;TTF2;F2R;PLCG2;SERPINA1;CYB5R1;GNA12;TIMP3;LGALS3BP;RAP1B;TBXA2R;THBS1;LHFPL2;PRKCH;GNG8;GNA13;RARRES2;TLN1;SYK;PTPN11;GNG4;FCER1G;HSPA5;MAPK3;CAP1;CDC42;RNASE1;PECAM1;P2RY1;CALU;GNG12;VAV1;PDGFA;STXBP3;APOOL;RHOG;TIMP1;TF;SHC1;TOR4A;TAGLN2;SGPP2;SRGN;ALB;PDGFB;ENDOD1;APLP2;PRKCD;CLEC3B;ARRB1;ITPR2;GNG7;RHOA;PDPN;MPL;PPBP;P2RY12;CD63;RASGRP2;LAMP2;FYN;SERPINA3;CHID1;GP9;VEGFC;FN1;SELENOP;DGKH;CD109;GNG11
prerank,Nuclear Signaling By ERBB4 R-HSA-1251985,3.916368e-01,1.420574e+00,4.819277e-02,2.967425e-01,1.000000e+00,12/30,19.00%,APOE;SPARC;PSEN2;APH1B;NCSTN;S100B;YAP1;PSENEN;STAT5A;GFAP;TAB2;HBEGF
prerank,Mitochondrial Calcium Ion Transport R-HSA-8949215,-4.782692e-01,-1.418204e+00,7.565789e-02,3.995029e-01,1.000000e+00,11/21,32.79%,MICU3;SMDT1;MICU2;MICU1;PHB2;MAIP1;SPG7;AKAP1;AFG3L2;PMPCB;STOML2
prerank,Selenocysteine Synthesis R-HSA-2408557,-3.466824e-01,-1.417757e+00,2.690583e-02,3.964678e-01,1.000000e+00,47/87,38.88%,RPL15;SECISBP2;RPL28;RSL24D1;RPL9;RPS7;RPS21;RPL26;SEPHS2;RPSA;RPL38;RPS25;RPS4Y1;RPL10L;RPS3;RPS13;RPS29;RPL14;RPL13A;RPL18A;RPL22;RPL35A;RPL4;RPS9;RPL3;RPLP0;RPL37A;RPL21;RPL31;RPS5;RPL23A;RPL27;RPS27A;RPS24;RPL7A;RPS3A;RPL7;EEFSEC;RPL23;RPS12;RPS15A;RPS14;RPL6;SEPSECS;RPS17;RPS16;RPL5
prerank,Trafficking Of GluR2-containing AMPA Receptors R-HSA-416993,-4.960264e-01,-1.417530e+00,7.530648e-02,3.930215e-01,1.000000e+00,5/16,14.46%,PRKCA;PRKCB;GRIA2;GRIA3;TSPAN7
prerank,RHOH GTPase Cycle R-HSA-9013407,3.939628e-01,1.416751e+00,5.938242e-02,3.010988e-01,1.000000e+00,12/33,21.09%,UACA;PKN1;ARHGDIB;STOM;VANGL1;LAMTOR1;ZAP70;OSBPL11;JUP;NIPSNAP2;NSFL1C;ARHGDIA
prerank,HDR Thru Homologous Recombination (HRR) R-HSA-5685942,-3.679198e-01,-1.416567e+00,5.778491e-02,3.916937e-01,1.000000e+00,21/55,23.85%,RAD51C;SPIDR;RAD51D;TOP3A;RTEL1;MUS81;RFC5;POLE3;SLX4;RFC2;POLH;TOPBP1;BARD1;RFC4;POLD3;RAD9A;RAD50;RBBP8;RMI2;GEN1;DNA2
prerank,DAP12 Signaling R-HSA-2424491,4.221866e-01,1.414549e+00,7.038835e-02,3.024631e-01,1.000000e+00,12/23,24.68%,KLRC2;TYROBP;PLCG2;SYK;RNASE1;NRAS;SHC1;B2M;FYN;TREM2;HLA-E;HRAS
prerank,Signaling By Interleukins R-HSA-449147,2.594376e-01,1.414477e+00,0.000000e+00,3.001591e-01,1.000000e+00,76/337,15.05%,ITGB2;OPRM1;ANXA2;IL13RA1;HAVCR2;BLNK;HMOX1;HSP90B1;FOXO1;PSMB10;TNFRSF1A;SOX2;ITGAX;CSF1R;RALA;IL33;SEM1;ALOX5;MAPKAPK3;S1PR1;SOCS1;MMP9;JAK3;CCR1;SOS2;RAP1B;S100B;HSPA9;UBA52;INPP5D;PTPRZ1;PSMB1;SYK;IL3RA;CAPZA1;FPR1;IFNL2;USP18;COL1A2;PTPN11;IL21R;PELI2;MAPKAPK2;IL10RB;CNN2;RNASEH2A;MAPK3;PSME1;CASP1;CDC42;LIFR;IL17RB;IL13RA2;POU2F1;PSMB9;IL4R;MSN;SIGIRR;PSMD10;RHOU;VAV1;RPS6KA5;SERPINB2;MAPK7;STAT5A;HIF1A;CTF1;MAOA;CD4;PSMB2;TIMP1;IL10RA;RPS6KA1;IFNL3;SHC1;NLRC5
prerank,RUNX1 Regulates Transcription Of Genes Involved In Differentiation Of HSCs R-HSA-8939236,3.389905e-01,1.413777e+00,4.120879e-02,2.991132e-01,1.000000e+00,22/63,24.86%,TCF7L1;PSMB10;SEM1;LMO1;UBA52;CBFB;TAL1;PSMB1;TCF12;YAP1;PSME1;PSMB9;PSMD10;PSMB2;MYB;PSME2;PSMD5;PSMA3;PSMB4;PSMA7;TP73;PSMD8
prerank,Platelet Degranulation R-HSA-114608,3.049786e-01,1.412655e+00,1.857585e-02,2.984845e-01,1.000000e+00,40/96,25.30%,MANF;SPARC;SYTL4;SERPINA1;CYB5R1;TIMP3;LGALS3BP;THBS1;LHFPL2;RARRES2;TLN1;HSPA5;CAP1;PECAM1;CALU;PDGFA;APOOL;TIMP1;TF;TOR4A;TAGLN2;SGPP2;SRGN;ALB;PDGFB;ENDOD1;APLP2;CLEC3B;PPBP;CD63;LAMP2;SERPINA3;CHID1;VEGFC;FN1;SELENOP;CD109;ANXA5;VEGFB;QSOX1
prerank,Cytochrome P450 - Arranged By Substrate Type R-HSA-211897,3.782251e-01,1.411514e+00,5.000000e-02,2.982635e-01,1.000000e+00,15/37,24.97%,CYP2J2;CYP11A1;TBXAS1;CYP1B1;RXRA;CYP51A1;CYP7B1;CYP11B1;CYP2W1;CYP4F8;CYP2B6;CYP4V2;CYP3A5;CYP27A1;CYP3A43
prerank,HCMV Late Events R-HSA-9610379,-3.773871e-01,-1.411181e+00,4.603175e-02,4.015834e-01,1.000000e+00,26/58,30.97%,PCSK1;NUP98;IRS1;TARBP1;NUP155;SEH1L;PCSK2;NUP85;NUP54;NUP153;VPS36;NUP62;RANBP2;CHMP6;NUP35;TRMU;VPS37A;VPS28;VPS4A;VPS25;CHMP4B;NUP214;VPS37B;AAAS;NUP58;NUP43
prerank,Neurotransmitter Receptors And Postsynaptic Signal Transmission R-HSA-112314,-3.168200e-01,-1.410139e+00,1.287554e-02,4.002145e-01,1.000000e+00,53/153,25.72%,KCNJ3;ADCY1;KCNJ6;GABRB2;GRIN2A;RPS6KA3;CAMK2A;CACNG2;PRKCA;CACNG8;PRKCB;CAMK2G;GLRB;PLCB1;GABRG3;KCNJ9;CAMKK2;NCALD;GABRG2;CAMKK1;GNB3;ADCY9;CAMK1;GRIA2;NRGN;GABRA1;KCNJ4;EPB41L1;GRIA3;TSPAN7;NPTN;LIN7A;PRKAR2B;ADCY6;NBEA;ARHGEF9;PRKAR1B;GNB5;GNAI1;DLG1;PRKAB2;CREB1;LIN7C;GPRIN1;RASGRF1;ADCY2;AP2A2;AKAP5;GNB1;RASGRF2;PICK1;PDPK1;PPM1F
prerank,Thrombin Signaling Thru Proteinase Activated Receptors (PARs) R-HSA-456926,4.030794e-01,1.409249e+00,6.112469e-02,2.997760e-01,1.000000e+00,8/28,11.82%,TTF2;F2R;GNA12;GNG8;GNA13;GNG4;MAPK3;GNG12
prerank,Processing Of DNA Double-Strand Break Ends R-HSA-5693607,-3.748152e-01,-1.407230e+00,3.883495e-02,4.038677e-01,1.000000e+00,20/53,23.85%,TOP3A;UIMC1;RFC5;UBE2I;RFC2;PPP4R2;TOPBP1;PIAS4;NSD2;HERC2;BARD1;RFC4;RNF168;SUMO2;RAD9A;RAD50;MDC1;RBBP8;RMI2;DNA2
prerank,Homologous DNA Pairing And Strand Exchange R-HSA-5693579,-4.105351e-01,-1.407036e+00,6.034483e-02,4.004914e-01,1.000000e+00,13/33,23.85%,RAD51C;RAD51D;TOP3A;RFC5;RFC2;TOPBP1;BARD1;RFC4;RAD9A;RAD50;RBBP8;RMI2;DNA2
prerank,Laminin Interactions R-HSA-3000157,4.517562e-01,1.406494e+00,5.314010e-02,3.026279e-01,1.000000e+00,7/20,19.66%,LAMA1;LAMB1;ITGA1;ITGB4;COL18A1;ITGA6;LAMC2
prerank,Circadian Clock R-HSA-400253,-3.670994e-01,-1.404712e+00,4.075235e-02,4.027846e-01,1.000000e+00,24/61,21.74%,MEF2C;CLOCK;PER1;PER2;NR1D1;NCOR1;NLRP3;CRTC1;NR3C1;HDAC3;LIN9;NRIP1;NCOA6;EP300;CUL1;CREBBP;CRY2;BHLHE40;CRTC3;NCOA1;PPARGC1A;CARM1;GDNF;CREB1
prerank,Epigenetic Regulation Of Gene Expression R-HSA-212165,-3.444696e-01,-1.404205e+00,3.169572e-02,4.002604e-01,1.000000e+00,42/80,37.69%,TAF1D;RBBP4;MYBBP1A;BAZ2A;EED;POLR1D;GSK3B;GTF2H4;EZH2;GATAD2B;DNMT1;TAF1C;EP300;MTF2;DDX56;RRP8;POLR1E;POLR2H;SAP30L;TDG;AEBP2;CHD3;SF3B1;EHMT2;MNAT1;KAT2A;TBP;ERCC3;JARID2;SUDS3;DEK;DNMT3A;DNMT3B;TAF1B;MYO1E;TTF1;POLR1B;SIRT1;ARID4B;UBTF;MTA3;POLR2K
prerank,Glycerophospholipid Biosynthesis R-HSA-1483206,3.042330e-01,1.404038e+00,1.538462e-02,3.045664e-01,1.000000e+00,30/101,21.54%,BCHE;ACHE;SLC44A2;AGPAT5;ETNPPL;PLA2G15;PEMT;LPCAT2;CPNE7;ABHD4;CHEK2;HADHB;GPAM;CPNE3;GPD1;PTDSS1;PLD6;PLA2G5;CDS2;SLC44A1;LPIN3;MBOAT2;CPNE6;PCYT1B;ALPP;PLA1A;HADHA;MBOAT1;PLA2G12A;SLC44A3
prerank,Intra-Golgi Traffic R-HSA-6811438,-3.935797e-01,-1.403400e+00,6.851550e-02,3.986578e-01,1.000000e+00,8/39,9.27%,CYTH3;GOSR1;COG2;MAN1C1;STX6;COG3;STX5;CUX1
prerank,"Plasma Lipoprotein Assembly, Remodeling, And Clearance R-HSA-174824",3.503682e-01,1.402798e+00,3.856749e-02,3.044996e-01,1.000000e+00,14/53,15.97%,APOC1;NPC2;APOE;ANGPTL4;LCAT;NR1H3;UBA52;ABCA1;LPL;AMN;PLTP;VLDLR;AP2B1;ALB
prerank,Heme Degradation R-HSA-189483,5.376458e-01,1.402433e+00,8.904110e-02,3.027642e-01,1.000000e+00,5/10,17.39%,SLCO2B1;HMOX1;ALB;ABCG2;BLVRB
prerank,Insulin Processing R-HSA-264876,-4.727194e-01,-1.402416e+00,6.545455e-02,3.975417e-01,1.000000e+00,11/22,27.72%,KIF5A;KIF5C;PCSK1;EXOC3;PCSK2;SLC30A7;STX1A;MYRIP;MYO5A;EXOC8;ERO1B
prerank,Signaling By CSF3 (G-CSF) R-HSA-9674555,3.940966e-01,1.401139e+00,5.813953e-02,3.030015e-01,1.000000e+00,10/28,21.10%,SOCS1;UBA52;SYK;PTPN11;RNF7;NRAS;STAT5A;SHC1;HCK;ELOB
prerank,B-WICH Complex Positively Regulates rRNA Expression R-HSA-5250924,-4.330463e-01,-1.400494e+00,8.177172e-02,3.984747e-01,1.000000e+00,9/27,17.92%,TAF1D;MYBBP1A;POLR1D;GSK3B;TAF1C;EP300;DDX56;POLR1E;POLR2H
prerank,Hh Mutants Abrogate Ligand Secretion R-HSA-5387390,3.446516e-01,1.400146e+00,6.005222e-02,3.023362e-01,1.000000e+00,21/54,27.90%,PSMB10;SEM1;UBA52;PSMB1;DHH;DERL2;PSME1;PSMB9;PSMD10;SYVN1;PSMB2;PSME2;PSMD5;SEL1L;PSMA3;PSMB4;PSMA7;PSMD8;PSMB8;VCP;PSMC1
prerank,PI-3K cascade:FGFR4 R-HSA-5654720,-5.210070e-01,-1.399911e+00,1.063063e-01,3.963367e-01,1.000000e+00,5/13,16.84%,FGF17;PIK3R1;FGF9;FGF18;GRB2
prerank,Downstream Signaling Of Activated FGFR1 R-HSA-5654687,-4.558700e-01,-1.399206e+00,8.219178e-02,3.943828e-01,1.000000e+00,5/22,5.49%,FGF17;PIK3R1;FGF9;FLRT2;FLRT3
prerank,Signaling By FGFR1 R-HSA-5654736,-3.871814e-01,-1.397759e+00,7.017544e-02,3.945824e-01,1.000000e+00,7/41,5.49%,FGF17;SPRY2;PIK3R1;SPRED2;FGF9;FLRT2;FLRT3
prerank,Cell-extracellular Matrix Interactions R-HSA-446353,4.607607e-01,1.396961e+00,7.808564e-02,3.054383e-01,1.000000e+00,3/16,4.72%,RSU1;LIMS1;LIMS2
prerank,SUMOylation Of DNA Replication Proteins R-HSA-4615885,-3.997722e-01,-1.396926e+00,6.372549e-02,3.931226e-01,1.000000e+00,25/40,36.70%,NUP98;UBE2I;NUP155;TOP2B;SEH1L;SUMO1;PIAS4;NUP85;NUP54;NUP153;NUP62;TOP1;SUMO2;RANBP2;NUP35;INCENP;NUP214;AAAS;NUP58;NUP43;PCNA;RANGAP1;NUP210;CDCA8;NUP205
prerank,Alpha-Linolenic (Omega3) And Linoleic (Omega6) Acid Metabolism R-HSA-2046104,5.260107e-01,1.396318e+00,1.160338e-01,3.043575e-01,1.000000e+00,8/11,26.82%,FADS2;ACOX1;ACAA1;ELOVL2;ELOVL5;ACOT8;ELOVL1;ACSL1
prerank,Regulation Of IGF Transport And Uptake By IGFBPs R-HSA-381426,3.093408e-01,1.395654e+00,1.179941e-02,3.032657e-01,1.000000e+00,26/88,18.06%,FUCA2;APOE;C3;HSP90B1;TTF2;MXRA8;SERPINA1;LAMB1;DNAJC3;PRSS23;SCG2;VWA1;CST3;VCAN;TNNI3;CALU;MATN3;RCN1;SDC2;WFS1;TIMP1;TF;SGPP2;ALB;GZMH;APLP2
prerank,Peroxisomal Protein Import R-HSA-9033241,3.393484e-01,1.395241e+00,3.341902e-02,3.018224e-01,1.000000e+00,14/55,11.87%,EPHX2;ACOX2;DHRS4;NUDT7;ZNF260;HMGCL;PIPOX;TYSND1;UBA52;PEX10;ECI2;MLYCD;ACOX1;ACAA1
prerank,Antigen Activates B Cell Receptor Leading To Second Messenger Generation R-HSA-983695,4.094368e-01,1.394530e+00,7.416268e-02,3.006858e-01,1.000000e+00,11/25,18.86%,ORAI1;BLNK;SH3KBP1;PLCG2;SYK;CD79A;VAV1;AHCYL1;NCK1;PIK3AP1;ITPR2
prerank,Resolution Of D-loop Structures Thru Synthesis-Dependent Strand Annealing (SDSA) R-HSA-5693554,-4.626293e-01,-1.392158e+00,8.892922e-02,4.014916e-01,1.000000e+00,4/20,3.06%,RAD51C;RAD51D;TOP3A;RTEL1
prerank,Base Excision Repair R-HSA-73884,-3.908511e-01,-1.389839e+00,6.666667e-02,4.035470e-01,1.000000e+00,15/41,22.73%,NEIL1;PARP2;POLG2;RFC5;ACD;POLE3;RFC2;PARG;TINF2;NEIL2;RFC4;TERF2;POLD3;TDG;OGG1
prerank,Nuclear Events (Kinase And Transcription Factor Activation) R-HSA-198725,-3.589871e-01,-1.388964e+00,5.436573e-02,4.021797e-01,1.000000e+00,22/60,21.74%,EGR1;ARC;MEF2C;RPS6KA3;FOSB;DUSP7;EGR2;NAB2;MEF2A;NAB1;ID2;FOSL1;EGR4;SRF;CDK5R1;EP300;MAPK14;DUSP4;VRK3;PPP2R5D;GDNF;CREB1
prerank,DARPP-32 Events R-HSA-180024,-4.528507e-01,-1.388726e+00,8.658744e-02,3.992366e-01,1.000000e+00,10/23,31.47%,PRKCA;PDE4A;PPP3CA;PPP3CB;PRKAR2B;PRKAR1B;PPP2R5D;PPP3R1;PRKACB;PPP3CC
prerank,Collagen Formation R-HSA-1474290,3.222471e-01,1.382315e+00,4.011461e-02,3.204876e-01,1.000000e+00,28/72,20.97%,PPIB;MMP28;P4HA1;PLOD1;COL8A2;MMP9;ITGB4;COL11A1;COL1A2;COL9A1;LOXL1;COL4A5;PLOD3;COL4A4;COL25A1;COL18A1;COL6A3;CD151;COL9A2;TLL2;ITGA6;TLL1;DST;LAMC2;CTSS;LOXL3;COL10A1;SERPINH1
prerank,Interactions Of Vpr With Host Cellular Proteins R-HSA-176033,-4.080310e-01,-1.382116e+00,7.028754e-02,4.122000e-01,1.000000e+00,17/35,30.97%,NUP98;SGIP1;NUP155;SEH1L;NUP85;NUP54;NUP153;NUP62;SLC25A5;SLC25A6;SLC25A4;RANBP2;NUP35;NUP214;AAAS;NUP58;NUP43
prerank,GTP Hydrolysis And Joining Of 60S Ribosomal Subunit R-HSA-72706,-3.292599e-01,-1.376911e+00,3.115727e-02,4.223654e-01,1.000000e+00,48/105,35.63%,RPL15;EIF4A2;RPL28;EIF5;EIF1AX;EIF3E;RSL24D1;RPL9;RPS7;RPS21;RPL26;RPSA;EIF3L;RPL38;RPS25;RPS4Y1;RPL10L;EIF4B;RPS3;RPS13;RPS29;RPL14;RPL13A;RPL18A;RPL22;RPL35A;RPL4;RPS9;EIF4H;RPL3;RPLP0;RPL37A;RPL21;RPL31;RPS5;RPL23A;RPL27;RPS27A;RPS24;RPL7A;RPS3A;RPL7;EIF2S3;EIF3D;RPL23;RPS12;RPS15A;RPS14
prerank,Sealing Of Nuclear Envelope (NE) By ESCRT-III R-HSA-9668328,3.920977e-01,1.376750e+00,7.591623e-02,3.278679e-01,1.000000e+00,12/27,31.77%,TUBB2B;TUBB3;TUBA1C;CC2D1B;TUBB4B;TUBB4A;TUBB6;SPAST;IST1;TUBA3D;CHMP2B;TUBB
prerank,Gap Junction Trafficking And Regulation R-HSA-157858,4.348604e-01,1.376668e+00,8.395062e-02,3.256832e-01,1.000000e+00,14/20,33.05%,CLTCL1;DAB2;GJA8;GJA1;GJB6;GJB3;DNM2;TJP1;MYO6;GJC2;GJB7;GJB1;GJD3;GJA4
prerank,Basigin Interactions R-HSA-210991,4.207208e-01,1.375933e+00,7.674944e-02,3.247433e-01,1.000000e+00,10/23,20.09%,SLC7A10;SLC7A7;SLC16A1;ATP1B2;SLC16A3;SLC16A8;SLC7A11;SLC3A2;ITGA6;MAG
prerank,SARS-CoV-2 Modulates Autophagy R-HSA-9754560,-5.415810e-01,-1.374160e+00,1.252269e-01,4.256992e-01,1.000000e+00,7/11,30.88%,VPS41;VPS33B;UVRAG;VPS45;MAP1LC3B;VPS39;VPS16
prerank,FCERI Mediated MAPK Activation R-HSA-2871796,4.032273e-01,1.374005e+00,6.382979e-02,3.260786e-01,1.000000e+00,8/27,14.95%,PKN1;PLCG2;SYK;MAPK3;RNASE1;NRAS;VAV1;SHC1
prerank,Regulated Proteolysis Of p75NTR R-HSA-193692,5.329496e-01,1.373855e+00,1.131222e-01,3.242166e-01,1.000000e+00,4/10,8.85%,PSEN2;APH1B;NCSTN;PSENEN
prerank,Glutathione Conjugation R-HSA-156590,3.835178e-01,1.372199e+00,7.088608e-02,3.252316e-01,1.000000e+00,15/30,32.89%,MGST1;OPLAH;GSTP1;GSTO2;CNDP2;GCLC;HPGDS;CHAC1;GGT5;GSTM2;GSTM1;CHAC2;GSTK1;GSTM5;GSTZ1
prerank,NGF-stimulated Transcription R-HSA-9031628,-3.900785e-01,-1.370535e+00,7.375643e-02,4.316981e-01,1.000000e+00,12/38,14.67%,EGR1;ARC;FOSB;EGR2;NAB2;NAB1;ID2;FOSL1;EGR4;SRF;CDK5R1;EP300
prerank,Interferon Signaling R-HSA-913531,2.796093e-01,1.369411e+00,1.459854e-02,3.279165e-01,1.000000e+00,54/157,22.59%,NUP37;IFI35;ISG20;IFI30;HERC5;ISG15;TRIM62;SOCS1;MID1;IRF7;KPNB1;TRIM8;IFIT2;UBA52;IRF9;USP18;PTPN11;XAF1;SMAD7;HLA-DRB5;GBP4;IFNGR1;IRF2;HLA-DRB1;MAPK3;MT2A;HLA-DRB4;OAS1;IFI6;TRIM10;IFIT3;CD44;HLA-G;UBA7;IFITM2;OAS3;UBE2L6;HLA-DRA;FLNB;HLA-DPA1;IFITM3;CAMK2D;IRF5;NUP93;PRKCD;HLA-F;SP100;IFIT5;HLA-DRB3;TRIM29;TRIM25;B2M;HLA-E;NUP188
prerank,Cap-dependent Translation Initiation R-HSA-72737,-3.242122e-01,-1.369127e+00,3.106509e-02,4.316522e-01,1.000000e+00,52/112,36.53%,RPL15;EIF4A2;RPL28;EIF5;EIF1AX;EIF3E;RSL24D1;RPL9;RPS7;RPS21;RPL26;RPSA;EIF3L;RPL38;EIF2B1;RPS25;EIF2B5;RPS4Y1;RPL10L;EIF4B;RPS3;RPS13;RPS29;RPL14;RPL13A;RPL18A;RPL22;RPL35A;RPL4;RPS9;EIF4H;RPL3;RPLP0;RPL37A;RPL21;RPL31;RPS5;RPL23A;RPL27;RPS27A;RPS24;RPL7A;RPS3A;RPL7;EIF2S3;EIF3D;RPL23;RPS12;RPS15A;RPS14;EIF2B2;RPL6
prerank,Hedgehog Ligand Biogenesis R-HSA-5358346,3.329595e-01,1.368308e+00,5.524862e-02,3.274905e-01,1.000000e+00,22/60,27.90%,SCUBE2;PSMB10;SEM1;UBA52;PSMB1;DHH;DERL2;PSME1;PSMB9;PSMD10;SYVN1;PSMB2;PSME2;PSMD5;SEL1L;PSMA3;PSMB4;PSMA7;PSMD8;PSMB8;VCP;PSMC1
prerank,Diseases Of Glycosylation R-HSA-3781865,2.952617e-01,1.366124e+00,3.003003e-02,3.295012e-01,1.000000e+00,55/116,32.18%,LFNG;CHST14;C1GALT1;DHDDS;MUC4;B4GALT1;CHST6;THBS1;NOTCH2;SPON1;THBS2;DOLK;GALT;GPC6;MUC5B;ALG12;B4GALT7;C1GALT1C1;VCAN;CHST3;BCAN;SDC2;CSPG4;SLC26A2;MUC2;MPDU1;ALG8;SDC3;DCN;ADAMTSL5;ALG3;SDC4;ADAMTS4;BGN;GPC4;B3GALT6;ADAMTS14;NCAN;ADAMTS9;ALG14;MUC5AC;B3GLCT;ALG1;ADAMTS19;B4GAT1;NUS1;MUC1;NOTCH4;ADAMTSL2;SLPI;NOTCH1;MUC12;GPC5;ADAMTS7;MUC6
prerank,Abortive Elongation Of HIV-1 Transcript In Absence Of Tat R-HSA-167242,4.167289e-01,1.365067e+00,8.436725e-02,3.293764e-01,1.000000e+00,9/23,20.00%,GTF2F2;NCBP2;POLR2L;POLR2A;NELFE;POLR2I;POLR2J;POLR2G;POLR2F
prerank,Gap Junction Trafficking R-HSA-190828,4.427306e-01,1.365048e+00,1.097257e-01,3.272696e-01,1.000000e+00,13/18,33.05%,CLTCL1;DAB2;GJA8;GJA1;GJB6;GJB3;DNM2;MYO6;GJC2;GJB7;GJB1;GJD3;GJA4
prerank,Peroxisomal Lipid Metabolism R-HSA-390918,4.102644e-01,1.361787e+00,1.007026e-01,3.311500e-01,1.000000e+00,10/23,20.44%,ACOX2;NUDT7;ECI2;MLYCD;ACOX1;ALDH3A2;ACAA1;ACBD4;ACOT8;NUDT19
prerank,Meiotic Synapsis R-HSA-1221632,-4.279283e-01,-1.360459e+00,1.127946e-01,4.510093e-01,1.000000e+00,9/25,13.03%,DIDO1;SUN1;UBE2I;ACD;SYCP2;SYCE1;TINF2;SMC1A;SYNE1
prerank,Initiation Of Nuclear Envelope (NE) Reformation R-HSA-2995383,4.609137e-01,1.359994e+00,1.077982e-01,3.322330e-01,1.000000e+00,3/16,5.53%,LBR;LMNA;KPNB1
prerank,MAPK Targets/ Nuclear Events Mediated By MAP Kinases R-HSA-450282,-4.095903e-01,-1.358012e+00,9.187279e-02,4.538468e-01,1.000000e+00,15/30,27.36%,MEF2C;RPS6KA3;MAPK10;DUSP7;MEF2A;MAPK8;MAPK14;DUSP4;VRK3;PPP2R5D;GDNF;CREB1;MAPK11;MAPK9;RPS6KA2
prerank,Endogenous Sterols R-HSA-211976,4.245921e-01,1.357346e+00,1.048951e-01,3.351694e-01,1.000000e+00,6/19,14.23%,CYP11A1;CYP1B1;RXRA;CYP51A1;CYP7B1;CYP11B1
prerank,Formation Of A Pool Of Free 40S Subunits R-HSA-72689,-3.307144e-01,-1.356861e+00,4.185351e-02,4.532302e-01,1.000000e+00,43/95,35.63%,RPL15;RPL28;EIF1AX;EIF3E;RSL24D1;RPL9;RPS7;RPS21;RPL26;RPSA;EIF3L;RPL38;RPS25;RPS4Y1;RPL10L;RPS3;RPS13;RPS29;RPL14;RPL13A;RPL18A;RPL22;RPL35A;RPL4;RPS9;RPL3;RPLP0;RPL37A;RPL21;RPL31;RPS5;RPL23A;RPL27;RPS27A;RPS24;RPL7A;RPS3A;RPL7;EIF3D;RPL23;RPS12;RPS15A;RPS14
prerank,RNA Polymerase III Transcription Initiation From Type 1 Promoter R-HSA-76061,-4.223319e-01,-1.356629e+00,8.680556e-02,4.502271e-01,1.000000e+00,14/27,30.35%,GTF3A;POLR3A;GTF3C2;POLR1D;BDP1;POLR3F;CRCP;POLR2H;GTF3C4;GTF3C1;GTF3C3;POLR3K;POLR3E;TBP
prerank,Signaling By NTRK1 (TRKA) R-HSA-187037,-3.168275e-01,-1.356132e+00,3.941606e-02,4.479879e-01,1.000000e+00,34/110,21.74%,EGR1;ARC;MEF2C;RPS6KA3;FOSB;PIK3R1;DUSP7;EGR2;KIDINS220;NAB2;RALB;MEF2A;NAB1;PIK3R2;ID2;FOSL1;IRS1;SH3GL2;DNM1;EGR4;CLTA;MAPK13;SRF;CDK5R1;EP300;NTRK2;SHC3;GRB2;MAPK14;DUSP4;VRK3;PPP2R5D;GDNF;CREB1
prerank,Hh Mutants Are Degraded By ERAD R-HSA-5362768,3.370877e-01,1.355466e+00,7.915567e-02,3.363613e-01,1.000000e+00,20/52,27.90%,PSMB10;SEM1;UBA52;PSMB1;DERL2;PSME1;PSMB9;PSMD10;SYVN1;PSMB2;PSME2;PSMD5;SEL1L;PSMA3;PSMB4;PSMA7;PSMD8;PSMB8;VCP;PSMC1
prerank,NRIF Signals Cell Death From Nucleus R-HSA-205043,4.690082e-01,1.354709e+00,1.191011e-01,3.357720e-01,1.000000e+00,5/14,8.85%,PSEN2;APH1B;NCSTN;UBA52;PSENEN
prerank,NOTCH1 Intracellular Domain Regulates Transcription R-HSA-2122947,-3.686722e-01,-1.353609e+00,8.169935e-02,4.514049e-01,1.000000e+00,16/47,18.82%,HDAC4;FBXW7;TLE2;HDAC8;NCOR2;HDAC10;NCOR1;MAML1;HDAC3;SNW1;EP300;CUL1;MYC;CREBBP;NBEA;TLE4
prerank,Glycolysis R-HSA-70171,-3.491205e-01,-1.353408e+00,6.461538e-02,4.483935e-01,1.000000e+00,26/61,30.97%,PRKCA;NUP98;GNPDA2;PFKP;NUP155;ENO2;SEH1L;MAP4K2;NUP85;HOOK2;HOOK3;NUP54;NUP153;NUP62;GNPDA1;PPP2R5D;PGK1;RANBP2;NUP35;PGP;NUP214;AAAS;NUP58;PRKACB;PGM2L1;NUP43
prerank,Disorders Of Transmembrane Transporters R-HSA-5619115,2.771662e-01,1.352240e+00,3.536977e-02,3.382617e-01,1.000000e+00,43/140,22.75%,NUP37;SLC40A1;SLC9A9;PSMB10;SLC2A10;ABCB6;HEPH;SEM1;SLC7A7;SLC16A1;DERL3;ABCC6;ERLIN2;UBA52;PSMB1;SLC6A19;ABCG8;ABCA1;DERL2;PSME1;SLC4A4;PSMB9;SLC9A7;PSMD10;AVPR2;SLC26A2;SLC17A8;PSMB2;DERL1;PSME2;SLC3A2;NUP93;PSMD5;SLC5A2;SEL1L;PSMA3;SLC1A3;PSMB4;SLC22A18;SLC6A3;SLC34A3;NUP188;SLC24A1
prerank,Response Of Mtb To Phagocytosis R-HSA-9637690,4.245887e-01,1.350031e+00,1.076923e-01,3.402461e-01,1.000000e+00,4/20,9.85%,DUSP16;KPNB1;UBA52;MAPK3
prerank,Signaling By FGFR1 In Disease R-HSA-5655302,-4.070678e-01,-1.349933e+00,8.793103e-02,4.543193e-01,1.000000e+00,9/30,16.84%,FGF17;PIK3R1;LRRFIP1;FGF9;CUX1;ZMYM2;CNTRL;FGFR1OP2;GRB2
prerank,Interleukin-15 Signaling R-HSA-8983432,4.829082e-01,1.349329e+00,1.134259e-01,3.393395e-01,1.000000e+00,6/13,27.24%,JAK3;SOS2;STAT5A;SHC1;IL2RB;GAB2
prerank,RNA Pol II CTD Phosphorylation And Interaction With CE R-HSA-77075,3.898323e-01,1.348853e+00,8.962264e-02,3.380512e-01,1.000000e+00,9/26,20.12%,GTF2F2;GTF2H3;POLR2L;POLR2A;POLR2I;POLR2J;POLR2G;POLR2F;RNMT
prerank,Antimicrobial Peptides R-HSA-6803157,3.825085e-01,1.347506e+00,8.333333e-02,3.383482e-01,1.000000e+00,15/27,24.07%,RNASE6;ATP7A;DEFB123;ATOX1;TLR1;PI3;DEFB132;CD4;DEFB124;DEFB115;PDZD11;DEFB135;GNLY;DEFB1;TLR2
prerank,Synthesis Of Bile Acids And Bile Salts Via 7Alpha-Hydroxycholesterol R-HSA-193368,4.354533e-01,1.347350e+00,1.182033e-01,3.365738e-01,1.000000e+00,9/18,20.62%,AKR1C3;AKR1C1;ACOX2;AKR1C4;RXRA;CYP7B1;SLC27A5;ACOT8;HSD3B7
prerank,"mRNA Activation Upon Binding Of Cap-Binding Complex And eIFs, Subsequent Binding To 43S R-HSA-72662",-3.542289e-01,-1.345544e+00,7.131537e-02,4.626672e-01,1.000000e+00,27/56,38.37%,EIF4A2;EIF1AX;EIF3E;RPS7;RPS21;RPSA;EIF3L;RPS25;RPS4Y1;EIF4B;RPS3;RPS13;RPS29;RPS9;EIF4H;RPS5;RPS27A;RPS24;RPS3A;EIF2S3;EIF3D;RPS12;RPS15A;RPS14;EIF2S1;RPS17;RPS16
prerank,HDACs Deacetylate Histones R-HSA-3214815,-4.017482e-01,-1.344592e+00,9.602649e-02,4.615461e-01,1.000000e+00,8/32,14.01%,RBBP4;KDM1A;HDAC8;NCOR2;HDAC10;NCOR1;HDAC3;GATAD2B
prerank,Notch-HLH Transcription Pathway R-HSA-350054,-4.186516e-01,-1.342893e+00,1.024735e-01,4.627184e-01,1.000000e+00,9/27,15.12%,HDAC4;HDAC8;NCOR2;HDAC10;NCOR1;MAML1;HDAC3;SNW1;CREBBP
prerank,RHO GTPases Activate CIT R-HSA-5625900,4.472334e-01,1.341411e+00,1.191589e-01,3.456988e-01,1.000000e+00,8/17,22.82%,RHOB;DHDDS;RHOC;MYL6;RNASE1;MYL12B;RHOA;MYH10
prerank,Transcriptional Regulation By RUNX3 R-HSA-8878159,3.069243e-01,1.339932e+00,4.651163e-02,3.464463e-01,1.000000e+00,18/84,12.22%,ZFHX3;KAT2B;TCF7L1;PSMB10;WWTR1;TEAD3;TEAD1;SEM1;MAML2;UBA52;CBFB;PSMB1;YAP1;LEF1;PSME1;PSMB9;PSMD10;NRAS
prerank,Drug ADME R-HSA-9748784,3.462758e-01,1.338772e+00,8.571429e-02,3.466570e-01,1.000000e+00,14/44,16.23%,BCHE;SLC22A3;SLCO2B1;ACSM5;SULT1C4;SLC16A1;GSTP1;CNDP2;PON3;RNASE1;VAV1;NT5C2;ALB;ABCG2
prerank,Diseases Associated With O-glycosylation Of Proteins R-HSA-3906995,3.364774e-01,1.335962e+00,1.114058e-01,3.500065e-01,1.000000e+00,25/48,32.18%,LFNG;C1GALT1;MUC4;THBS1;NOTCH2;SPON1;THBS2;MUC5B;C1GALT1C1;MUC2;ADAMTSL5;ADAMTS4;ADAMTS14;ADAMTS9;MUC5AC;B3GLCT;ADAMTS19;B4GAT1;MUC1;NOTCH4;ADAMTSL2;NOTCH1;MUC12;ADAMTS7;MUC6
prerank,Opioid Signaling R-HSA-111885,-3.269779e-01,-1.335777e+00,6.185567e-02,4.785029e-01,1.000000e+00,29/83,26.25%,ADCY1;CAMK2A;PRKCA;ITPR1;GRK2;CAMK2G;PLCB1;CAMKK2;CAMKK1;GNB3;PDE4A;ADCY9;PDE1A;PPP3CA;PPP3CB;PRKAR2B;ADCY6;NBEA;PRKAR1B;GNB5;GNA11;GNAI1;PPP2R5D;CREB1;ADCY2;PDYN;GNB1;GNA14;CAMK2B
prerank,"Formation Of Ternary Complex, And Subsequently, 43S Complex R-HSA-72695",-3.630502e-01,-1.335594e+00,7.766990e-02,4.754939e-01,1.000000e+00,25/49,39.47%,EIF1AX;EIF3E;RPS7;RPS21;RPSA;EIF3L;RPS25;RPS4Y1;RPS3;RPS13;RPS29;RPS9;RPS5;RPS27A;RPS24;RPS3A;EIF2S3;EIF3D;RPS12;RPS15A;RPS14;EIF2S1;RPS17;RPS16;EIF3A
prerank,Branched-chain Amino Acid Catabolism R-HSA-70895,4.165161e-01,1.335026e+00,1.189931e-01,3.497590e-01,1.000000e+00,7/21,19.43%,HSD17B10;LDHD;HIBCH;ALDH6A1;BCKDHB;BCAT1;BCAT2
prerank,Telomere Extension By Telomerase R-HSA-171319,-4.450292e-01,-1.334065e+00,1.243697e-01,4.762939e-01,1.000000e+00,4/20,10.57%,RTEL1;PIF1;ACD;TINF2
prerank,NOTCH3 Intracellular Domain Regulates Transcription R-HSA-9013508,4.079215e-01,1.331754e+00,1.121495e-01,3.538724e-01,1.000000e+00,5/21,4.61%,KAT2B;HEYL;HEY2;MAML2;WWC1
prerank,RAC2 GTPase Cycle R-HSA-9013404,3.058209e-01,1.331307e+00,4.775281e-02,3.526028e-01,1.000000e+00,18/76,10.24%,PKN1;CYBB;RAC2;CYBA;MCAM;VANGL1;DOCK1;LBR;WASF2;CDC42EP4;LAMTOR1;ERBIN;SYDE1;ARHGAP42;IQGAP1;DOCK10;STBD1;CDC42
prerank,Stimuli-sensing Channels R-HSA-2672351,3.100386e-01,1.331237e+00,5.801105e-02,3.506785e-01,1.000000e+00,34/75,31.04%,ANO2;BEST1;CLCN5;STOM;ASPH;BEST4;UBA52;CLCN6;TRPM6;OSTM1;ASIC3;RYR1;RYR3;CLCN7;TRPV6;SGK1;BEST2;TRPV2;WWP1;BSND;TTYH2;ASIC4;ASIC1;ANO4;SRI;FKBP1B;CLCN3;TTYH1;CLCA4;CLCN1;SGK3;ANO10;WNK1;ANO6
prerank,Endosomal/Vacuolar Pathway R-HSA-1236977,5.061994e-01,1.328541e+00,1.455399e-01,3.537034e-01,1.000000e+00,7/11,26.39%,HLA-G;HLA-F;CTSS;B2M;HLA-E;HLA-C;HLA-A
prerank,Interleukin-12 Signaling R-HSA-9020591,3.537946e-01,1.327262e+00,8.060453e-02,3.540824e-01,1.000000e+00,9/34,12.59%,ANXA2;RALA;RAP1B;HSPA9;CAPZA1;CNN2;CDC42;MSN;SERPINB2
prerank,Chondroitin Sulfate Biosynthesis R-HSA-2022870,4.092390e-01,1.324913e+00,1.111111e-01,3.567946e-01,1.000000e+00,11/20,25.86%,CHST11;VCAN;CHST3;BCAN;CSPG4;CHST7;DCN;CHPF2;CHST9;BGN;NCAN
prerank,Interleukin-10 Signaling R-HSA-6783783,4.058543e-01,1.321689e+00,1.121951e-01,3.611115e-01,1.000000e+00,14/22,30.47%,TNFRSF1A;CCR1;FPR1;IL10RB;TIMP1;IL10RA;CXCL2;CCR5;CCL22;CCL19;FCER2;CCL2;CD86;CSF1
prerank,Peptide Chain Elongation R-HSA-156902,-3.290106e-01,-1.320719e+00,7.373272e-02,5.113811e-01,1.000000e+00,36/84,32.02%,RPL15;RPL28;RSL24D1;RPL9;RPS7;RPS21;RPL26;EEF2;RPSA;RPL38;RPS25;RPS4Y1;RPL10L;RPS3;RPS13;RPS29;RPL14;RPL13A;RPL18A;RPL22;RPL35A;RPL4;RPS9;RPL3;RPLP0;RPL37A;RPL21;RPL31;RPS5;RPL23A;RPL27;RPS27A;RPS24;RPL7A;RPS3A;RPL7
prerank,Mitotic Telophase/Cytokinesis R-HSA-68884,-4.901538e-01,-1.319962e+00,1.390845e-01,5.097278e-01,1.000000e+00,4/13,15.39%,PDS5B;SMC1A;PLK1;MAU2
prerank,Cohesin Loading Onto Chromatin R-HSA-2470946,-5.354573e-01,-1.318049e+00,1.592593e-01,5.114267e-01,1.000000e+00,3/10,15.39%,PDS5B;SMC1A;MAU2
prerank,Activation Of Arylsulfatases R-HSA-1663150,5.106375e-01,1.316100e+00,1.531915e-01,3.704454e-01,1.000000e+00,3/10,7.90%,SUMF1;ARSA;ARSF
prerank,G Beta:Gamma Signaling Thru CDC42 R-HSA-8964616,4.160851e-01,1.314940e+00,1.176471e-01,3.707086e-01,1.000000e+00,9/18,27.85%,PKN1;GNG8;GNG4;CDC42;GNG12;GNG7;GNG11;GNB2;GNG10
prerank,FGFR2 Ligand Binding And Activation R-HSA-190241,-5.232916e-01,-1.312067e+00,1.618182e-01,5.251844e-01,1.000000e+00,3/10,14.69%,FGF17;FGF9;FGF18
prerank,Nonsense Mediated Decay (NMD) Enhanced By Exon Junction Complex (EJC) R-HSA-975957,-3.108328e-01,-1.311562e+00,7.270030e-02,5.229013e-01,1.000000e+00,50/110,35.63%,RPL15;DCP1A;RPL28;RSL24D1;SMG7;RPL9;RPS7;RPS21;RPL26;RPSA;RPL38;RPS25;RPS4Y1;RPL10L;GSPT1;RPS3;MAGOHB;UPF3A;RPS13;RPS29;RPL14;RPL13A;RPL18A;RPL22;RPL35A;MAGOH;RPL4;RPS9;RNPS1;UPF2;RPL3;RPLP0;RPL37A;RPL21;RPL31;RPS5;RPL23A;RPL27;RPS27A;RPS24;RPL7A;RPS3A;RPL7;UPF3B;RPL23;RPS12;SMG5;PPP2R1A;RPS15A;RPS14
prerank,Amyloid Fiber Formation R-HSA-977225,3.376307e-01,1.309348e+00,7.329843e-02,3.799059e-01,1.000000e+00,14/42,16.77%,APOE;APH1B;NCSTN;CALB1;ITM2B;UBA52;GSN;PSENEN;CST3;TGFBI;UBE2L6;TSPAN33;CALCA;USP9X
prerank,Physiological Factors R-HSA-5578768,5.088545e-01,1.306394e+00,1.494949e-01,3.838705e-01,1.000000e+00,6/10,27.66%,KAT2B;WWTR1;HIPK2;CES1;NKX2-5;TBX5
prerank,Presynaptic Depolarization And Calcium Channel Opening R-HSA-112308,-5.075214e-01,-1.302940e+00,1.545455e-01,5.452487e-01,1.000000e+00,8/12,20.98%,CACNG2;CACNA2D3;CACNA1A;CACNB4;CACNA1B;CACNB1;CACNB3;CACNA2D1
prerank,IRE1alpha Activates Chaperones R-HSA-381070,3.336247e-01,1.302210e+00,9.264305e-02,3.900113e-01,1.000000e+00,14/47,14.95%,DNAJB11;ACADVL;LMNA;DNAJC3;TLN1;MYDGF;HSPA5;YIF1A;HDGF;SSR1;SYVN1;WFS1;PREB;SHC1
prerank,Reproduction R-HSA-1474165,-3.529943e-01,-1.302170e+00,9.463722e-02,5.437375e-01,1.000000e+00,13/50,13.03%,RAD51C;DIDO1;SUN1;TOP3A;OVGP1;UBE2I;ACD;SYCP2;SYCE1;TINF2;SMC1A;ZP3;SYNE1
prerank,Assembly And Cell Surface Presentation Of NMDA Receptors R-HSA-9609736,-4.169164e-01,-1.301914e+00,1.467577e-01,5.407707e-01,1.000000e+00,8/23,22.24%,GRIN2A;CAMK2A;CAMK2G;LIN7A;NBEA;DLG1;LIN7C;GPRIN1
prerank,Carnitine Metabolism R-HSA-200425,4.998954e-01,1.301436e+00,1.562500e-01,3.893609e-01,1.000000e+00,4/10,8.61%,CPT1A;CPT2;MID1IP1;RXRA
prerank,GABA Receptor Activation R-HSA-977443,-3.539318e-01,-1.300955e+00,1.072607e-01,5.398625e-01,1.000000e+00,16/49,20.28%,KCNJ3;ADCY1;KCNJ6;GABRB2;GABRG3;KCNJ9;GABRG2;GNB3;ADCY9;GABRA1;KCNJ4;NPTN;ADCY6;ARHGEF9;GNB5;GNAI1
prerank,PI Metabolism R-HSA-1483255,-3.241387e-01,-1.300498e+00,9.291339e-02,5.374114e-01,1.000000e+00,32/76,28.75%,PIK3R1;PLEKHA1;PIP5K1C;PIK3R2;PIP5K1B;PIP5K1A;CLSTN1;MTMR12;TNFAIP8L3;TPTE;INPP5E;ARF3;GDPD1;MTMR2;PLEKHA6;PLEKHA2;PLEKHA3;PIK3R4;PIP4K2C;PIP4K2B;PI4KA;MTMR1;PNPLA7;INPP4A;TNFAIP8L1;PLEKHA8;MTMR9;SBF1;PIK3CA;MTMR14;PI4KB;PIK3CB
prerank,Organelle Biogenesis And Maintenance R-HSA-1852241,-2.759625e-01,-1.300107e+00,3.285151e-02,5.349301e-01,1.000000e+00,92/252,29.70%,MEF2C;RAB11FIP3;PRKCA;C2CD3;WDR19;LZTFL1;SIRT4;BBS1;PCNT;PPARGC1B;NR1D1;SFI1;CENPJ;IQCB1;PKD1;IFT172;BBS5;POLG2;CEP192;NCOR1;TFAM;DYNC2H1;APOO;TTC21B;AHI1;CRTC1;CEP152;NPHP4;MKKS;HDAC3;CEP72;CEP76;SIRT5;LIN9;PLK1;PPRC1;EXOC3;NCOA6;INPP5E;CYS1;CNTRL;CREBBP;TFB2M;HAUS2;PRKAR2B;PRKD2;SDCCAG8;CRTC3;MAPK14;NCOA1;PPARGC1A;CARM1;TCTN2;IFT122;MTERF1;HCFC1;CCT4;KIF3B;NRF1;CEP250;CEP63;PRKAB2;GDNF;CREB1;HAUS3;MCHR1;PTGES2;ALAS1;MAPK11;B9D2;DYNC2LI1;BBS7;IFT57;ATP5F1B;IFT46;EXOC8;PRKAB1;CRTC2;KIF3C;IFT140;CEP57;CKAP5;DYNLRB1;TFB1M;CEP41;TMEM67;HDAC6;MAPK12;ATP5F1A;TUBA4A;CEP89;ESRRA
prerank,"Transport Of Bile Salts And Organic Acids, Metal Ions And Amine Compounds R-HSA-425366",3.181072e-01,1.299826e+00,8.910891e-02,3.905518e-01,1.000000e+00,20/54,22.11%,SLC44A2;SLC22A3;SLC40A1;HEPH;SLC39A6;SLC16A1;SLC6A19;SLC22A4;SLC16A3;SLC13A3;SLC16A8;SLC44A1;SLC6A13;SLC18A2;SLC22A7;SLC14A1;SLC44A3;SLC22A18;SLC2A13;SLC6A3
prerank,Formation Of Early Elongation Complex R-HSA-113418,3.570382e-01,1.298660e+00,1.220096e-01,3.910773e-01,1.000000e+00,10/32,20.00%,GTF2F2;NCBP2;GTF2H3;POLR2L;POLR2A;NELFE;POLR2I;POLR2J;POLR2G;POLR2F
prerank,Regulation Of MECP2 Expression And Activity R-HSA-9022692,-3.994706e-01,-1.298481e+00,1.393443e-01,5.359302e-01,1.000000e+00,11/30,22.55%,CAMK2A;PRKCA;CAMK2G;AGO1;NCOR2;NCOR1;HDAC3;TNRC6C;FOXG1;CREB1;AGO4
prerank,Signaling By NOTCH2 R-HSA-1980145,3.591005e-01,1.298280e+00,1.274510e-01,3.898555e-01,1.000000e+00,16/30,30.51%,PSEN2;APH1B;NCSTN;MAML2;UBA52;NOTCH2;PSENEN;HES5;JAG1;DLL1;RBPJ;FCER2;PSEN1;ADAM10;MIB1;MAMLD1
prerank,Defensins R-HSA-1461973,4.585535e-01,1.296230e+00,1.418605e-01,3.922827e-01,1.000000e+00,9/13,24.07%,DEFB123;TLR1;DEFB132;CD4;DEFB124;DEFB115;DEFB135;DEFB1;TLR2
prerank,Response To Elevated Platelet Cytosolic Ca2+ R-HSA-76005,2.755789e-01,1.292268e+00,5.919003e-02,3.980322e-01,1.000000e+00,41/101,25.30%,MANF;SPARC;SYTL4;SERPINA1;CYB5R1;TIMP3;LGALS3BP;THBS1;LHFPL2;RARRES2;TLN1;HSPA5;CAP1;PECAM1;CALU;PDGFA;STXBP3;APOOL;TIMP1;TF;TOR4A;TAGLN2;SGPP2;SRGN;ALB;PDGFB;ENDOD1;APLP2;CLEC3B;PPBP;CD63;LAMP2;SERPINA3;CHID1;VEGFC;FN1;SELENOP;CD109;ANXA5;VEGFB;QSOX1
prerank,Regulation Of TP53 Activity R-HSA-5633007,-2.904750e-01,-1.292256e+00,5.507246e-02,5.511640e-01,1.000000e+00,60/142,31.59%,RBBP4;NUAK1;TOP3A;PRDM1;KAT6A;ING3;RFC5;SMYD2;RFC2;BRPF3;AKT1;MAPKAPK5;TAF6;BRD1;AKT3;GATAD2B;TAF5;CDK5R1;EP300;TOPBP1;ING5;PPP1R13B;BARD1;RFC4;AKT2;DAXX;MAPK14;TAF15;HIPK1;RAD9A;RAD50;RBBP8;PIP4K2C;PRKAB2;PIP4K2B;TTC5;EHMT1;TAF13;CHD3;TAF4;PHF20;RMI2;MAPK11;DNA2;SUPT16H;EHMT2;PDPK1;MLST8;PRKAB1;CCNA1;JMY;SSRP1;TAF1L;BANP;KAT5;CSNK2A2;TBP;PRKAA2;RPS27A;RNF34
prerank,Role Of Nef In HIV-1 Replication And Disease Pathogenesis R-HSA-164952,3.887079e-01,1.292200e+00,1.425061e-01,3.960630e-01,1.000000e+00,12/23,34.16%,RNASE1;CD4;AP2B1;CD247;CD8B;HCK;B2M;FYN;HLA-A;AP1G1;ELMO1;PACS1
prerank,DNA Repair R-HSA-73894,-2.719672e-01,-1.290972e+00,3.994490e-02,5.512487e-01,1.000000e+00,67/253,21.29%,DCLRE1A;RAD51C;SPIDR;RAD51D;NEIL1;PARP2;KDM4A;TOP3A;DDB2;RTEL1;PAXIP1;UIMC1;POLN;MCRS1;MUS81;POLG2;RFC5;UBE2I;ACD;FANCG;POLE3;EYA3;SLX4;YY1;RAD52;ACTR5;RFC2;PARG;TINF2;PRPF19;GTF2H4;PPIE;ZNF830;INO80E;POLH;PPP4R2;USP43;PIAS1;EP300;RNF111;FANCI;TOPBP1;USP1;NEIL2;SUMO1;PIAS4;NSD2;HERC2;BARD1;RFC4;MAPK8;POLR2H;ERCC4;TDP2;EYA4;RNF168;TERF2;SUMO2;POLD3;RAD9A;INO80;RAD18;TDG;RAD50;MDC1;RBBP8;ALKBH3
prerank,Interleukin-20 Family Signaling R-HSA-8854691,4.270704e-01,1.289520e+00,1.729490e-01,3.993398e-01,1.000000e+00,6/16,14.83%,JAK3;IFNL2;PTPN11;IL10RB;STAT5A;IFNL3
prerank,Translation Of Structural Proteins R-HSA-9683701,-3.912084e-01,-1.288621e+00,1.396161e-01,5.543006e-01,1.000000e+00,13/28,23.34%,PARP8;PARP16;UBE2I;ST3GAL2;GSK3B;ST3GAL1;MOGAT1;SUMO1;PARP6;GSK3A;ST6GALNAC4;MOGS;ST3GAL3
prerank,Regulation Of Actin Dynamics For Phagocytic Cup Formation R-HSA-2029482,3.196415e-01,1.287766e+00,9.487179e-02,4.008153e-01,1.000000e+00,17/54,21.55%,PKN1;FCGR2A;DOCK1;WASF2;SYK;ARPC1B;MAPK3;CDC42;RNASE1;ELMO2;VAV1;NCK1;CD247;ARPC3;WIPF1;ARPC5;MYO10
prerank,Asymmetric Localization Of PCP Proteins R-HSA-4608870,3.116741e-01,1.287747e+00,8.401084e-02,3.987855e-01,1.000000e+00,23/60,27.90%,FZD9;VANGL2;PSMB10;FZD2;SEM1;UBA52;PSMB1;FZD1;PSME1;PSMB9;PSMD10;PSMB2;PSME2;PSMD5;PSMA3;PSMB4;FZD7;PSMA7;PSMD8;WNT5A;FZD8;PSMB8;PSMC1
prerank,Synthesis Of Prostaglandins (PG) And Thromboxanes (TX) R-HSA-2162123,4.779093e-01,1.287306e+00,1.713666e-01,3.976446e-01,1.000000e+00,7/12,17.52%,AKR1C3;HPGD;TBXAS1;PTGDS;CBR1;HPGDS;PTGES
prerank,Phospholipase C-mediated Cascade; FGFR2 R-HSA-5654221,-5.165842e-01,-1.286889e+00,1.654804e-01,5.557569e-01,1.000000e+00,3/10,14.69%,FGF17;FGF9;FGF18
prerank,Interaction Between L1 And Ankyrins R-HSA-445095,-3.956094e-01,-1.286753e+00,1.449753e-01,5.526192e-01,1.000000e+00,13/25,23.16%,SPTBN5;ANK1;SPTBN4;SCN8A;SPTAN1;SPTB;SCN1B;SCN4B;SCN1A;SCN2B;L1CAM;SPTBN2;SCN2A
prerank,Eukaryotic Translation Termination R-HSA-72764,-3.182950e-01,-1.285781e+00,9.633028e-02,5.520406e-01,1.000000e+00,36/88,32.02%,RPL15;RPL28;RSL24D1;RPL9;RPS7;RPS21;RPL26;RPSA;RPL38;RPS25;RPS4Y1;RPL10L;GSPT1;RPS3;RPS13;RPS29;RPL14;RPL13A;RPL18A;RPL22;RPL35A;RPL4;RPS9;RPL3;RPLP0;RPL37A;RPL21;RPL31;RPS5;RPL23A;RPL27;RPS27A;RPS24;RPL7A;RPS3A;RPL7
prerank,ER Quality Control Compartment (ERQC) R-HSA-901032,4.102717e-01,1.281929e+00,1.689815e-01,4.064204e-01,1.000000e+00,6/19,20.65%,UBA52;DERL2;SYVN1;RNF139;AMFR;SEL1L
prerank,PI-3K cascade:FGFR2 R-HSA-5654695,-4.614349e-01,-1.281889e+00,1.783217e-01,5.598537e-01,1.000000e+00,5/15,16.84%,FGF17;PIK3R1;FGF9;FGF18;GRB2
prerank,"Gamma Carboxylation, Hypusine Formation And Arylsulfatase Activation R-HSA-163841",3.432099e-01,1.281306e+00,1.225962e-01,4.055553e-01,1.000000e+00,10/34,20.05%,TTF2;DNAJC24;SUMF1;ARSA;ARSF;TPST1;EIF5AL1;DPH6;ICMT;ARSD
prerank,PPARA Activates Gene Expression R-HSA-1989781,-3.070935e-01,-1.280557e+00,9.117221e-02,5.604301e-01,1.000000e+00,36/104,22.96%,TIAM2;FHL2;CLOCK;PPARGC1B;MED13L;NR1D1;NCOR2;MED6;NCOR1;NFYC;GLIPR1;MED9;MED21;ARHGAP9;HDAC3;CDK19;MED22;LIN9;NCOA6;EP300;MED23;CREBBP;MED12;RXRB;MED15;MED18;NCOA1;PPARGC1A;MED31;CARM1;MED30;TRIB3;NRF1;NFYA;MED20;ALAS1
prerank,Cell Junction Organization R-HSA-446728,2.972436e-01,1.280215e+00,6.051873e-02,4.056291e-01,1.000000e+00,23/69,20.50%,RSU1;LIMS1;PARD3;LIMS2;ITGB4;CADM1;CDH11;CLDN14;CDH6;CDH8;CDH19;NECTIN2;FERMT2;PATJ;JUP;CD151;ITGA6;VASP;PARD6G;DST;LAMC2;CLDN11;CLDN3
prerank,Signaling By PDGF R-HSA-186797,3.191868e-01,1.279139e+00,1.052632e-01,4.057647e-01,1.000000e+00,16/50,18.89%,THBS4;PDGFRA;THBS1;THBS2;PTPN11;COL9A1;COL4A5;NRAS;PDGFA;STAT5A;COL4A4;NCK1;PDGFB;COL6A3;COL9A2;PLAT
prerank,Positive Epigenetic Regulation Of rRNA Expression R-HSA-5250913,-3.566240e-01,-1.278900e+00,1.266447e-01,5.616384e-01,1.000000e+00,11/42,17.92%,TAF1D;RBBP4;MYBBP1A;POLR1D;GSK3B;GATAD2B;TAF1C;EP300;DDX56;POLR1E;POLR2H
prerank,Metabolism Of Polyamines R-HSA-351202,3.182099e-01,1.278436e+00,8.963585e-02,4.049534e-01,1.000000e+00,18/53,27.90%,PSMB10;SEM1;SMOX;PSMB1;NQO1;PSME1;PSMB9;PSMD10;OAZ3;PSMB2;PSME2;PSMD5;PSMA3;PSMB4;PSMA7;PSMD8;PSMB8;PSMC1
prerank,Digestion And Absorption R-HSA-8963743,4.844460e-01,1.277960e+00,1.771058e-01,4.038902e-01,1.000000e+00,5/10,18.17%,SLC2A5;PIR;PMEL;GUCA2A;ALPP
prerank,Negative Regulation Of TCF-dependent Signaling By WNT Ligand Antagonists R-HSA-3772470,4.816046e-01,1.276821e+00,1.854305e-01,4.041926e-01,1.000000e+00,3/10,8.21%,SFRP1;DKK4;WNT4
prerank,Deposition Of New CENPA-containing Nucleosomes At Centromere R-HSA-606279,-4.369179e-01,-1.276293e+00,1.755319e-01,5.662926e-01,1.000000e+00,4/19,6.75%,RBBP4;MIS18A;MIS18BP1;ITGB3BP
prerank,Metalloprotease DUBs R-HSA-5689901,-4.215912e-01,-1.276260e+00,1.631206e-01,5.628380e-01,1.000000e+00,7/19,16.80%,STAMBPL1;MYSM1;UIMC1;NLRP3;PSMD14;EP300;BARD1
prerank,Pre-NOTCH Processing In Golgi R-HSA-1912420,4.259711e-01,1.275352e+00,1.443038e-01,4.052887e-01,1.000000e+00,8/15,21.83%,LFNG;B4GALT1;NOTCH2;MFNG;RFNG;RAB6A;SEL1L;TMED2
prerank,Signaling By FGFR3 In Disease R-HSA-5655332,-4.482610e-01,-1.274385e+00,1.692573e-01,5.649654e-01,1.000000e+00,5/16,16.84%,FGF17;PIK3R1;FGF9;FGF18;GRB2
prerank,Unfolded Protein Response (UPR) R-HSA-381119,2.860774e-01,1.274156e+00,7.042254e-02,4.055324e-01,1.000000e+00,24/84,17.46%,DNAJB11;HSP90B1;CREB3L2;EXOSC7;ACADVL;LMNA;DNAJC3;TLN1;MYDGF;HSPA5;YIF1A;DDIT3;HDGF;SSR1;ATF6;CALR;SYVN1;WFS1;CREB3L4;PREB;SHC1;EIF2AK3;ATF3;PARN
prerank,Glycogen Storage Diseases R-HSA-3229121,4.516330e-01,1.272932e+00,1.751663e-01,4.060528e-01,1.000000e+00,5/13,15.93%,GYG2;UBA52;G6PC3;PPP1R3C;GBE1
prerank,Canonical Retinoid Cycle In Rods (Twilight Vision) R-HSA-2453902,4.189008e-01,1.272835e+00,1.729858e-01,4.042072e-01,1.000000e+00,11/17,33.79%,RBP1;RDH10;RDH11;STRA6;HSD17B6;RDH12;CYP4V2;RBP4;TTR;DHRS9;RHO
prerank,PI-3K cascade:FGFR3 R-HSA-5654710,-4.741173e-01,-1.272436e+00,1.829710e-01,5.673516e-01,1.000000e+00,5/13,16.84%,FGF17;PIK3R1;FGF9;FGF18;GRB2
prerank,Regulation Of Ornithine Decarboxylase (ODC) R-HSA-350562,3.249196e-01,1.272153e+00,1.108033e-01,4.038818e-01,1.000000e+00,17/47,27.90%,PSMB10;SEM1;PSMB1;NQO1;PSME1;PSMB9;PSMD10;OAZ3;PSMB2;PSME2;PSMD5;PSMA3;PSMB4;PSMA7;PSMD8;PSMB8;PSMC1
prerank,Transcriptional Regulation By AP-2 (TFAP2) Family Of Transcription Factors R-HSA-8864260,-3.804882e-01,-1.270803e+00,1.423841e-01,5.687477e-01,1.000000e+00,10/30,15.67%,CHGA;NOP2;UBE2I;YY1;KCTD1;EP300;CITED2;MYC;CREBBP;SUMO1
prerank,Folding Of Actin By CCT/TriC R-HSA-390450,4.926036e-01,1.270636e+00,1.765957e-01,4.049348e-01,1.000000e+00,2/10,9.87%,CCT6B;CCT5
prerank,Metabolism Of Vitamins And Cofactors R-HSA-196854,2.610880e-01,1.270173e+00,5.466238e-02,4.038950e-01,1.000000e+00,55/157,25.47%,LRP10;AKR1C3;APOE;AKR1C1;SLC19A1;CD38;APOM;RBP1;HLCS;UBIAD1;SLC46A1;TTPA;FOLR2;AKR1C4;SLC19A3;PARP14;GSTO2;CYB5R3;QPRT;SLC52A3;LPL;GPC6;AMN;RDH11;CD320;SDC2;MTHFD2;MMAB;PCCA;ENPP1;PRSS58;SLC52A1;SDC3;NADSYN1;NMNAT1;COQ2;PDZD11;PPCDC;CTRB1;NT5E;AASDHPPT;NADK2;ACP5;SDC4;DHFR;SHMT2;SLC52A2;GPC4;LDLR;ACACB;PARP10;PANK3;PLB1;DHFR2;ENPP2
prerank,Regulation Of Lipid Metabolism By PPARalpha R-HSA-400206,-3.048404e-01,-1.269903e+00,9.077599e-02,5.679508e-01,1.000000e+00,36/106,22.96%,TIAM2;FHL2;CLOCK;PPARGC1B;MED13L;NR1D1;NCOR2;MED6;NCOR1;NFYC;GLIPR1;MED9;MED21;ARHGAP9;HDAC3;CDK19;MED22;LIN9;NCOA6;EP300;MED23;CREBBP;MED12;RXRB;MED15;MED18;NCOA1;PPARGC1A;MED31;CARM1;MED30;TRIB3;NRF1;NFYA;MED20;ALAS1
prerank,Infection With Mycobacterium Tuberculosis R-HSA-9635486,3.874085e-01,1.269747e+00,1.185682e-01,4.028415e-01,1.000000e+00,9/23,27.73%,DUSP16;KPNB1;UBA52;MAPK3;B2M;TLR2;MRC1;TRIM27;RNF213
prerank,CREB1 Phosphorylation Thru NMDA Receptor-Mediated Activation Of RAS Signaling R-HSA-442742,-3.951773e-01,-1.268807e+00,1.641286e-01,5.679103e-01,1.000000e+00,11/26,27.36%,RPS6KA3;CAMK2A;CAMK2G;DLG1;CREB1;GPRIN1;RASGRF1;RASGRF2;PDPK1;CAMK2B;RPS6KA2
prerank,Defective HDR Thru Homologous Recombination (HRR) Due To BRCA1 Loss-Of-Function R-HSA-9701192,-4.376905e-01,-1.268570e+00,1.774492e-01,5.652107e-01,1.000000e+00,10/18,29.60%,RAD51C;RAD51D;TOP3A;BARD1;RAD50;RBBP8;RMI2;DNA2;PALB2;KAT5
prerank,Mitochondrial Biogenesis R-HSA-1592230,-3.157753e-01,-1.267435e+00,1.161388e-01,5.651924e-01,1.000000e+00,36/84,29.70%,MEF2C;SIRT4;PPARGC1B;NR1D1;POLG2;NCOR1;TFAM;APOO;CRTC1;HDAC3;SIRT5;LIN9;PPRC1;NCOA6;CREBBP;TFB2M;CRTC3;MAPK14;NCOA1;PPARGC1A;CARM1;MTERF1;HCFC1;NRF1;PRKAB2;GDNF;CREB1;ALAS1;MAPK11;ATP5F1B;PRKAB1;CRTC2;TFB1M;MAPK12;ATP5F1A;ESRRA
prerank,IRAK4 Deficiency (TLR2/4) R-HSA-5603041,4.602148e-01,1.267172e+00,1.809955e-01,4.064775e-01,1.000000e+00,8/12,31.76%,TLR1;TLR4;S100A1;MYD88;NDUFA2;TLR2;TLR6;IRAK4
prerank,HSF1 Activation R-HSA-3371511,3.875805e-01,1.262724e+00,1.551313e-01,4.135044e-01,1.000000e+00,10/24,27.67%,HSBP1;HSPH1;DNAJB1;FKBP4;HSPA6;SERPINH1;EEF1A1;TNFRSF21;HSPA1A;VCP
prerank,Effects Of PIP2 Hydrolysis R-HSA-114508,-4.025499e-01,-1.262553e+00,1.642036e-01,5.761289e-01,1.000000e+00,5/24,11.39%,PRKCE;ITPR1;DGKZ;DAGLB;DGKA
prerank,FCGR3A-mediated Phagocytosis R-HSA-9664422,3.144722e-01,1.262447e+00,1.226667e-01,4.120233e-01,1.000000e+00,18/53,22.16%,DOCK1;WASF2;SYK;ARPC1B;MAPK3;CDC42;RNASE1;ELMO2;VAV1;NCK1;CD247;ARPC3;YES1;WIPF1;HCK;ARPC5;MYO10;FYN
prerank,Deadenylation-dependent mRNA Decay R-HSA-429914,-3.405646e-01,-1.262219e+00,1.244019e-01,5.737272e-01,1.000000e+00,19/49,29.45%,DCP1A;CNOT6L;EIF4A2;DIS3;EXOSC2;PAIP1;DCP1B;DCPS;EDC3;CNOT8;CNOT3;EIF4B;CNOT2;CNOT10;LSM1;EXOSC5;EXOSC9;NT5C3B;HBS1L
prerank,Sema4D In Semaphorin Signaling R-HSA-400685,3.740368e-01,1.262006e+00,1.589404e-01,4.109687e-01,1.000000e+00,12/24,22.82%,RHOB;RHOC;LIMK2;MYL6;PLXNB1;RRAS;RNASE1;MYL12B;RHOA;ERBB2;RNMT;MYH10
prerank,Gap Junction Degradation R-HSA-190873,4.806583e-01,1.260181e+00,1.958998e-01,4.128907e-01,1.000000e+00,3/10,5.00%,CLTCL1;DAB2;GJA1
prerank,Ubiquitin Mediated Degradation Of Phosphorylated Cdc25A R-HSA-69601,3.179249e-01,1.258235e+00,1.210526e-01,4.151401e-01,1.000000e+00,17/47,27.90%,PSMB10;SEM1;UBA52;PSMB1;CHEK2;PSME1;PSMB9;PSMD10;PSMB2;PSME2;PSMD5;PSMA3;PSMB4;PSMA7;PSMD8;PSMB8;PSMC1
prerank,Autodegradation Of E3 Ubiquitin Ligase COP1 R-HSA-349425,3.172418e-01,1.257559e+00,1.317829e-01,4.144696e-01,1.000000e+00,18/48,27.90%,PSMB10;SEM1;UBA52;PSMB1;PSME1;PSMB9;PSMD10;PSMB2;PSME2;PSMD5;PSMA3;PSMB4;ATM;PSMA7;PSMD8;PSMB8;CARD16;PSMC1
prerank,Signaling By NTRKs R-HSA-166520,-2.886595e-01,-1.257365e+00,8.651026e-02,5.851028e-01,1.000000e+00,31/126,18.55%,EGR1;ARC;MEF2C;RPS6KA3;FOSB;PIK3R1;DUSP7;EGR2;KIDINS220;NAB2;RALB;MEF2A;NAB1;PIK3R2;ID2;FOSL1;IRS1;SH3GL2;DNM1;EGR4;CLTA;MAPK13;SRF;CDK5R1;EP300;NTRK2;SHC3;GRB2;NTRK3;MAPK14;DUSP4
prerank,AKT Phosphorylates Targets In Cytosol R-HSA-198323,-4.531253e-01,-1.256863e+00,1.907407e-01,5.831568e-01,1.000000e+00,6/14,21.57%,GSK3B;AKT1;AKT3;AKT2;GSK3A;CDKN1B
prerank,XBP1(S) Activates Chaperone Genes R-HSA-381038,3.203797e-01,1.256567e+00,1.214470e-01,4.144497e-01,1.000000e+00,13/45,14.95%,DNAJB11;ACADVL;LMNA;DNAJC3;TLN1;MYDGF;YIF1A;HDGF;SSR1;SYVN1;WFS1;PREB;SHC1
prerank,Eukaryotic Translation Elongation R-HSA-156842,-3.106197e-01,-1.254836e+00,1.158537e-01,5.861675e-01,1.000000e+00,42/88,36.53%,RPL15;RPL28;RSL24D1;RPL9;RPS7;RPS21;RPL26;EEF2;RPSA;RPL38;RPS25;RPS4Y1;RPL10L;RPS3;RPS13;RPS29;RPL14;RPL13A;RPL18A;RPL22;RPL35A;RPL4;RPS9;RPL3;RPLP0;RPL37A;RPL21;RPL31;RPS5;RPL23A;RPL27;RPS27A;RPS24;RPL7A;RPS3A;RPL7;RPL23;RPS12;RPS15A;RPS14;EEF1D;RPL6
prerank,Uptake And Function Of Anthrax Toxins R-HSA-5210891,4.632630e-01,1.254730e+00,1.759465e-01,4.163372e-01,1.000000e+00,1/11,0.56%,ANTXR1
prerank,Polymerase Switching On C-strand Of Telomere R-HSA-174411,-3.950215e-01,-1.254374e+00,1.826087e-01,5.840798e-01,1.000000e+00,9/25,19.61%,DSCC1;PRIM1;RFC5;ACD;RFC2;TINF2;RFC4;TERF2;POLD3
prerank,Centrosome Maturation R-HSA-380287,-3.153731e-01,-1.253251e+00,1.119751e-01,5.841548e-01,1.000000e+00,24/74,22.02%,PRKCA;PCNT;SFI1;CENPJ;TUBGCP6;CEP192;CEP152;TUBGCP5;CEP72;CEP76;PLK1;CNTRL;HAUS2;PRKAR2B;TUBG2;SDCCAG8;CEP250;CEP63;TUBGCP4;CDK11A;HAUS3;TUBGCP2;CDK11B;TUBGCP3
prerank,MET Promotes Cell Motility R-HSA-8875878,3.606539e-01,1.251488e+00,1.428571e-01,4.215636e-01,1.000000e+00,7/27,20.12%,LAMA1;LAMB1;RAP1B;RNASE1;TNS3;LAMC2;RNMT
prerank,RND3 GTPase Cycle R-HSA-9696264,-3.564236e-01,-1.249066e+00,1.560403e-01,5.931834e-01,1.000000e+00,9/35,12.29%,PIK3R1;TNFAIP1;PLEKHG5;RASAL2;PIK3R2;RBMX;LEMD3;ANKRD26;KCTD13
prerank,Transcriptional Regulation Of Granulopoiesis R-HSA-9616222,3.722393e-01,1.248112e+00,1.521739e-01,4.272260e-01,1.000000e+00,9/25,17.21%,TFDP2;CBFB;TAL1;CEBPA;RXRA;LEF1;FLI1;MYB;CDKN1A
prerank,RNA Polymerase III Transcription Initiation From Type 2 Promoter R-HSA-76066,-3.930407e-01,-1.248090e+00,1.561404e-01,5.928361e-01,1.000000e+00,13/26,30.35%,POLR3A;GTF3C2;POLR1D;BDP1;POLR3F;CRCP;POLR2H;GTF3C4;GTF3C1;GTF3C3;POLR3K;POLR3E;TBP
prerank,Formation Of beta-catenin:TCF Transactivating Complex R-HSA-201722,-3.763202e-01,-1.247734e+00,1.762712e-01,5.906034e-01,1.000000e+00,11/29,20.42%,LEO1;TLE2;BCL9;EP300;MYC;CREBBP;BCL9L;RBBP5;TRRAP;TLE4;MEN1
prerank,SLC-mediated Transmembrane Transport R-HSA-425407,2.465155e-01,1.247275e+00,3.985507e-02,4.269694e-01,1.000000e+00,58/180,23.27%,SLC24A3;SLC44A2;SLC7A10;SLC27A6;SLC22A3;SLCO2B1;SLC40A1;SLC9A9;SLC15A3;SLC2A10;HEPH;SLC7A7;CTNS;SLC12A4;SLC39A6;SLC16A1;SLC35D1;SLC4A3;SLC6A19;SLC4A4;SLC22A4;SLC16A3;SLC9A7;SLC13A3;SLC1A7;SLC16A8;SLC26A2;SLC17A8;SLC44A1;LCN12;SLC7A11;SLC6A13;SLC5A12;SLC45A3;SLC3A2;PDZD11;SLC35B2;APOD;SLC25A18;SLC12A2;SLC12A7;SLC18A2;SLCO1A2;SLC1A4;SLC5A2;SLC22A7;SLC14A1;SLC5A10;SLC1A3;SLC44A3;SLC22A18;SLC2A13;SLC6A3;SLC34A3;SLC9A2;SLC24A1;SLC27A1;SLC50A1
prerank,SUMOylation Of DNA Damage Response And Repair Proteins R-HSA-3108214,-3.100578e-01,-1.247270e+00,1.520737e-01,5.887754e-01,1.000000e+00,25/71,25.93%,PIAS2;NUP98;UBE2I;RAD52;NUP155;SMC1A;RING1;SEH1L;PIAS1;SUMO1;PIAS4;NUP85;HERC2;NUP54;NUP153;NUP62;RNF168;SUMO2;SMC6;TDG;MDC1;PHC2;RANBP2;RNF2;NUP35
prerank,RHO GTPases Activate PAKs R-HSA-5627123,3.912139e-01,1.247070e+00,1.728665e-01,4.254777e-01,1.000000e+00,5/21,14.53%,PKN1;MYL6;CDC42;RNASE1;MYL12B
prerank,Negative Epigenetic Regulation Of rRNA Expression R-HSA-5250941,-3.451740e-01,-1.247028e+00,1.580699e-01,5.861223e-01,1.000000e+00,24/43,39.57%,TAF1D;BAZ2A;POLR1D;GTF2H4;DNMT1;TAF1C;RRP8;POLR1E;POLR2H;SAP30L;MNAT1;TBP;ERCC3;SUDS3;DNMT3B;TAF1B;TTF1;POLR1B;SIRT1;ARID4B;UBTF;POLR2K;GTF2H1;SAP18
prerank,Nuclear Events Mediated By NFE2L2 R-HSA-9759194,2.870634e-01,1.246459e+00,1.002865e-01,4.249981e-01,1.000000e+00,25/75,24.86%,HMOX1;PSMB10;SEM1;PHGDH;UBA52;PSMB1;NFE2L2;GCLC;NQO1;PSME1;TXNRD1;PSMB9;PSMD10;PSMB2;SLC7A11;PSME2;PRDX1;TKT;PSMD5;PSMA3;PSMB4;GSR;PSMA7;TALDO1;PSMD8
prerank,Nuclear Envelope Breakdown R-HSA-2980766,-3.441637e-01,-1.245828e+00,1.391831e-01,5.864541e-01,1.000000e+00,13/47,18.41%,PRKCA;PRKCB;NUP98;NUP155;LEMD3;CNEP1R1;SEH1L;PLK1;TMPO;NUP85;NUP54;NUP153;NUP62
prerank,Signaling By NOTCH4 R-HSA-9013694,2.850463e-01,1.245418e+00,1.111111e-01,4.253294e-01,1.000000e+00,33/79,31.06%,KAT2B;PSEN2;APH1B;PSMB10;HEY2;NCSTN;SEM1;MAML2;UBA52;NOTCH2;PSMB1;PSENEN;PSME1;PSMB9;PSMD10;PSMB2;HES5;PSME2;JAG1;PSMD5;PSMA3;PSMB4;RBPJ;PSMA7;PSMD8;PSMB8;PSMC1;PSEN1;ADAM10;NOTCH4;NOTCH1;MAMLD1;PSMA2
prerank,Advanced Glycosylation Endproduct Receptor Signaling R-HSA-879415,4.540109e-01,1.244947e+00,2.059448e-01,4.245743e-01,1.000000e+00,6/12,30.35%,S100B;CAPZA1;MAPK3;LGALS3;AGER;PRKCSH
prerank,Glutamate And Glutamine Metabolism R-HSA-8964539,4.455148e-01,1.244574e+00,2.063492e-01,4.234811e-01,1.000000e+00,4/13,4.31%,PYCR2;GLUD2;PYCR1;GLUD1
prerank,Vpr-mediated Nuclear Import Of PICs R-HSA-180910,-3.733968e-01,-1.244444e+00,1.719745e-01,5.874249e-01,1.000000e+00,14/32,30.97%,NUP98;SGIP1;NUP155;SEH1L;NUP85;NUP54;NUP153;NUP62;RANBP2;NUP35;NUP214;AAAS;NUP58;NUP43
prerank,Role Of GTSE1 In G2/M Progression After G2 Checkpoint R-HSA-8852276,3.064131e-01,1.243450e+00,1.280654e-01,4.240817e-01,1.000000e+00,19/53,27.90%,PSMB10;SEM1;UBA52;PSMB1;PSME1;FKBPL;PSMB9;PSMD10;PSMB2;MAPRE1;PSME2;CDKN1A;PSMD5;PSMA3;PSMB4;PSMA7;PSMD8;PSMB8;PSMC1
prerank,Plasma Lipoprotein Remodeling R-HSA-8963899,3.814780e-01,1.243018e+00,1.678832e-01,4.230709e-01,1.000000e+00,6/21,15.97%,APOE;ANGPTL4;LCAT;LPL;PLTP;ALB
prerank,Heme Signaling R-HSA-9707616,-3.562182e-01,-1.237871e+00,1.637520e-01,6.045818e-01,1.000000e+00,18/40,21.74%,MEF2C;CLOCK;NR1D1;NCOR1;CRTC1;HDAC3;LIN9;NRIP1;NCOA6;EP300;CREBBP;LY96;CRTC3;NCOA1;PPARGC1A;CARM1;GDNF;CREB1
prerank,PI-3K cascade:FGFR1 R-HSA-5654689,-4.727103e-01,-1.237804e+00,2.155797e-01,6.014469e-01,1.000000e+00,3/13,4.13%,FGF17;PIK3R1;FGF9
prerank,MyD88 Deficiency (TLR2/4) R-HSA-5602498,4.642309e-01,1.237503e+00,2.195122e-01,4.325874e-01,1.000000e+00,6/11,24.07%,TLR1;TLR4;S100A1;MYD88;NDUFA2;TLR2
prerank,Selenoamino Acid Metabolism R-HSA-2408522,-2.971473e-01,-1.237363e+00,1.178248e-01,5.994987e-01,1.000000e+00,40/96,32.62%,RPL15;SECISBP2;NNMT;RPL28;RSL24D1;RPL9;RPS7;RPS21;PAPSS2;RPL26;SEPHS2;RPSA;RPL38;RPS25;RPS4Y1;RPL10L;RPS3;RPS13;RPS29;RPL14;RPL13A;RPL18A;RPL22;RPL35A;RPL4;RPS9;RPL3;RPLP0;RPL37A;RPL21;RPL31;RPS5;RPL23A;RPL27;RPS27A;RPS24;RPL7A;RPS3A;RPL7;EEFSEC
prerank,JNK (c-Jun Kinases) Phosphorylation And Activation Mediated By Activated Human TAK1 R-HSA-450321,-4.421905e-01,-1.236716e+00,2.095588e-01,5.981634e-01,1.000000e+00,8/15,33.26%,MAPK10;TRAF6;MAPK8;IKBKG;TAB3;MAPK9;MAP3K7;IRAK1
prerank,VEGFR2 Mediated Cell Proliferation R-HSA-5218921,-4.291271e-01,-1.236712e+00,1.973684e-01,5.949347e-01,1.000000e+00,3/18,2.30%,PRKCA;ITPR1;PRKCB
prerank,G2/M DNA Damage Checkpoint R-HSA-69473,-3.279580e-01,-1.236610e+00,1.508554e-01,5.920928e-01,1.000000e+00,17/50,23.85%,TOP3A;UIMC1;RFC5;RFC2;TOPBP1;PIAS4;NSD2;HERC2;BARD1;RFC4;RNF168;RAD9A;RAD50;MDC1;RBBP8;RMI2;DNA2
prerank,O-linked Glycosylation Of Mucins R-HSA-913709,3.191309e-01,1.235450e+00,1.380282e-01,4.348884e-01,1.000000e+00,11/42,12.86%,C1GALT1;MUC4;B3GNT5;B3GNT2;B3GNT6;MUC5B;ST6GALNAC3;C1GALT1C1;B3GNT8;GALNT14;MUC2
prerank,Paradoxical Activation Of RAF Signaling By Kinase Inactive BRAF R-HSA-6802955,-3.696223e-01,-1.234237e+00,1.703204e-01,5.958487e-01,1.000000e+00,5/34,3.65%,KSR2;CNKSR2;CAMK2A;ITGA2B;CAMK2G
prerank,Leishmania Infection R-HSA-9658195,2.412390e-01,1.234159e+00,3.594771e-02,4.356861e-01,1.000000e+00,65/188,23.13%,PSTPIP1;RHBDF2;HTR7;C3;HMOX1;FCGR2A;CYBA;PLCG2;DOCK1;WASF2;RAMP1;GNG8;SYK;GPR25;CPAMD8;ADRB2;GNG4;ARPC1B;PTGIR;MAPK3;CASP1;CDC42;RNASE1;PYCARD;RAMP2;TXNIP;GNG12;ELMO2;VAV1;AVPR2;CYSLTR1;TAAR5;C3AR1;AHCYL1;NCK1;CALCA;MEFV;PTRH2;ADCYAP1R1;CD247;GPHA2;CD163;CRH;ARPC3;YES1;NT5E;PTGER2;ITPR2;WIPF1;GNG7;ADCY7;HCK;ARPC5;PRKX;DPEP3;MYO10;ADM;PTGER4;FYN;TSHB;GHRHR;SUGT1;FZD7;GGT5;GIPR
prerank,ERK/MAPK Targets R-HSA-198753,-4.005691e-01,-1.232972e+00,1.734513e-01,5.965291e-01,1.000000e+00,9/22,23.55%,MEF2C;RPS6KA3;DUSP7;MEF2A;MAPK14;DUSP4;VRK3;PPP2R5D;MAPK11
prerank,Early Phase Of HIV Life Cycle R-HSA-162594,4.222436e-01,1.232380e+00,2.004556e-01,4.379271e-01,1.000000e+00,5/15,18.21%,CXCR4;CD4;XRCC4;CCR5;LRIG1
prerank,Antigen Processing: Ubiquitination And Proteasome Degradation R-HSA-983168,-2.559558e-01,-1.229190e+00,6.266319e-02,6.047983e-01,1.000000e+00,73/286,23.90%,ZBTB16;CUL3;FBXO40;LNX1;HECW2;GLMN;ANAPC4;FBXO21;HERC6;UBE2O;FBXW7;RNF115;FBXL12;UBE2D4;ZNRF1;FBXO9;FBXL20;TRAF7;KLHL3;FBXO32;PSMA1;UBA5;BTBD6;FBXO4;MIB2;UBE2W;LMO7;PSMD11;KLHL21;FBXO27;KLHL11;FBXO31;FBXO41;RNF19A;KLHL22;HERC1;KBTBD8;RBBP6;FBXO11;DCAF1;PSMD14;MEX3C;LRRC41;DET1;HACE1;RNF111;CUL1;KBTBD7;TRIM32;UBE2C;HERC2;TRIM9;LNPEP;RNF41;KLHL42;BLMH;ANAPC7;THOP1;ASB13;VHL;ASB5;ELOC;RNF6;ASB7;SIAH2;UBE2K;SMURF1;FBXL18;PRKN;ARIH2;PSMD6;MGRN1;UBAC1
prerank,Lewis Blood Group Biosynthesis R-HSA-9037629,-4.455360e-01,-1.229114e+00,2.236136e-01,6.018255e-01,1.000000e+00,9/15,33.99%,ST3GAL6;B3GALT2;B3GALT1;FUT11;ST3GAL3;FUT6;FUT9;ST3GAL4;FUT4
prerank,Plasma Lipoprotein Assembly R-HSA-8963898,4.630284e-01,1.228963e+00,2.118227e-01,4.432389e-01,1.000000e+00,3/11,7.80%,APOC1;APOE;ABCA1
prerank,Rap1 Signaling R-HSA-392517,-4.477631e-01,-1.228507e+00,2.164580e-01,6.003756e-01,1.000000e+00,2/14,2.01%,RAP1GAP2;PRKCA
prerank,Processing Of Capped Intron-Containing Pre-mRNA R-HSA-72203,-2.617858e-01,-1.228375e+00,7.692308e-02,5.976606e-01,1.000000e+00,86/230,30.97%,PDCD7;HNRNPD;WDR33;NUP98;CPSF1;HNRNPA3;SRSF11;THOC5;GLE1;HNRNPA0;DDX46;RBMX;SNRPB;PPWD1;SNRNP40;DDX23;PRPF19;NUP155;PRCC;SLU7;PPIE;SNW1;PRPF8;TRA2B;SEH1L;GTF2F1;SNRPA1;METTL3;POLDIP3;CSTF2;SRSF4;CSTF3;NUP85;HNRNPR;PCF11;DHX15;CDC5L;HNRNPA1;NUP54;NUP153;U2AF1L4;NXF1;SART1;POLR2H;NUP62;SRSF2;CCAR1;DHX16;SF3A1;SRSF1;PPIL3;MAGOHB;POLR2D;ZMAT5;THOC7;PRPF3;RBM5;SUGP1;SF3B1;CSTF2T;RANBP2;PRPF6;SLBP;NUP35;MAGOH;SRSF7;SF3A3;PPIH;TFIP11;SRRM2;RNPS1;XAB2;CTNNBL1;GCFC2;U2AF2;CWC25;RBM17;NUP214;SNRNP200;AAAS;SRSF5;NUP58;ALYREF;RNPC3;CPSF6;NUP43
prerank,Signaling By RAF1 Mutants R-HSA-9656223,-3.739165e-01,-1.225777e+00,1.774744e-01,6.024827e-01,1.000000e+00,5/32,3.65%,KSR2;CNKSR2;CAMK2A;ITGA2B;CAMK2G
prerank,Signaling By ERBB2 R-HSA-1227986,-3.401990e-01,-1.223324e+00,1.708861e-01,6.069483e-01,1.000000e+00,13/45,18.64%,PRKCE;PIK3R1;PRKCA;MATK;NRG3;DIAPH1;AKT1;AKT3;NRG4;GRB2;RNF41;AKT2;PTPN18
prerank,Inactivation Of CSF3 (G-CSF) Signaling R-HSA-9705462,3.663753e-01,1.221964e+00,1.886364e-01,4.569951e-01,1.000000e+00,7/23,21.10%,SOCS1;UBA52;SYK;RNF7;STAT5A;HCK;ELOB
prerank,SUMOylation Of Transcription Factors R-HSA-3232118,-4.430034e-01,-1.221351e+00,2.176991e-01,6.099156e-01,1.000000e+00,6/15,19.55%,PIAS2;UBE2I;PIAS1;SUMO1;PIAS4;SUMO2
prerank,Activation Of AP-1 Family Of Transcription Factors R-HSA-450341,-4.899700e-01,-1.221208e+00,2.306273e-01,6.072681e-01,1.000000e+00,6/10,27.19%,MAPK10;MAPK8;MAPK14;GDNF;MAPK11;MAPK9
prerank,Defective TPR May Confer Susceptibility Towards Thyroid Papillary Carcinoma (TPC) R-HSA-5619107,-3.770619e-01,-1.221090e+00,2.043189e-01,6.045007e-01,1.000000e+00,14/29,30.97%,NUP98;NUP155;SEH1L;MAP4K2;NUP85;NUP54;NUP153;NUP62;RANBP2;NUP35;NUP214;AAAS;NUP58;NUP43
prerank,Resolution Of Abasic Sites (AP Sites) R-HSA-73933,-3.564220e-01,-1.220686e+00,1.786311e-01,6.027062e-01,1.000000e+00,12/35,22.73%,NEIL1;PARP2;POLG2;RFC5;POLE3;RFC2;PARG;NEIL2;RFC4;POLD3;TDG;OGG1
prerank,Stabilization Of P53 R-HSA-69541,3.030350e-01,1.220055e+00,1.465969e-01,4.595165e-01,1.000000e+00,19/53,27.90%,PSMB10;SEM1;UBA52;PSMB1;CHEK2;PSME1;PSMB9;PSMD10;PSMB2;PSME2;PSMD5;PSMA3;PSMB4;ATM;PSMA7;PSMD8;PSMB8;CARD16;PSMC1
prerank,Degradation Of Extracellular Matrix R-HSA-1474228,2.755111e-01,1.218382e+00,1.174785e-01,4.611882e-01,1.000000e+00,29/81,22.18%,MMP28;TIMP2;NCSTN;LAMB1;CAPN13;MMP9;HTRA1;SPOCK3;COL9A1;CAPN2;BCAN;CD44;COL25A1;MMP14;COL18A1;TIMP1;PRSS58;MMP19;CAPN3;CTRB1;COL9A2;TLL2;TLL1;DCN;LAMC2;CTSS;ADAM15;PHYKPL;ADAMTS4
prerank,Muscle Contraction R-HSA-397014,2.453488e-01,1.217681e+00,5.685619e-02,4.607319e-01,1.000000e+00,40/161,14.72%,CACNG4;KCNA5;ORAI1;PKN1;ANXA2;KAT2B;KCNQ1;KCNH2;KCNE4;WWTR1;FXYD1;ITGB5;GUCY1A1;MYL6;ASPH;CACNA1H;ITGA1;LMOD1;SCN7A;TLN1;SCN9A;KCNJ12;HIPK2;MYBPC1;ALDH2;KCND2;MYBPC2;PDE5A;ATP1B2;TNNT1;TNNI3;KCNK2;CALD1;MYL5;NANOS1;KCNJ14;RYR1;RYR3;MYL12B;MYL12A
prerank,Carboxyterminal Post-Translational Modifications Of Tubulin R-HSA-8955332,3.398701e-01,1.215279e+00,2.109375e-01,4.641463e-01,1.000000e+00,12/32,22.95%,TUBB2B;TUBB3;TTLL4;TUBA1C;AGBL2;TUBB4B;AGBL3;TUBB4A;TPGS2;TTLL8;TUBB6;VASH2
prerank,Vpu Mediated Degradation Of CD4 R-HSA-180534,3.028818e-01,1.214693e+00,1.443299e-01,4.634796e-01,1.000000e+00,17/49,27.90%,PSMB10;SEM1;UBA52;PSMB1;PSME1;PSMB9;PSMD10;CD4;PSMB2;PSME2;PSMD5;PSMA3;PSMB4;PSMA7;PSMD8;PSMB8;PSMC1
prerank,TP53 Regulates Transcription Of Cell Cycle Genes R-HSA-6791312,-3.370819e-01,-1.214469e+00,1.768595e-01,6.186191e-01,1.000000e+00,15/42,28.53%,PLK2;CNOT6L;CENPJ;ARID3A;PLAGL1;EP300;CNOT8;CARM1;CNOT3;CDKN1B;CNOT2;CNOT10;CCNA1;E2F4;TFDP1
prerank,Sialic Acid Metabolism R-HSA-4085001,-3.643725e-01,-1.214461e+00,2.173145e-01,6.155430e-01,1.000000e+00,11/30,25.35%,ST3GAL6;SLC35A1;ST6GAL2;ST8SIA5;ST3GAL2;ST3GAL1;CTSA;GNE;ST6GALNAC4;ST3GAL3;EGFL7
prerank,Glycosphingolipid Metabolism R-HSA-1660662,3.234205e-01,1.213745e+00,1.771845e-01,4.635761e-01,1.000000e+00,12/37,21.29%,GALC;SUMF1;ARSA;ASAH1;ARSF;GLTP;CPTP;UGT8;GLB1L;ARSD;B3GALNT1;GM2A
prerank,Metabolism Of Amino Acids And Derivatives R-HSA-71291,2.259856e-01,1.213428e+00,4.629630e-02,4.624452e-01,1.000000e+00,76/304,22.21%,BHMT2;HSD17B10;SQOR;ALDH9A1;LDHD;PYCR2;PCBD1;DDC;HIBCH;GLUD2;PSMB10;SERINC5;PYCR1;CHDH;SEM1;GLUD1;PHGDH;SMOX;MPST;QDPR;GOLT1A;ALDH4A1;PIPOX;AASS;PEMT;BBOX1;UBA52;TH;PSMB1;AHCY;GPT;NQO1;FAH;ADI1;PSME1;RPS27L;TXNRD1;GCSH;GATM;PSMB9;PSMD10;MRPL13;GAMT;ALDH6A1;SBDS;PSPH;SLC44A1;OAZ3;PSMB2;DMGDH;ASRGL1;NAGS;IL4I1;KYNU;BCKDHB;PSME2;CKMT2;SLC3A2;CKM;PRODH;ASPA;SLC25A13;DHTKD1;BCAT1;BCAT2;HNMT;PSMD5;PAPSS1;GCAT;GCDH;PSMA3;PHYKPL;PSMB4;GSR;ALDH7A1;TSHB
prerank,NOTCH3 Activation And Transmission Of Signal To Nucleus R-HSA-9013507,3.609913e-01,1.213031e+00,2.153110e-01,4.612521e-01,1.000000e+00,5/22,8.85%,PSEN2;APH1B;NCSTN;UBA52;PSENEN
prerank,Defects In Vitamin And Cofactor Metabolism R-HSA-3296482,4.073879e-01,1.212570e+00,2.345679e-01,4.606033e-01,1.000000e+00,5/16,14.46%,HLCS;AMN;CD320;MMAB;PCCA
prerank,Vif-mediated Degradation Of APOBEC3G R-HSA-180585,3.018273e-01,1.212158e+00,1.345646e-01,4.596151e-01,1.000000e+00,18/50,27.90%,PSMB10;SEM1;UBA52;PSMB1;PSME1;PSMB9;PSMD10;PSMB2;PSME2;PSMD5;ELOB;PSMA3;PSMB4;PSMA7;PSMD8;CUL5;PSMB8;PSMC1
prerank,Purine Salvage R-HSA-74217,4.496652e-01,1.211321e+00,2.258065e-01,4.597053e-01,1.000000e+00,5/11,22.72%,APRT;AMPD3;ADA;ADK;GMPR
prerank,Negative Regulation Of FGFR4 Signaling R-HSA-5654733,-3.808452e-01,-1.210457e+00,2.259696e-01,6.250434e-01,1.000000e+00,6/24,16.84%,FGF17;SPRY2;FGF9;FGF18;MKNK1;GRB2
prerank,Downstream Signaling Of Activated FGFR4 R-HSA-5654716,-4.079535e-01,-1.210394e+00,2.059859e-01,6.221428e-01,1.000000e+00,3/19,4.13%,FGF17;PIK3R1;FGF9
prerank,Nonsense Mediated Decay (NMD) Independent Of Exon Junction Complex (EJC) R-HSA-975956,-2.969121e-01,-1.210351e+00,1.355422e-01,6.192247e-01,1.000000e+00,36/90,32.02%,RPL15;RPL28;RSL24D1;RPL9;RPS7;RPS21;RPL26;RPSA;RPL38;RPS25;RPS4Y1;RPL10L;GSPT1;RPS3;RPS13;RPS29;RPL14;RPL13A;RPL18A;RPL22;RPL35A;RPL4;RPS9;RPL3;RPLP0;RPL37A;RPL21;RPL31;RPS5;RPL23A;RPL27;RPS27A;RPS24;RPL7A;RPS3A;RPL7
prerank,Signaling By Hippo R-HSA-2028269,3.744544e-01,1.209082e+00,1.888112e-01,4.629218e-01,1.000000e+00,10/20,28.18%,WWTR1;WWC1;TJP2;YAP1;AMOT;AMOTL1;TJP1;LATS2;MOB1A;MOB1B
prerank,Signaling By FGFR4 R-HSA-5654743,-3.516484e-01,-1.205559e+00,1.963696e-01,6.307685e-01,1.000000e+00,4/33,4.13%,FGF17;SPRY2;PIK3R1;FGF9
prerank,PI3K Cascade R-HSA-109704,-3.595250e-01,-1.205259e+00,2.123177e-01,6.285836e-01,1.000000e+00,11/33,20.99%,FGF17;PIK3R1;FGF9;PIK3R2;IRS1;PDE3B;FGF18;GRB2;AKT2;TRIB3;PIK3R4
prerank,mRNA 3-End Processing R-HSA-72187,-3.191122e-01,-1.204859e+00,1.682848e-01,6.268575e-01,1.000000e+00,27/53,34.19%,WDR33;CPSF1;SRSF11;THOC5;SLU7;POLDIP3;CSTF2;SRSF4;CSTF3;PCF11;U2AF1L4;SRSF2;SRSF1;MAGOHB;THOC7;CSTF2T;MAGOH;SRSF7;RNPS1;U2AF2;SRSF5;ALYREF;CPSF6;UPF3B;CHTOP;SRRM1;DHX38
prerank,G Alpha (Z) Signaling Events R-HSA-418597,-3.358032e-01,-1.204295e+00,1.887097e-01,6.255671e-01,1.000000e+00,12/42,20.28%,ADCY1;PRKCE;PRKCA;PRKCB;ADRA2A;GNB3;ADCY9;RGS4;GNAS;ADCY6;GNB5;GNAI1
prerank,Viral mRNA Translation R-HSA-192823,-2.964917e-01,-1.202698e+00,1.618321e-01,6.276421e-01,1.000000e+00,42/88,36.53%,RPL15;RPL28;RSL24D1;RPL9;RPS7;RPS21;RPL26;RPSA;RPL38;RPS25;RPS4Y1;RPL10L;RPS3;RPS13;RPS29;RPL14;RPL13A;RPL18A;RPL22;RPL35A;RPL4;RPS9;RPL3;RPLP0;RPL37A;RPL21;RPL31;RPS5;RPL23A;RPL27;RPS27A;RPS24;RPL7A;RPS3A;RPL7;RPL23;RPS12;RPS15A;RPS14;GRSF1;BLOC1S6;RPL6
prerank,Glucose Metabolism R-HSA-70326,-3.003696e-01,-1.201966e+00,1.699847e-01,6.268812e-01,1.000000e+00,31/75,30.97%,PRKCA;SLC25A12;NUP98;GNPDA2;PFKP;NUP155;ENO2;SEH1L;MAP4K2;MDH1;NUP85;HOOK2;HOOK3;NUP54;NUP153;NUP62;GNPDA1;PPP2R5D;GOT2;PGK1;RANBP2;NUP35;SLC37A1;PGP;SLC37A4;NUP214;AAAS;NUP58;PRKACB;PGM2L1;NUP43
prerank,tRNA Processing In Nucleus R-HSA-6784531,-3.258425e-01,-1.201908e+00,1.884735e-01,6.240702e-01,1.000000e+00,23/51,30.97%,FAM98B;NUP98;CPSF1;TSEN2;NUP155;TSEN54;SEH1L;TSEN15;CSTF2;NUP85;ZBTB8OS;NUP54;NUP153;NUP62;POP7;RANBP2;RPP25;NUP35;NUP214;POP5;AAAS;NUP58;NUP43
prerank,Transcriptional Regulation Of Pluripotent Stem Cells R-HSA-452723,3.769601e-01,1.201406e+00,2.224771e-01,4.779190e-01,1.000000e+00,5/18,7.60%,HHEX;SOX2;ZIC3;HIF3A;EPHA1
prerank,Transcriptional Regulation By MECP2 R-HSA-8986944,-3.171832e-01,-1.201133e+00,1.802773e-01,6.234746e-01,1.000000e+00,12/59,12.38%,MEF2C;GRIN2A;CAMK2A;PRKCA;CAMK2G;AGO1;NCOR2;NCOR1;RBFOX1;PTPN4;HDAC3;GRIA2
prerank,Nuclear Events Stimulated By ALK Signaling In Cancer R-HSA-9725371,3.773358e-01,1.198910e+00,2.077626e-01,4.814946e-01,1.000000e+00,7/19,23.11%,ALK;RNASEH2A;MAPK3;STAT5A;EML4;BCL2A1;FN1
prerank,p130Cas Linkage To MAPK Signaling For Integrins R-HSA-372708,4.438639e-01,1.198802e+00,2.400000e-01,4.797964e-01,1.000000e+00,3/11,7.09%,APBB1IP;RAP1B;TLN1
prerank,tRNA Processing R-HSA-72306,-2.896735e-01,-1.198581e+00,1.599402e-01,6.284047e-01,1.000000e+00,41/96,30.97%,FAM98B;TRMT44;NUP98;URM1;CPSF1;TRMT9B;WDR4;QTRT1;TSEN2;PUS7;NUP155;TRMT61B;TSEN54;MTO1;SEH1L;TSEN15;CSTF2;OSGEP;NUP85;ZBTB8OS;NUP54;NUP153;NUP62;ADAT1;TRMT11;POP7;PUS1;RANBP2;RPP25;NUP35;TRMU;TYW5;NUP214;CTU2;POP5;AAAS;TRMT6;THADA;NUP58;ALKBH8;NUP43
prerank,Interconversion Of Nucleotide Di- And Triphosphates R-HSA-499943,3.553956e-01,1.198397e+00,1.986143e-01,4.788391e-01,1.000000e+00,6/24,11.72%,NME4;TXNRD1;AK9;CTPS1;DTYMK;AK4
prerank,Olfactory Signaling Pathway R-HSA-381753,2.860193e-01,1.197837e+00,1.386667e-01,4.781604e-01,1.000000e+00,35/59,31.91%,ANO2;GNAL;EBF1;OR7E24;OR10G2;OR4D6;OR5L2;OR13A1;OR6C65;OR10H5;OR10C1;OR4D2;OR10A2;OR2Z1;OR2B11;OR10H2;OR2H2;OR2H1;OR6M1;OR52W1;OR1D5;OR4K2;OR2T6;OR6C76;OR5V1;OR2AG2;OR52N2;OR1J4;CNGB1;OR3A1;OR10V1;OR5H1;OR11A1;OR2W3;OR3A2
prerank,SLBP Independent Processing Of Histone Pre-mRNAs R-HSA-111367,4.688142e-01,1.196107e+00,2.269504e-01,4.801028e-01,1.000000e+00,6/10,25.82%,NCBP2;SNRPD3;SNRPG;ZNF473;SNRPF;NCBP1
prerank,Signal Transduction By L1 R-HSA-445144,3.858751e-01,1.195895e+00,2.341463e-01,4.786082e-01,1.000000e+00,6/19,13.38%,PKN1;MAPK3;RNASE1;FGFR1;NRP1;ITGA5
prerank,Metabolism Of Porphyrins R-HSA-189445,3.637248e-01,1.195768e+00,2.260274e-01,4.770378e-01,1.000000e+00,7/22,17.39%,SLCO2B1;HMOX1;FLVCR1;UROS;ALB;ABCG2;BLVRB
prerank,Extension Of Telomeres R-HSA-180786,-3.264929e-01,-1.195668e+00,1.919355e-01,6.342788e-01,1.000000e+00,8/47,10.57%,DSCC1;RTEL1;PIF1;PRIM1;RFC5;ACD;RFC2;TINF2
prerank,Signaling By GPCR R-HSA-372790,2.130079e-01,1.193849e+00,3.012048e-02,4.791993e-01,1.000000e+00,171/498,24.90%,DRD2;OPRM1;EDNRB;PKN1;FZD9;HTR7;NTSR2;RHOB;CHRM4;C3;OXTR;RHOC;CXCR4;WNT6;P2RY13;LPAR6;ARHGEF40;TTF2;RGS3;GPR37L1;HEBP1;F2R;MLNR;CXCL3;FZD2;OPRK1;SMOX;GNA12;PDE11A;CX3CR1;GNAL;S1PR1;FGD4;CCR1;SOS2;RGS8;RGS10;GPSM3;TBXA2R;PLXNB1;RAMP1;HRH3;PRKCH;GNG8;GNA13;FZD1;GPR25;CPAMD8;DHH;ADRB2;FPR1;RGS18;WNT4;GNG4;RGS22;TACR2;KISS1;APLN;PTGIR;GPR68;S1PR4;MAPK3;GPR143;CDC42;RAMP2;TAS2R60;OBSCN;ADGRE5;PDE3A;P2RY1;GNRH2;GNG12;NRAS;VAV1;XCR1;AVPR2;MAPK7;PLPPR1;NPB;PREX1;ITGA5;ADRA1D;CD55;GAL;GPR183;CYSLTR1;RPS6KA1;OXER1;OXT;CCR7;SHC1;TAAR5;C3AR1;PCP2;AHCYL1;S1PR5;GPR37;CALCA;GPSM2;PTRH2;APLNR;ADCYAP1R1;GPHA2;CXCL2;CAMK2D;LTB4R2;GPR4;HTR2C;CXCR3;CRH;CCR5;PLCB2;PRKCD;ARRB1;CCL22;PTGER2;ACKR3;ITPR2;GRM2;HBEGF;RGS16;ECT2;GNG7;RHOA;ARHGEF10;ADCY7;FFAR4;PPBP;P2RY12;ARHGEF15;FZD10;PLPPR3;NPW;PRKX;CHRM5;GHSR;TAS1R1;RASGRP2;GRK5;ADM;SSTR3;PTGER4;ARHGEF26;QRFP;TSHB;PLCB4;UCN2;PRLHR;GHRHR;ARHGEF1;FZD7;HCRT;CXCL16;GIPR;NPBWR1;NMBR;DGKH;KISS1R;RGS9BP;RGS17;GNG11;CXCL6;LPAR1;LHB;CCL17;FFAR1;HRAS;RGS19;KPNA2;CNOT6;CCL19
prerank,MAP Kinase Activation R-HSA-450294,-3.085865e-01,-1.193758e+00,1.893204e-01,6.370140e-01,1.000000e+00,32/58,36.36%,MEF2C;RPS6KA3;MAPK10;DUSP7;MEF2A;TRAF6;CUL1;MAPK8;IKBKG;MAPK14;DUSP4;TAB3;VRK3;PPP2R5D;GDNF;CREB1;MAPK11;NFKB1;MAPK9;RPS6KA2;FBXW11;MAP3K7;DUSP6;RPS27A;IRAK1;MAP2K1;UBB;PPP2R1A;FOS;MAP2K6;DUSP3;SKP1
prerank,NRAGE Signals Death Thru JNK R-HSA-193648,-3.135013e-01,-1.191247e+00,1.967480e-01,6.417688e-01,1.000000e+00,15/51,19.18%,TIAM2;ARHGEF3;MCF2L;PLEKHG5;TRIO;NGEF;ARHGEF18;KALRN;ARHGEF2;ITSN1;ARHGEF4;MAPK8;ABR;ARHGEF12;ARHGEF9
prerank,Degradation Of Cysteine And Homocysteine R-HSA-1614558,4.410363e-01,1.190809e+00,2.289720e-01,4.844883e-01,1.000000e+00,2/11,4.79%,SQOR;MPST
prerank,Ras Activation Upon Ca2+ Influx Thru NMDA Receptor R-HSA-442982,-4.009684e-01,-1.190142e+00,2.470978e-01,6.421485e-01,1.000000e+00,7/18,26.25%,CAMK2A;CAMK2G;DLG1;GPRIN1;RASGRF1;RASGRF2;CAMK2B
prerank,RHO GTPases Activate PKNs R-HSA-5625740,3.377775e-01,1.189204e+00,2.074592e-01,4.864931e-01,1.000000e+00,9/30,19.52%,PKN1;RHOB;RHOC;MYL6;REXO2;RNASE1;MYL12B;PPP1R14A;RHOA
prerank,Intracellular Signaling By Second Messengers R-HSA-9006925,-2.489632e-01,-1.186692e+00,1.051248e-01,6.496773e-01,1.000000e+00,67/271,22.69%,EGR1;FGF17;ADCY1;PRKCE;RBBP4;VAPA;KDM1A;PIK3R1;CAMK2A;PRKCA;ITPR1;GRK2;PIP5K1C;CAMK2G;AGO1;FGF9;CNOT6L;NRG3;ATN1;CAMKK2;PSMA1;RPTOR;CAMKK1;PIK3R2;PIP5K1B;IRS1;PSMD11;PIP5K1A;ADCY9;EED;CLSTN1;GSK3B;PDE1A;AKT1;TRAF6;PPP2R5E;HDAC3;EZH2;RING1;PSMD14;AKT3;NRG4;GATAD2B;FGF18;PRKAR2B;TNRC6C;NR4A1;GRB2;AKT2;ADCY6;NBEA;CBX6;PRKAR1B;IL1RAP;OTUD3;GSK3A;TRIB3;PPP2R5D;PIP4K2C;MAF1;PIP4K2B;CDKN1B;GDNF;CREB1;PHC2;AGO4;CHD3
prerank,Glutathione Synthesis And Recycling R-HSA-174403,4.323300e-01,1.185207e+00,2.387707e-01,4.938215e-01,1.000000e+00,5/12,23.00%,OPLAH;CNDP2;GCLC;CHAC1;GGT5
prerank,Cross-presentation Of Soluble Exogenous Antigens (Endosomes) R-HSA-1236978,3.095421e-01,1.184980e+00,1.967655e-01,4.923992e-01,1.000000e+00,16/43,27.90%,PSMB10;SEM1;PSMB1;PSME1;PSMB9;PSMD10;PSMB2;PSME2;PSMD5;PSMA3;PSMB4;PSMA7;MRC1;PSMD8;PSMB8;PSMC1
prerank,NoRC Negatively Regulates rRNA Expression R-HSA-427413,-3.365312e-01,-1.182958e+00,2.144082e-01,6.587757e-01,1.000000e+00,22/40,39.57%,TAF1D;BAZ2A;POLR1D;GTF2H4;DNMT1;TAF1C;POLR1E;POLR2H;SAP30L;MNAT1;TBP;ERCC3;SUDS3;DNMT3B;TAF1B;TTF1;POLR1B;ARID4B;UBTF;POLR2K;GTF2H1;SAP18
prerank,Recruitment Of NuMA To Mitotic Centrosomes R-HSA-380320,-2.968033e-01,-1.181470e+00,1.837672e-01,6.605909e-01,1.000000e+00,22/73,22.02%,PRKCA;PCNT;SFI1;CENPJ;TUBGCP6;CEP192;CEP152;TUBGCP5;CEP72;CEP76;PLK1;CNTRL;HAUS2;PRKAR2B;TUBG2;SDCCAG8;CEP250;CEP63;TUBGCP4;HAUS3;TUBGCP2;TUBGCP3
prerank,SHC-mediated cascade:FGFR4 R-HSA-5654719,-4.449548e-01,-1.181383e+00,2.405745e-01,6.578743e-01,1.000000e+00,4/12,16.84%,FGF17;FGF9;FGF18;GRB2
prerank,Negative Regulators Of DDX58/IFIH1 Signaling R-HSA-936440,3.257669e-01,1.181025e+00,1.895262e-01,5.000334e-01,1.000000e+00,9/32,15.05%,RNF135;HERC5;ISG15;CYLD;UBA52;IFIH1;UBA7;UBE2L6;NLRC5
prerank,Trafficking And Processing Of Endosomal TLR R-HSA-1679131,4.468377e-01,1.179366e+00,2.837838e-01,5.020471e-01,1.000000e+00,3/11,4.48%,TLR3;HSP90B1;UNC93B1
prerank,IRS-related Events Triggered By IGF1R R-HSA-2428928,-3.406933e-01,-1.178877e+00,2.382496e-01,6.628136e-01,1.000000e+00,12/38,20.99%,FGF17;PIK3R1;FGF9;PIK3R2;IRS1;PDE3B;FGF18;IGF1R;GRB2;AKT2;TRIB3;PIK3R4
prerank,Fanconi Anemia Pathway R-HSA-6783310,-3.460703e-01,-1.177888e+00,2.305195e-01,6.630231e-01,1.000000e+00,8/34,18.19%,DCLRE1A;POLN;MUS81;FANCG;SLX4;FANCI;USP1;ERCC4
prerank,Metabolism Of Cofactors R-HSA-8978934,-4.141130e-01,-1.177831e+00,2.478336e-01,6.601872e-01,1.000000e+00,6/17,22.73%,COQ3;COQ9;AKT1;NANOS3;PDSS1;COQ6
prerank,RHOD GTPase Cycle R-HSA-9013405,-3.217624e-01,-1.177381e+00,2.086093e-01,6.585954e-01,1.000000e+00,10/48,10.83%,EFHD2;ARHGAP39;ARHGAP32;PIK3R1;ARHGAP26;WHAMM;SLC4A7;PIK3R2;DIAPH1;LEMD3
prerank,"GABA Synthesis, Release, Reuptake And Degradation R-HSA-888590",-4.035940e-01,-1.176255e+00,2.310231e-01,6.592706e-01,1.000000e+00,3/18,9.99%,STXBP1;SNAP25;CPLX1
prerank,Bile Acid And Bile Salt Metabolism R-HSA-194068,3.289289e-01,1.176017e+00,2.043269e-01,5.082361e-01,1.000000e+00,14/30,20.62%,AKR1C3;AKR1C1;FABP6;ACOX2;AKR1C4;RXRA;CYP7B1;OSBPL2;ALB;SLC27A5;SLCO1A2;ACOT8;OSBPL9;HSD3B7
prerank,Regulation Of Activated PAK-2p34 By Proteasome Mediated Degradation R-HSA-211733,2.979070e-01,1.175455e+00,1.818182e-01,5.077161e-01,1.000000e+00,16/47,27.90%,PSMB10;SEM1;UBA52;PSMB1;PSME1;PSMB9;PSMD10;PSMB2;PSME2;PSMD5;PSMA3;PSMB4;PSMA7;PSMD8;PSMB8;PSMC1
prerank,Interleukin-17 Signaling R-HSA-448424,-3.000723e-01,-1.171856e+00,1.980831e-01,6.700592e-01,1.000000e+00,33/62,36.36%,MEF2C;RPS6KA3;MAPK10;DUSP7;MEF2A;IL17RC;TRAF6;CUL1;MAPK8;IKBKG;MAPK14;DUSP4;TAB3;VRK3;PPP2R5D;GDNF;CREB1;MAPK11;NFKB1;MAPK9;RPS6KA2;FBXW11;MAP3K7;DUSP6;RPS27A;IRAK1;MAP2K1;UBB;PPP2R1A;FOS;MAP2K6;DUSP3;SKP1
prerank,Regulation Of Necroptotic Cell Death R-HSA-5675482,3.423341e-01,1.170025e+00,2.222222e-01,5.191007e-01,1.000000e+00,14/27,35.18%,TNFRSF10B;UBA52;MLKL;CFLAR;BIRC3;PELI1;BIRC2;TNFSF10;XIAP;CASP8;PDCD6IP;SDCBP;HSP90AA1;FADD
prerank,Cellular Response To Hypoxia R-HSA-1234174,2.716792e-01,1.169196e+00,1.833811e-01,5.190520e-01,1.000000e+00,21/67,24.86%,PSMB10;SEM1;HIF3A;UBA52;PSMB1;EGLN3;PSME1;PSMB9;PSMD10;WTIP;EGLN1;HIF1A;PSMB2;PSME2;PSMD5;ELOB;PSMA3;PSMB4;EPAS1;PSMA7;PSMD8
prerank,C-type Lectin Receptors (CLRs) R-HSA-5621481,2.456187e-01,1.168790e+00,1.379310e-01,5.180136e-01,1.000000e+00,40/117,27.90%,NFATC1;PKN1;MUC4;PSMB10;PLCG2;ICAM3;SEM1;UBA52;PSMB1;SYK;FCER1G;MUC5B;PSME1;PYCARD;PSMB9;PSMD10;NRAS;RPS6KA5;MUC2;PSMB2;AHCYL1;PSME2;PRKCD;CCL22;ITPR2;TAB2;PSMD5;PSMA3;PSMB4;FYN;CCL17;PSMA7;UBE2N;HRAS;PSMD8;ICAM2;CASP8;MUC5AC;PSMB8;PSMC1
prerank,CRMPs In Sema3A Signaling R-HSA-399956,-4.207648e-01,-1.168070e+00,2.561404e-01,6.790180e-01,1.000000e+00,5/16,14.21%,PLXNA4;FES;PLXNA2;GSK3B;CDK5R1
prerank,Interleukin-12 Family Signaling R-HSA-447115,2.956290e-01,1.167632e+00,1.930295e-01,5.189094e-01,1.000000e+00,9/43,12.59%,ANXA2;RALA;RAP1B;HSPA9;CAPZA1;CNN2;CDC42;MSN;SERPINB2
prerank,Transcriptional Regulation By TP53 R-HSA-3700989,-2.394585e-01,-1.167352e+00,1.122581e-01,6.782817e-01,1.000000e+00,88/327,24.13%,RAD51D;RBBP4;CDK13;IGFBP3;GLS2;NUAK1;TOP3A;DDB2;BID;AGO1;PLK2;TIGAR;CNOT6L;CENPJ;CCNT2;ARID3A;PRDM1;KAT6A;CDK9;RPTOR;PIDD1;BBC3;ING3;RFC5;SMYD2;RFC2;COX19;NELFA;BRPF3;PLAGL1;AKT1;MAPKAPK5;SESN1;TAF6;GTF2H4;BNIP3L;BRD1;AKT3;GATAD2B;TAF5;GTF2F1;CDK5R1;TP53AIP1;EP300;FANCI;TOPBP1;TRIAP1;CREBBP;TNRC6C;ING5;PPP1R13B;BARD1;RFC4;AKT2;CNOT8;POLR2H;DAXX;MAPK14;UBL4A;CARM1;TAF15;HIPK1;RAD9A;CNOT3;GNPDA1;RAD50;ELOC;MDC1;RBBP8;PIP4K2C;PRKAB2;PIP4K2B;TTC5;EHMT1;CDKN1B;GDNF;TAF13;POLR2D;AGO4;CHD3;TAF4;PHF20;CNOT2;RMI2;MAPK11;PMS2;DNA2;SUPT16H
prerank,Post-translational Modification: Synthesis Of GPI-anchored Proteins R-HSA-163125,-2.954877e-01,-1.167009e+00,2.225657e-01,6.764711e-01,1.000000e+00,16/66,18.56%,NEGR1;GPLD1;PIGL;ART3;NRN1;LY6D;PIGZ;ULBP2;CNTN5;MDGA2;TECTA;NTM;LYPD5;PIGG;DPM3;MELTF
prerank,Cellular Senescence R-HSA-2559583,-2.725655e-01,-1.166596e+00,1.837916e-01,6.748426e-01,1.000000e+00,42/114,29.60%,RBBP4;RPS6KA3;MAPK10;ANAPC4;AGO1;ETS2;ACD;EED;UBN1;ETS1;TINF2;MAPKAPK5;CEBPB;EZH2;RING1;HIRA;UBE2C;TNRC6C;MAPK8;MAPK14;ANAPC7;CBX6;TERF2;RAD50;EHMT1;CDKN1B;PHC2;AGO4;MAPK11;NFKB1;EHMT2;RNF2;CDKN2C;ANAPC15;CCNA1;CDC23;MAPK9;RPS6KA2;ANAPC1;TFDP1;MAP3K5;KAT5
prerank,Synthesis Of PIPs At Plasma Membrane R-HSA-1660499,-3.229973e-01,-1.165974e+00,2.291326e-01,6.739793e-01,1.000000e+00,20/46,28.75%,PIK3R1;PLEKHA1;PIP5K1C;PIK3R2;PIP5K1B;PIP5K1A;CLSTN1;MTMR2;PLEKHA6;PLEKHA2;PLEKHA3;PIP4K2C;PIP4K2B;MTMR1;INPP4A;PLEKHA8;MTMR9;PIK3CA;MTMR14;PIK3CB
prerank,RHOBTB GTPase Cycle R-HSA-9706574,-3.371160e-01,-1.164622e+00,2.458194e-01,6.752241e-01,1.000000e+00,6/34,13.68%,CUL3;ROCK2;RBMX;RBM15;RBBP6;TRA2B
prerank,Semaphorin Interactions R-HSA-373755,2.782292e-01,1.164315e+00,1.823204e-01,5.249285e-01,1.000000e+00,25/63,23.09%,PTPRC;PKN1;RHOB;RHOC;TYROBP;DPYSL5;LIMK2;MYL6;ITGA1;PLXNB1;RRAS;TLN1;RNASE1;NRP1;MYL12B;SEMA6A;DPYSL3;RHOA;ERBB2;PLXNC1;RNMT;FYN;TREM2;MYH10;PLXNA3
prerank,Regulation Of TP53 Activity Thru Phosphorylation R-HSA-6804756,-2.855484e-01,-1.163412e+00,1.902588e-01,6.759179e-01,1.000000e+00,33/80,31.58%,NUAK1;TOP3A;RFC5;RFC2;MAPKAPK5;TAF6;TAF5;CDK5R1;TOPBP1;BARD1;RFC4;MAPK14;TAF15;HIPK1;RAD9A;RAD50;RBBP8;PRKAB2;TAF13;TAF4;RMI2;MAPK11;DNA2;SUPT16H;PRKAB1;CCNA1;SSRP1;TAF1L;KAT5;CSNK2A2;TBP;PRKAA2;RPS27A
prerank,Condensation Of Prophase Chromosomes R-HSA-2299718,4.155371e-01,1.163350e+00,2.465753e-01,5.252495e-01,1.000000e+00,2/12,2.73%,RAB33B;RB1
prerank,Establishment Of Sister Chromatid Cohesion R-HSA-2468052,-4.643194e-01,-1.160369e+00,2.872727e-01,6.827846e-01,1.000000e+00,2/10,11.06%,PDS5B;SMC1A
prerank,SMAD2/SMAD3:SMAD4 Heterotrimer Regulates Transcription R-HSA-2173796,3.255268e-01,1.159837e+00,2.523810e-01,5.318642e-01,1.000000e+00,8/32,11.02%,WWTR1;TFDP2;UBA52;COL1A2;SMAD7;RNASEH2A;MAPK3;HDAC1
prerank,RNA Polymerase III Transcription Termination R-HSA-73980,-3.755612e-01,-1.159156e+00,2.579505e-01,6.836864e-01,1.000000e+00,6/21,17.92%,NFIX;POLR3A;POLR1D;POLR3F;CRCP;POLR2H
prerank,Golgi Associated Vesicle Biogenesis R-HSA-432722,2.849876e-01,1.158295e+00,2.171582e-01,5.337447e-01,1.000000e+00,14/53,19.40%,VAMP8;DTNBP1;SNX2;PIK3C2A;AP3B1;FTL;YIPF6;CLINT1;HIP1R;ARRB1;SH3D19;VAMP2;DNM2;TPD52
prerank,Fcgamma Receptor (FCGR) Dependent Phagocytosis R-HSA-2029480,2.671888e-01,1.154509e+00,1.943662e-01,5.408883e-01,1.000000e+00,25/78,22.16%,PLPP4;PKN1;FCGR2A;PLCG2;DOCK1;WASF2;SYK;ARPC1B;MAPK3;CDC42;RNASE1;ELMO2;VAV1;AHCYL1;NCK1;CD247;ARPC3;YES1;PRKCD;ITPR2;WIPF1;HCK;ARPC5;MYO10;FYN
prerank,Translation Of Replicase And Assembly Of Replication Transcription Complex R-HSA-9679504,-4.596667e-01,-1.154275e+00,2.784588e-01,6.961667e-01,1.000000e+00,6/11,30.09%,UVRAG;PIK3R4;CHMP6;MAP1LC3B;CHMP4B;BECN1
prerank,Sensory Perception R-HSA-9709957,2.232274e-01,1.153354e+00,1.221374e-01,5.417119e-01,1.000000e+00,111/211,34.64%,ANO2;LRP10;AKR1C3;CAMKMT;EPS8;APOE;AKR1C1;APOM;CLIC5;RBP1;OTOF;PCDH15;GNAL;AKR1C4;EBF1;RDH10;OR7E24;TWF1;GSN;CAPZA1;OR10G2;SCN9A;ESPNL;RNF7;OR4D6;LPL;OR5L2;GPC6;OR13A1;RDX;OR6C65;EZR;OR10H5;CAPZB;RDH11;MSN;OR10C1;SDC2;STRA6;SLC17A8;PDE6G;OR4D2;PDE6B;OR10A2;SDC3;OR2Z1;OR2B11;HSD17B6;KCNMB1;CASK;RDH12;PLCB2;LHFPL5;OR10H2;OR2H2;VAMP2;OR2H1;TAS1R1;OR6M1;SDC4;CYP4V2;SLC24A1;CDH23;OR52W1;ATP2B4;RGS9BP;OR1D5;GPC4;LDLR;PLB1;KCNJ2;OR4K2;TAS2R39;OR2T6;OR6C76;LRP2;TRIOBP;OR5V1;APOA1;OR2AG2;OR52N2;SPTBN1;OR1J4;RBP4;CNGB1;OR3A1;OR10V1;ESPN;OR5H1;OR11A1;OR2W3;TTR;FNTA;OR3A2;GPC5;DHRS9;CIB2;SDC1;EPS8L2;CABP2;GPC1;RHO;RAB3A;RETSAT;GRM4;OR10A5;TPRN;PRKCQ;GPIHBP1;CTBP2;RIPOR2
prerank,Transport Of Mature mRNAs Derived From Intronless Transcripts R-HSA-159234,-3.263364e-01,-1.153159e+00,2.700965e-01,6.969076e-01,1.000000e+00,18/40,30.97%,WDR33;NUP98;CPSF1;NUP155;SEH1L;NUP85;NUP54;NUP153;NXF1;NUP62;RANBP2;SLBP;NUP35;NUP214;AAAS;NUP58;ALYREF;NUP43
prerank,ATF6 (ATF6-alpha) Activates Chaperones R-HSA-381033,4.301391e-01,1.152504e+00,2.815965e-01,5.418572e-01,1.000000e+00,5/11,12.67%,HSP90B1;HSPA5;DDIT3;ATF6;CALR
prerank,CD28 Dependent PI3K/Akt Signaling R-HSA-389357,-4.035766e-01,-1.151920e+00,2.771084e-01,6.978781e-01,1.000000e+00,9/17,26.68%,PIK3R1;PIK3R2;AKT1;AKT3;AKT2;TRIB3;PDPK1;MLST8;PIK3CA
prerank,Activation Of RAC1 R-HSA-428540,4.312942e-01,1.149701e+00,2.566372e-01,5.469959e-01,1.000000e+00,5/11,15.76%,ROBO1;PKN1;SOS2;RNASE1;NCK1
prerank,Nicotinate Metabolism R-HSA-196807,-3.480509e-01,-1.149327e+00,2.526690e-01,7.032922e-01,1.000000e+00,9/26,19.44%,PTGS2;PARP8;NNMT;PARP16;NMRK1;RNLS;PTGIS;PARP6;NMNAT2
prerank,Blood Group Systems Biosynthesis R-HSA-9033658,-4.126682e-01,-1.148423e+00,2.867384e-01,7.032783e-01,1.000000e+00,9/16,33.99%,ST3GAL6;B3GALT2;B3GALT1;FUT11;ST3GAL3;FUT6;FUT9;ST3GAL4;FUT4
prerank,Transcriptional Regulation Of White Adipocyte Differentiation R-HSA-381340,-2.877196e-01,-1.147377e+00,2.346939e-01,7.036068e-01,1.000000e+00,24/74,19.78%,EGR2;MED13L;NCOR2;MED6;NCOR1;MED9;MED21;HDAC3;CEBPB;CDK19;MED22;LIN9;NCOA6;EP300;MED23;CREBBP;MED12;MED15;MED18;NCOA1;PPARGC1A;MED31;CARM1;MED30
prerank,Regulation Of IFNG Signaling R-HSA-877312,-4.515135e-01,-1.146096e+00,3.087121e-01,7.047269e-01,1.000000e+00,5/11,15.67%,PTPN2;IFNGR2;PIAS1;JAK2;SUMO1
prerank,Downstream Signaling Of Activated FGFR2 R-HSA-5654696,-3.754572e-01,-1.145981e+00,2.666667e-01,7.021558e-01,1.000000e+00,3/21,4.13%,FGF17;PIK3R1;FGF9
prerank,Signaling By SCF-KIT R-HSA-1433557,3.113284e-01,1.145241e+00,2.367150e-01,5.563569e-01,1.000000e+00,10/35,12.93%,GRB10;SOCS6;SOCS1;MMP9;SH2B2;PTPN11;RNASE1;NRAS;VAV1;STAT5A
prerank,Cilium Assembly R-HSA-5617833,-2.548410e-01,-1.145106e+00,2.133713e-01,7.019202e-01,1.000000e+00,57/168,30.00%,RAB11FIP3;PRKCA;C2CD3;WDR19;LZTFL1;BBS1;PCNT;SFI1;CENPJ;IQCB1;PKD1;IFT172;BBS5;CEP192;DYNC2H1;TTC21B;AHI1;CEP152;NPHP4;MKKS;CEP72;CEP76;PLK1;EXOC3;INPP5E;CYS1;CNTRL;HAUS2;PRKAR2B;PRKD2;SDCCAG8;TCTN2;IFT122;CCT4;KIF3B;CEP250;CEP63;HAUS3;MCHR1;PTGES2;B9D2;DYNC2LI1;BBS7;IFT57;IFT46;EXOC8;KIF3C;IFT140;CEP57;CKAP5;DYNLRB1;CEP41;TMEM67;HDAC6;TUBA4A;CEP89;DCTN3
prerank,HS-GAG Degradation R-HSA-2024096,3.704814e-01,1.145080e+00,2.439024e-01,5.548186e-01,1.000000e+00,9/18,23.95%,NAGLU;HPSE2;GPC6;SDC2;SDC3;GLB1L;SGSH;SDC4;GPC4
prerank,Amine Ligand-Binding Receptors R-HSA-375280,-3.497412e-01,-1.144505e+00,2.630631e-01,7.009298e-01,1.000000e+00,7/30,6.65%,HTR1F;HRH2;ADRB1;ADRA2A;HTR2A;CHRM1;HTR5A
prerank,Chromosome Maintenance R-HSA-73886,-2.831493e-01,-1.140767e+00,2.566096e-01,7.100012e-01,1.000000e+00,18/79,19.61%,RBBP4;DSCC1;RTEL1;MIS18A;PIF1;PRIM1;MIS18BP1;ITGB3BP;RFC5;ACD;RFC2;TINF2;CENPT;RFC4;POLR2H;DAXX;TERF2;POLD3
prerank,Meiotic Recombination R-HSA-912446,-3.934663e-01,-1.140397e+00,2.967626e-01,7.082492e-01,1.000000e+00,2/18,2.88%,RAD51C;TOP3A
prerank,Transcriptional Regulation By RUNX2 R-HSA-8878166,2.467703e-01,1.140370e+00,2.145110e-01,5.648219e-01,1.000000e+00,21/100,14.02%,ZNF521;RB1;PSMB10;HEY2;WWTR1;SOX9;GLI3;SEM1;SMAD1;UBA52;CBFB;MAF;PSMB1;YAP1;MAPK3;PSME1;SP7;PSMB9;PSMD10;ITGA5;PSMB2
prerank,p53-Dependent G1 DNA Damage Response R-HSA-69563,2.739810e-01,1.139924e+00,2.307692e-01,5.618811e-01,1.000000e+00,20/60,27.90%,PSMB10;SEM1;UBA52;PSMB1;CHEK2;PSME1;PSMB9;PSMD10;PSMB2;PSME2;CDKN1A;PSMD5;PSMA3;PSMB4;ATM;PSMA7;PSMD8;PSMB8;CARD16;PSMC1
prerank,G1/S DNA Damage Checkpoints R-HSA-69615,2.739810e-01,1.139924e+00,2.307692e-01,5.618811e-01,1.000000e+00,20/60,27.90%,PSMB10;SEM1;UBA52;PSMB1;CHEK2;PSME1;PSMB9;PSMD10;PSMB2;PSME2;CDKN1A;PSMD5;PSMA3;PSMB4;ATM;PSMA7;PSMD8;PSMB8;CARD16;PSMC1
prerank,Impaired BRCA2 Binding To RAD51 R-HSA-9709570,-3.437752e-01,-1.139323e+00,2.633391e-01,7.086273e-01,1.000000e+00,11/29,23.85%,TOP3A;RFC5;RFC2;TOPBP1;BARD1;RFC4;RAD9A;RAD50;RBBP8;RMI2;DNA2
prerank,Signal Regulatory Protein Family Interactions R-HSA-391160,4.063691e-01,1.137251e+00,2.781457e-01,5.667678e-01,1.000000e+00,3/12,7.82%,FYB1;TYROBP;PTPN11
prerank,Myogenesis R-HSA-525793,3.376608e-01,1.136443e+00,2.850575e-01,5.667321e-01,1.000000e+00,6/24,10.24%,TCF7L1;MYOG;TCF12;NEO1;BNIP2;CDC42
prerank,Regulation Of PTEN Gene Transcription R-HSA-8943724,-2.944177e-01,-1.136066e+00,2.437396e-01,7.161239e-01,1.000000e+00,18/57,26.48%,EGR1;RBBP4;KDM1A;ATN1;RPTOR;EED;HDAC3;EZH2;RING1;GATAD2B;CBX6;MAF1;GDNF;PHC2;CHD3;SNAI1;RNF2;MLST8
prerank,Glucagon-like Peptide-1 (GLP1) Regulates Insulin Secretion R-HSA-381676,-3.258411e-01,-1.135340e+00,2.647059e-01,7.156169e-01,1.000000e+00,10/36,19.45%,KCNB1;PRKCA;ITPR1;KCNS3;GNB3;PRKAR2B;GNAS;ADCY6;PRKAR1B;GNB5
prerank,Attenuation Phase R-HSA-3371568,3.589074e-01,1.135243e+00,2.641509e-01,5.676446e-01,1.000000e+00,9/21,24.69%,HSBP1;HSPH1;DNAJB1;FKBP4;HSPA6;SERPINH1;HSPA2;TNFRSF21;HSPA1A
prerank,Downstream Signaling Of Activated FGFR3 R-HSA-5654708,-3.824537e-01,-1.135062e+00,2.857143e-01,7.137553e-01,1.000000e+00,3/19,4.13%,FGF17;PIK3R1;FGF9
prerank,"Interleukin-3, Interleukin-5 And GM-CSF Signaling R-HSA-512988",3.122522e-01,1.135001e+00,2.590674e-01,5.662786e-01,1.000000e+00,14/33,23.03%,BLNK;JAK3;INPP5D;SYK;IL3RA;PTPN11;VAV1;STAT5A;SHC1;YES1;CSF2RA;HCK;FYN;IL2RB
prerank,Ephrin Signaling R-HSA-3928664,-3.887682e-01,-1.134931e+00,3.007117e-01,7.113414e-01,1.000000e+00,3/17,6.57%,NCK2;EPHB2;EPHB6
prerank,Signaling By B Cell Receptor (BCR) R-HSA-983705,2.455185e-01,1.134267e+00,1.801802e-01,5.660455e-01,1.000000e+00,28/99,22.16%,ORAI1;NFATC1;BLNK;SH3KBP1;PSMB10;PLCG2;SEM1;RASGRP3;UBA52;PSMB1;SYK;PSME1;CD79A;PSMB9;PSMD10;NRAS;VAV1;PSMB2;AHCYL1;NCK1;PSME2;PIK3AP1;ITPR2;PSMD5;PSMA3;FKBP1A;PSMB4;FYN
prerank,Resolution Of AP Sites Via Multiple-Nucleotide Patch Replacement Pathway R-HSA-110373,-3.625203e-01,-1.132658e+00,2.644483e-01,7.154178e-01,1.000000e+00,6/23,10.07%,PARP2;POLG2;RFC5;POLE3;RFC2;PARG
prerank,Ion Channel Transport R-HSA-983712,2.334781e-01,1.132521e+00,1.820988e-01,5.685110e-01,1.000000e+00,43/137,24.68%,ANO2;BEST1;CLCN5;ATP6V0A4;ATP6V0E1;STOM;FXYD1;ATP7A;ASPH;BEST4;ATP11C;ATP8B3;UBA52;CLCN6;TCIRG1;TRPM6;OSTM1;ASIC3;ATP1B2;RYR1;RYR3;ATP10B;CLCN7;TRPV6;SGK1;BEST2;PDZD11;CAMK2D;ATP6V0B;ATP7B;TRPV2;ATP13A4;WWP1;ATP10D;BSND;TTYH2;ASIC4;ATP2C1;ASIC1;ATP8A2;ATP2B4;ANO4;SRI
prerank,NOTCH4 Intracellular Domain Regulates Transcription R-HSA-9013695,3.578936e-01,1.131704e+00,2.669789e-01,5.685948e-01,1.000000e+00,4/19,6.64%,KAT2B;HEY2;MAML2;NOTCH2
prerank,IGF1R Signaling Cascade R-HSA-2428924,-3.243428e-01,-1.131620e+00,2.810985e-01,7.156281e-01,1.000000e+00,12/39,20.99%,FGF17;PIK3R1;FGF9;PIK3R2;IRS1;PDE3B;FGF18;IGF1R;GRB2;AKT2;TRIB3;PIK3R4
prerank,DDX58/IFIH1-mediated Induction Of Interferon-Alpha/Beta R-HSA-168928,2.739382e-01,1.130899e+00,2.435530e-01,5.686307e-01,1.000000e+00,13/62,15.05%,RNF135;CASP10;HERC5;ISG15;CYLD;DHX58;IRF7;S100B;UBA52;IFIH1;UBA7;UBE2L6;NLRC5
prerank,Oncogenic MAPK Signaling R-HSA-6802957,-2.905377e-01,-1.129863e+00,2.326333e-01,7.185417e-01,1.000000e+00,9/69,3.83%,KSR2;CNKSR2;CAMK2A;ITGA2B;FAM131B;DUSP8;SPRED2;CAMK2G;DUSP7
prerank,Downstream TCR Signaling R-HSA-202424,2.543305e-01,1.129817e+00,2.215569e-01,5.693893e-01,1.000000e+00,27/85,24.86%,CD3D;PSMB10;SEM1;UBA52;INPP5D;PSMB1;HLA-DRB5;HLA-DRB1;PSME1;CD3E;HLA-DRB4;PSMB9;PSMD10;CD4;PSMB2;HLA-DRA;HLA-DPA1;PSME2;CD247;TAB2;PSMD5;HLA-DRB3;PSMA3;PSMB4;PSMA7;UBE2N;PSMD8
prerank,AUF1 (hnRNP D0) Binds And Destabilizes mRNA R-HSA-450408,2.803892e-01,1.128828e+00,2.289474e-01,5.700104e-01,1.000000e+00,18/52,27.90%,PSMB10;HSPB1;SEM1;UBA52;PSMB1;PSME1;PSMB9;PSMD10;PSMB2;PSME2;PSMD5;PSMA3;PSMB4;PSMA7;HSPA1A;PSMD8;PSMB8;PSMC1
prerank,RHOA GTPase Cycle R-HSA-8980692,2.315206e-01,1.128534e+00,1.772575e-01,5.687669e-01,1.000000e+00,30/136,13.28%,RHPN2;PKN1;ARHGAP45;ARHGDIB;SRGAP1;DHDDS;ARHGAP18;ARHGEF40;MCAM;STOM;VANGL1;LBR;PREX2;SOWAHC;ACTC1;ARHGAP31;ERBIN;TJP2;ARHGAP42;IQGAP1;STK10;STBD1;ARHGAP24;PLEKHG3;TMEM87A;OBSCN;RHPN1;VAV1;RTKN;PREX1
prerank,Collagen Biosynthesis And Modifying Enzymes R-HSA-1650814,2.723499e-01,1.128352e+00,2.321900e-01,5.672865e-01,1.000000e+00,18/54,20.97%,PPIB;P4HA1;PLOD1;COL8A2;COL11A1;COL1A2;COL9A1;COL4A5;PLOD3;COL4A4;COL25A1;COL18A1;COL6A3;COL9A2;TLL2;TLL1;COL10A1;SERPINH1
prerank,Signaling By FGFR3 R-HSA-5654741,-3.276764e-01,-1.127104e+00,2.697368e-01,7.243960e-01,1.000000e+00,4/34,4.13%,FGF17;SPRY2;PIK3R1;FGF9
prerank,Metabolism Of Nucleotides R-HSA-15869,2.568644e-01,1.126239e+00,2.157434e-01,5.705702e-01,1.000000e+00,24/78,22.72%,DHODH;NME4;APRT;NT5C;TXNRD1;AK9;CTPS1;TK2;DTYMK;AMPD3;AK4;UMPS;NUDT18;NT5C2;ATIC;ADA;NT5E;ENTPD2;ADK;NUDT16;GSR;DPYD;TYMS;GMPR
prerank,Response Of EIF2AK4 (GCN2) To Amino Acid Deficiency R-HSA-9633012,-2.729931e-01,-1.126186e+00,2.567164e-01,7.245259e-01,1.000000e+00,44/95,35.63%,RPL15;RPL28;CEBPB;RSL24D1;RPL9;RPS7;RPS21;RPL26;RPSA;RPL38;RPS25;RPS4Y1;RPL10L;TRIB3;RPS3;GDNF;RPS13;RPS29;RPL14;RPL13A;ATF4;RPL18A;RPL22;RPL35A;RPL4;RPS9;RPL3;RPLP0;RPL37A;RPL21;RPL31;RPS5;RPL23A;RPL27;RPS27A;RPS24;RPL7A;RPS3A;RPL7;EIF2S3;RPL23;RPS12;RPS15A;RPS14
prerank,Cardiac Conduction R-HSA-5576891,-2.642833e-01,-1.124373e+00,2.389381e-01,7.272458e-01,1.000000e+00,18/104,8.51%,KCNIP3;KCNK12;KCNK10;CAMK2A;PRKCA;CACNG8;ITPR1;FGF14;KCND3;CAMK2G;RYR2;CACNG7;ATP2B3;SCN8A;CACNA1C;FGF12;ATP1A4;FXYD7
prerank,Glycosaminoglycan Metabolism R-HSA-1630316,2.425686e-01,1.123722e+00,2.073171e-01,5.750003e-01,1.000000e+00,38/103,23.96%,DSEL;NAGLU;CHST14;HPSE2;B4GALT1;B3GNT2;CHST11;CHST6;DSE;HYAL2;GPC6;B4GALT7;VCAN;CHST3;BCAN;SDC2;CSPG4;SLC26A2;CD44;NDST1;HS3ST3A1;CHST7;SDC3;CHORDC1;GLB1L;SLC35B2;SGSH;HS3ST5;B3GAT2;DCN;PAPSS1;SDC4;CHPF2;CHST9;BGN;GLCE;GPC4;B3GALT6
prerank,FOXO-mediated Transcription R-HSA-9614085,-2.955160e-01,-1.123436e+00,2.572816e-01,7.272357e-01,1.000000e+00,17/54,22.15%,PLXNA4;FBXO32;BBC3;NFYC;CCNG2;AKT1;NR3C1;AKT3;MAP4K2;EP300;CITED2;CREBBP;AKT2;PPARGC1A;FOXG1;CDKN1B;NFYA
prerank,Transcription Of E2F Targets Under Negative Control By DREAM Complex R-HSA-1362277,-3.896553e-01,-1.123226e+00,2.971014e-01,7.250340e-01,1.000000e+00,11/17,34.72%,RBBP4;LIN52;LIN9;MYC;CDC6;LIN54;E2F4;TFDP1;PCNA;MAX;E2F1
prerank,Phase 2 - Plateau Phase R-HSA-5576893,4.069842e-01,1.123047e+00,3.028322e-01,5.746449e-01,1.000000e+00,3/12,2.88%,CACNG4;KCNQ1;KCNE4
prerank,NF-kB Activation Thru FADD/RIP-1 Pathway Mediated By Caspase-8 And -10 R-HSA-933543,4.108285e-01,1.121801e+00,3.075117e-01,5.757617e-01,1.000000e+00,5/12,25.89%,RNF135;CASP10;IFIH1;TRIM25;CASP8
prerank,RNA Polymerase III Abortive And Retractive Initiation R-HSA-749476,-3.201840e-01,-1.121618e+00,3.008547e-01,7.271211e-01,1.000000e+00,20/39,34.53%,NFIX;GTF3A;POLR3A;GTF3C2;POLR1D;BDP1;POLR3F;CRCP;POLR2H;GTF3C4;GTF3C1;SNAPC4;GTF3C3;ZNF143;POLR3K;POLR3E;TBP;NFIB;GTF3C5;BRF2
prerank,MET Activates PTK2 Signaling R-HSA-8874081,3.636765e-01,1.121483e+00,3.207127e-01,5.745074e-01,1.000000e+00,2/17,4.20%,LAMA1;LAMB1
prerank,Negative Regulation Of FGFR3 Signaling R-HSA-5654732,-3.540989e-01,-1.118957e+00,2.874355e-01,7.326495e-01,1.000000e+00,6/24,16.84%,FGF17;SPRY2;FGF9;FGF18;MKNK1;GRB2
prerank,mRNA Splicing R-HSA-72172,-2.461623e-01,-1.117319e+00,2.318841e-01,7.349732e-01,1.000000e+00,61/184,28.02%,PDCD7;HNRNPD;WDR33;CPSF1;HNRNPA3;SRSF11;HNRNPA0;DDX46;RBMX;SNRPB;PPWD1;SNRNP40;DDX23;PRPF19;PRCC;SLU7;PPIE;SNW1;PRPF8;TRA2B;GTF2F1;SNRPA1;CSTF2;SRSF4;CSTF3;HNRNPR;PCF11;DHX15;CDC5L;HNRNPA1;U2AF1L4;SART1;POLR2H;SRSF2;CCAR1;DHX16;SF3A1;SRSF1;PPIL3;MAGOHB;POLR2D;ZMAT5;PRPF3;RBM5;SUGP1;SF3B1;CSTF2T;PRPF6;MAGOH;SRSF7;SF3A3;PPIH;TFIP11;SRRM2;RNPS1;XAB2;CTNNBL1;GCFC2;U2AF2;CWC25;RBM17
prerank,RIPK1-mediated Regulated Necrosis R-HSA-5213460,3.217234e-01,1.117027e+00,3.200993e-01,5.838910e-01,1.000000e+00,14/29,35.18%,TNFRSF10B;UBA52;MLKL;CFLAR;BIRC3;PELI1;BIRC2;TNFSF10;XIAP;CASP8;PDCD6IP;SDCBP;HSP90AA1;FADD
prerank,RNA Polymerase I Promoter Escape R-HSA-73772,-3.485770e-01,-1.116460e+00,2.909408e-01,7.351466e-01,1.000000e+00,6/26,17.92%,TAF1D;POLR1D;GTF2H4;TAF1C;POLR1E;POLR2H
prerank,Telomere C-strand (Lagging Strand) Synthesis R-HSA-174417,-3.264284e-01,-1.116302e+00,2.943201e-01,7.328314e-01,1.000000e+00,9/33,19.61%,DSCC1;PRIM1;RFC5;ACD;RFC2;TINF2;RFC4;TERF2;POLD3
prerank,Metabolism Of Folate And Pterines R-HSA-196757,3.772105e-01,1.116222e+00,3.138173e-01,5.840479e-01,1.000000e+00,7/16,25.34%,SLC19A1;SLC46A1;FOLR2;MTHFD2;DHFR;SHMT2;DHFR2
prerank,Insulin Receptor Recycling R-HSA-77387,3.395080e-01,1.115665e+00,2.661871e-01,5.835117e-01,1.000000e+00,3/21,9.38%,ATP6V0A4;ATP6V0E1;TCIRG1
prerank,FRS-mediated FGFR4 Signaling R-HSA-5654712,-4.077009e-01,-1.114959e+00,3.231598e-01,7.343480e-01,1.000000e+00,4/14,16.84%,FGF17;FGF9;FGF18;GRB2
prerank,Diseases Of Programmed Cell Death R-HSA-9645723,-3.212490e-01,-1.113220e+00,2.986799e-01,7.372262e-01,1.000000e+00,8/36,17.89%,RBBP4;PRIM1;EED;EZH2;ERC2;CDK5R1;DNMT1;TRADD
prerank,ABC-family Proteins Mediated Transport R-HSA-382556,2.492200e-01,1.112850e+00,2.376543e-01,5.889366e-01,1.000000e+00,30/89,28.59%,PSMB10;ABCB6;SEM1;DERL3;ABCC6;ERLIN2;UBA52;PSMB1;ABCG8;DERL2;PSME1;PSMB9;PSMD10;ABCA8;PSMB2;DERL1;PSME2;PSMD5;SEL1L;PSMA3;PSMB4;PSMA7;PSMD8;ABCG1;PSMB8;VCP;PEX19;PSMC1;APOA1;ABCD3
prerank,Transport Of Mature mRNA Derived From An Intronless Transcript R-HSA-159231,-3.176847e-01,-1.112379e+00,3.066884e-01,7.372395e-01,1.000000e+00,17/39,30.97%,WDR33;NUP98;CPSF1;NUP155;SEH1L;NUP85;NUP54;NUP153;NXF1;NUP62;RANBP2;NUP35;NUP214;AAAS;NUP58;ALYREF;NUP43
prerank,IRS-mediated Signaling R-HSA-112399,-3.250294e-01,-1.111767e+00,3.047002e-01,7.365570e-01,1.000000e+00,11/36,20.99%,FGF17;PIK3R1;FGF9;PIK3R2;IRS1;PDE3B;FGF18;GRB2;AKT2;TRIB3;PIK3R4
prerank,NR1H3 And NR1H2 Regulate Gene Expression Linked To Cholesterol Transport And Efflux R-HSA-9029569,-3.287678e-01,-1.110689e+00,3.066038e-01,7.373287e-01,1.000000e+00,12/33,18.05%,KDM1A;KDM4A;AGO1;ARL4C;NCOR2;NCOR1;HDAC3;EEPD1;EP300;RXRB;TNRC6C;NCOA1
prerank,Negative Regulation Of FGFR2 Signaling R-HSA-5654727,-3.466642e-01,-1.108836e+00,3.018550e-01,7.404389e-01,1.000000e+00,6/26,16.84%,FGF17;SPRY2;FGF9;FGF18;MKNK1;GRB2
prerank,Major Pathway Of rRNA Processing In Nucleolus And Cytosol R-HSA-6791226,-2.451450e-01,-1.107317e+00,2.327824e-01,7.425258e-01,1.000000e+00,65/173,33.74%,RPL15;UTP6;UTP4;DIS3;RPL28;ISG20L2;EXOSC2;UTP18;RBM28;RSL24D1;TEX10;RPL9;DDX56;RPS7;EXOSC10;RPS21;BMS1;RPL26;RPSA;LTV1;RPL38;EBNA1BP2;RPS25;RPS4Y1;KRR1;RPL10L;SENP3;DDX47;WDR46;RPS3;NOL12;RPS13;RPS29;RPL14;TSR1;RPL13A;EXOSC5;RPP25;RIOK3;RPL18A;RPL22;RPL35A;RPL4;RPS9;EXOSC9;RPL3;PDCD11;RPLP0;RPL37A;RPL21;RPL31;RPS5;RPL23A;WDR75;RPL27;RPS27A;RPS24;ERI1;RPL7A;RPS3A;RPL7;UTP15;NOB1;WDR18;RPL23
prerank,RAC1 GTPase Cycle R-HSA-9013149,2.259953e-01,1.106947e+00,2.405498e-01,6.028127e-01,1.000000e+00,30/159,10.77%,PKN1;AMIGO2;ARHGAP45;ARHGDIB;SRGAP1;DHDDS;CYBB;SPATA13;CYBA;MCAM;VANGL1;DOCK1;LBR;WASF2;PREX2;CDC42EP4;ARHGAP12;LAMTOR1;SOS2;ARHGAP31;ERBIN;GNA13;ARHGAP42;IQGAP1;DOCK8;DOCK10;CDC42;RNASE1;ARHGAP24;PLEKHG3
prerank,Synthesis Of IP3 And IP4 In Cytosol R-HSA-1855204,-3.521561e-01,-1.106627e+00,3.091537e-01,7.420458e-01,1.000000e+00,4/24,5.30%,ITPKC;PLCB1;ITPK1;INPP5B
prerank,Removal Of Flap Intermediate From C-strand R-HSA-174437,-3.848783e-01,-1.106590e+00,3.268206e-01,7.394370e-01,1.000000e+00,8/17,35.90%,ACD;TINF2;TERF2;POLD3;DNA2;TERF1;PCNA;POLR1B
prerank,Regulation Of Gene Expression In Late Stage (Branching Morphogenesis) Pancreatic Bud Precursor Cells R-HSA-210744,3.857896e-01,1.105447e+00,3.273138e-01,6.045527e-01,1.000000e+00,3/13,4.27%,KAT2B;ONECUT1;MAML2
prerank,mRNA Splicing - Major Pathway R-HSA-72163,-2.443556e-01,-1.105331e+00,2.500000e-01,7.409325e-01,1.000000e+00,59/176,28.02%,HNRNPD;WDR33;CPSF1;HNRNPA3;SRSF11;HNRNPA0;DDX46;RBMX;SNRPB;PPWD1;SNRNP40;DDX23;PRPF19;PRCC;SLU7;PPIE;SNW1;PRPF8;TRA2B;GTF2F1;SNRPA1;CSTF2;SRSF4;CSTF3;HNRNPR;PCF11;DHX15;CDC5L;HNRNPA1;U2AF1L4;SART1;POLR2H;SRSF2;CCAR1;DHX16;SF3A1;SRSF1;PPIL3;MAGOHB;POLR2D;PRPF3;RBM5;SUGP1;SF3B1;CSTF2T;PRPF6;MAGOH;SRSF7;SF3A3;PPIH;TFIP11;SRRM2;RNPS1;XAB2;CTNNBL1;GCFC2;U2AF2;CWC25;RBM17
prerank,FGFR2 Alternative Splicing R-HSA-6803529,3.261642e-01,1.104257e+00,3.044496e-01,6.055820e-01,1.000000e+00,8/24,20.00%,GTF2F2;NCBP2;POLR2L;POLR2A;POLR2I;POLR2J;POLR2G;POLR2F
prerank,Interleukin-7 Signaling R-HSA-1266695,-3.867532e-01,-1.102545e+00,3.388278e-01,7.470949e-01,1.000000e+00,4/17,11.99%,PIK3R1;PIK3R2;IRS1;SOCS2
prerank,MET Activates RAP1 And RAC1 R-HSA-8875555,4.106401e-01,1.101140e+00,3.362832e-01,6.116571e-01,1.000000e+00,4/11,26.22%,RAP1B;RNASE1;RNMT;DOCK7
prerank,Synthesis Of Bile Acids And Bile Salts R-HSA-192105,3.201175e-01,1.101032e+00,3.122066e-01,6.099586e-01,1.000000e+00,11/26,20.62%,AKR1C3;AKR1C1;ACOX2;AKR1C4;RXRA;CYP7B1;OSBPL2;SLC27A5;ACOT8;OSBPL9;HSD3B7
prerank,TP53 Regulates Transcription Of Genes Involved In Cytochrome C Release R-HSA-6803204,-3.813019e-01,-1.100772e+00,3.293718e-01,7.500135e-01,1.000000e+00,7/18,16.73%,BID;BBC3;BNIP3L;TP53AIP1;TRIAP1;CREBBP;PPP1R13B
prerank,SLBP Dependent Processing Of Replication-Dependent Histone Pre-mRNAs R-HSA-77588,4.172535e-01,1.099928e+00,3.247059e-01,6.107306e-01,1.000000e+00,6/11,25.82%,NCBP2;SNRPD3;SNRPG;ZNF473;SNRPF;NCBP1
prerank,Diseases Of Carbohydrate Metabolism R-HSA-5663084,3.114187e-01,1.099587e+00,2.753623e-01,6.096481e-01,1.000000e+00,9/28,17.77%,NAGLU;GYG2;UBA52;G6PC3;PMEL;DCXR;PPP1R3C;GBE1;SGSH
prerank,Transport Of Inorganic Cations/Anions And Amino Acids/Oligopeptides R-HSA-425393,2.455546e-01,1.099335e+00,2.621083e-01,6.083565e-01,1.000000e+00,30/81,26.64%,SLC24A3;SLC7A10;SLC9A9;SLC15A3;SLC7A7;CTNS;SLC12A4;SLC4A3;SLC6A19;SLC4A4;SLC9A7;SLC1A7;SLC26A2;SLC17A8;SLC7A11;SLC5A12;SLC3A2;SLC25A18;SLC12A2;SLC12A7;SLC1A4;SLC1A3;SLC34A3;SLC9A2;SLC24A1;SLC4A2;SRI;SLC1A5;SLC32A1;SLC6A12
prerank,Protein Localization R-HSA-9609507,2.237799e-01,1.098462e+00,2.103560e-01,6.084367e-01,1.000000e+00,34/149,20.57%,FXN;EPHX2;LDHD;ACOX2;HMOX1;OTOF;DHRS4;NUDT7;ZNF260;HMGCL;PIPOX;HSPA9;TYSND1;UBA52;PEX10;ECI2;TIMM8B;MLYCD;ACOX1;ALDH3A2;ACAA1;TIMM13;HSPD1;COA4;GFER;COQ2;USP9X;SLC25A13;ZFAND6;VAMP2;ACOT8;TOMM22;NUDT19;CHCHD5
prerank,Metal Ion SLC Transporters R-HSA-425410,3.492194e-01,1.098386e+00,3.453725e-01,6.066051e-01,1.000000e+00,3/19,5.18%,SLC40A1;HEPH;SLC39A6
prerank,rRNA Processing In Nucleus And Cytosol R-HSA-8868773,-2.415606e-01,-1.098289e+00,2.448418e-01,7.550221e-01,1.000000e+00,63/183,32.02%,RPL15;UTP6;NOP2;UTP4;DIS3;RPL28;ISG20L2;EXOSC2;UTP18;RBM28;RSL24D1;TEX10;RPL9;DDX56;RPS7;EXOSC10;RPS21;BMS1;RPL26;RPSA;LTV1;RPL38;EBNA1BP2;RPS25;RPS4Y1;KRR1;RPL10L;SENP3;DDX47;WDR46;RPS3;NOL12;THUMPD1;RPS13;RPS29;RPL14;TSR1;RPL13A;EXOSC5;RPP25;RIOK3;RPL18A;RPL22;RPL35A;RPL4;RPS9;EXOSC9;RPL3;PDCD11;RPLP0;RPL37A;RPL21;RPL31;RPS5;RPL23A;WDR75;RPL27;RPS27A;RPS24;ERI1;RPL7A;RPS3A;RPL7
prerank,Purine Catabolism R-HSA-74259,3.893091e-01,1.098132e+00,3.355705e-01,6.053873e-01,1.000000e+00,5/13,21.61%,NT5C;NUDT18;NT5C2;NT5E;NUDT16
prerank,Activation Of Pre-Replicative Complex R-HSA-68962,-3.399897e-01,-1.097221e+00,3.130435e-01,7.557941e-01,1.000000e+00,8/27,18.26%,ORC4;PRIM1;POLE3;MCM6;MCM4;MCM8;CDC7;CDC6
prerank,Sema4D Induced Cell Migration And Growth-Cone Collapse R-HSA-416572,3.450491e-01,1.096414e+00,3.028953e-01,6.080108e-01,1.000000e+00,5/20,6.26%,RHOB;RHOC;LIMK2;MYL6;PLXNB1
prerank,Ubiquitin-dependent Degradation Of Cyclin D R-HSA-75815,2.757288e-01,1.095077e+00,2.917772e-01,6.094290e-01,1.000000e+00,17/49,27.90%,PSMB10;SEM1;UBA52;PSMB1;PSME1;PSMB9;PSMD10;PSMB2;PSME2;PSMD5;PSMA3;PSMB4;CDK4;PSMA7;PSMD8;PSMB8;PSMC1
prerank,rRNA Processing R-HSA-72312,-2.394924e-01,-1.094382e+00,2.344173e-01,7.622892e-01,1.000000e+00,68/192,32.02%,RPL15;UTP6;NOP2;UTP4;DIS3;RPL28;ISG20L2;EXOSC2;UTP18;RBM28;RSL24D1;TEX10;RPL9;DDX56;RPS7;EXOSC10;RPS21;BMS1;RPL26;RPSA;LTV1;RPL38;EBNA1BP2;RPS25;RPS4Y1;KRR1;RPL10L;MRM2;SENP3;DDX47;WDR46;RPS3;NOL12;THUMPD1;RPS13;RPS29;RPL14;TSR1;RPL13A;EXOSC5;RPP25;RIOK3;RPL18A;RPL22;RPL35A;RPL4;RPS9;MRM3;EXOSC9;RPL3;MTERF4;PDCD11;TFB1M;RPLP0;RPL37A;RPL21;RPL31;RPS5;RPL23A;WDR75;RPL27;RPS27A;NSUN4;RPS24;ERI1;RPL7A;RPS3A;RPL7
prerank,Heparan Sulfate/Heparin (HS-GAG) Metabolism R-HSA-1638091,2.776266e-01,1.093830e+00,2.768817e-01,6.110500e-01,1.000000e+00,21/47,23.96%,NAGLU;HPSE2;GPC6;B4GALT7;VCAN;BCAN;SDC2;CSPG4;NDST1;HS3ST3A1;SDC3;GLB1L;SGSH;HS3ST5;B3GAT2;DCN;SDC4;BGN;GLCE;GPC4;B3GALT6
prerank,Adenylate Cyclase Inhibitory Pathway R-HSA-170670,-4.116229e-01,-1.091331e+00,3.577661e-01,7.688290e-01,1.000000e+00,5/12,23.16%,ADCY1;ADCY9;ADCY6;GNAI1;ADCY2
prerank,Activated NOTCH1 Transmits Signal To Nucleus R-HSA-2122948,2.975128e-01,1.090195e+00,3.084577e-01,6.187686e-01,1.000000e+00,6/30,8.85%,PSEN2;APH1B;NCSTN;DNER;UBA52;PSENEN
prerank,Receptor Mediated Mitophagy R-HSA-8934903,-4.409686e-01,-1.089366e+00,3.519459e-01,7.723124e-01,1.000000e+00,6/10,33.58%,ULK1;ATG5;PGAM5;MAP1LC3B;CSNK2A2;SRC
prerank,Regulation Of TLR By Endogenous Ligand R-HSA-5686938,4.226915e-01,1.088425e+00,3.282276e-01,6.214686e-01,1.000000e+00,5/10,24.07%,TLR1;TLR4;S100A1;NDUFA2;TLR2
prerank,Cell-Cell Communication R-HSA-1500931,2.349342e-01,1.088141e+00,2.452229e-01,6.202619e-01,1.000000e+00,30/101,20.50%,RSU1;FYB1;LIMS1;PARD3;KIRREL1;TYROBP;LIMS2;ITGB4;IQGAP1;PTPN11;CADM1;CDH11;CLDN14;CDH6;CDH8;CDH19;NECTIN2;FERMT2;NCK1;PATJ;JUP;CASK;CD151;ITGA6;VASP;PARD6G;DST;LAMC2;CLDN11;CLDN3
prerank,FCERI Mediated Ca+2 Mobilization R-HSA-2871809,3.266313e-01,1.088069e+00,3.317647e-01,6.185051e-01,1.000000e+00,7/22,18.86%,NFATC1;PLCG2;SYK;VAV1;SHC1;AHCYL1;ITPR2
prerank,Glycogen Synthesis R-HSA-3322077,3.988771e-01,1.087233e+00,3.604651e-01,6.188945e-01,1.000000e+00,4/12,15.93%,GYG2;UBA52;PPP1R3C;GBE1
prerank,RNA Polymerase I Transcription Termination R-HSA-73863,-3.395380e-01,-1.084933e+00,3.567663e-01,7.837021e-01,1.000000e+00,6/26,17.92%,TAF1D;POLR1D;GTF2H4;TAF1C;POLR1E;POLR2H
prerank,Degradation Of AXIN R-HSA-4641257,2.670569e-01,1.083591e+00,2.952128e-01,6.265297e-01,1.000000e+00,18/52,31.06%,PSMB10;SEM1;UBA52;PSMB1;PSME1;PSMB9;PSMD10;PSMB2;PSME2;PSMD5;PSMA3;PSMB4;PSMA7;PSMD8;PSMB8;PSMC1;TNKS;PSMA2
prerank,Inwardly Rectifying K+ Channels R-HSA-1296065,-3.246136e-01,-1.082110e+00,3.197970e-01,7.900794e-01,1.000000e+00,7/30,15.05%,ABCC8;KCNJ3;KCNJ6;KCNJ9;GNB3;KCNJ4;KCNJ11
prerank,Ion Homeostasis R-HSA-5578775,-2.982994e-01,-1.081862e+00,3.338608e-01,7.881368e-01,1.000000e+00,8/44,8.51%,CAMK2A;PRKCA;ITPR1;CAMK2G;RYR2;ATP2B3;ATP1A4;FXYD7
prerank,TP53 Regulates Transcription Of Cell Death Genes R-HSA-5633008,2.872516e-01,1.081315e+00,3.144330e-01,6.307443e-01,1.000000e+00,8/37,10.14%,TP53I3;CASP10;TNFRSF10B;PERP;AIFM2;TP53BP2;CRADD;CASP1
prerank,Aberrant Regulation Of Mitotic G1/S Transition In Cancer Due To RB1 Defects R-HSA-9659787,3.690769e-01,1.080318e+00,3.566434e-01,6.316162e-01,1.000000e+00,6/15,22.50%,RB1;TFDP2;CDKN1C;CDKN1A;CDK6;CDK4
prerank,RNA Polymerase III Transcription Initiation R-HSA-76046,-3.156285e-01,-1.080048e+00,3.447684e-01,7.912096e-01,1.000000e+00,16/35,30.35%,GTF3A;POLR3A;GTF3C2;POLR1D;BDP1;POLR3F;CRCP;POLR2H;GTF3C4;GTF3C1;SNAPC4;GTF3C3;ZNF143;POLR3K;POLR3E;TBP
prerank,Kinesins R-HSA-983189,-3.157404e-01,-1.079486e+00,3.518198e-01,7.901034e-01,1.000000e+00,3/33,2.57%,KIF5A;KIF5C;KIFC2
prerank,Regulation Of Apoptosis R-HSA-169911,2.690788e-01,1.078683e+00,2.970822e-01,6.339852e-01,1.000000e+00,17/50,27.90%,PSMB10;SEM1;UBA52;PSMB1;PSME1;PSMB9;PSMD10;PSMB2;PSME2;OMA1;PSMD5;PSMA3;PSMB4;PSMA7;PSMD8;PSMB8;PSMC1
prerank,Factors Involved In Megakaryocyte Development And Platelet Production R-HSA-983231,-2.588635e-01,-1.078349e+00,3.237519e-01,7.909362e-01,1.000000e+00,10/94,5.17%,KIF5A;RAD51C;KDM1A;KIF5C;PRKCA;ZFPM2;KIFC2;ITPK1;JMJD1C;MICAL1
prerank,Influenza Viral RNA Transcription And Replication R-HSA-168273,-2.479846e-01,-1.077049e+00,3.012730e-01,7.923106e-01,1.000000e+00,52/132,32.02%,IPO5;RPL15;NUP98;RPL28;NUP155;RSL24D1;SEH1L;GTF2F1;RPL9;RPS7;RPS21;NUP85;RPL26;NUP54;NUP153;POLR2H;NUP62;RPSA;RPL38;RPS25;RPS4Y1;RPL10L;RPS3;RPS13;POLR2D;RPS29;RPL14;RPL13A;RANBP2;RPL18A;RPL22;NUP35;RPL35A;RPL4;RPS9;RPL3;NUP214;RPLP0;RPL37A;RPL21;AAAS;RPL31;RPS5;RPL23A;NUP58;RPL27;NUP43;RPS27A;RPS24;RPL7A;RPS3A;RPL7
prerank,FBXL7 Down-Regulates AURKA During Mitotic Entry And In Early Mitosis R-HSA-8854050,2.708076e-01,1.077028e+00,2.936508e-01,6.365372e-01,1.000000e+00,17/52,27.90%,PSMB10;SEM1;UBA52;PSMB1;PSME1;PSMB9;PSMD10;PSMB2;PSME2;FBXL7;PSMD5;PSMA3;PSMB4;PSMA7;PSMD8;PSMB8;PSMC1
prerank,Interleukin-27 Signaling R-HSA-9020956,-4.268004e-01,-1.076196e+00,3.596491e-01,7.923265e-01,1.000000e+00,2/11,15.01%,IL27RA;JAK2
prerank,TGF-beta Receptor Signaling In EMT (Epithelial To Mesenchymal Transition) R-HSA-2173791,3.658115e-01,1.075255e+00,3.752809e-01,6.392404e-01,1.000000e+00,6/15,21.29%,PARD3;UBA52;TGFBR2;RHOA;TGFBR1;FKBP1A
prerank,Transport Of SLBP Dependant Mature mRNA R-HSA-159230,-3.203214e-01,-1.075190e+00,3.697068e-01,7.926608e-01,1.000000e+00,16/33,30.97%,NUP98;NUP155;SEH1L;NUP85;NUP54;NUP153;NXF1;NUP62;RANBP2;SLBP;NUP35;NUP214;AAAS;NUP58;ALYREF;NUP43
prerank,GRB2:SOS Provides Linkage To MAPK Signaling For Integrins R-HSA-354194,3.984602e-01,1.074377e+00,3.699552e-01,6.396826e-01,1.000000e+00,3/11,7.09%,APBB1IP;RAP1B;TLN1
prerank,Signaling By BMP R-HSA-201451,3.149653e-01,1.073521e+00,3.490099e-01,6.399977e-01,1.000000e+00,12/24,31.80%,SMAD1;SMAD7;BMPR1A;SMAD9;ZFYVE16;ACVR2B;BMP10;SMAD5;BMP2;BMPR2;SMAD6;BMPR1B
prerank,Diseases Of Signal Transduction By Growth Factor Receptors And Second Messengers R-HSA-5663202,1.940728e-01,1.071800e+00,2.319588e-01,6.425041e-01,1.000000e+00,93/375,20.21%,DUSP16;ZC3HAV1;KAT2B;HEYL;PSEN2;KANK1;APBB1IP;RAC2;FOXO1;GTF2F2;APH1B;PSMB10;QKI;PRR5;HEY2;NCSTN;SEM1;MAML2;NCBP2;KLC1;PDGFRA;DKK4;LMNA;ALK;RAP1B;ERBIN;ERLIN2;UBA52;POLR2L;POLR2A;PSMB1;TLN1;IQGAP1;DHH;PTPN11;CLCN6;DERL2;FGFR3;PSENEN;AP3B1;RNASEH2A;MAPK3;PSME1;RNASE1;FGFR1;HDAC1;PSMB9;PPP2R5A;FGF1;MSN;PSMD10;NRAS;VAV1;PDGFA;HIP1;SYVN1;STAT5A;FGF3;PSMB2;TRIM24;RHOG;RRBP1;ATIC;DUSP9;SHC1;AGTRAP;PDGFB;HES5;PSME2;PIK3AP1;EIF2AK3;TGFBR2;POLR2I;CAMK2D;CDKN1A;POLR2J;EML4;BCL2A1;POLR2G;YES1;MAPKAP1;ARRB1;FXR1;HBEGF;ERBB3;JAG1;DLL1;ERBB2;PSMD5;POLR2F;PAPSS1;RNMT;NF1
prerank,G0 And Early G1 R-HSA-1538133,-3.487051e-01,-1.070990e+00,3.482143e-01,8.034725e-01,1.000000e+00,12/22,34.72%,RBBP4;LIN52;LIN9;MYC;CDC6;LIN54;CCNA1;E2F4;TFDP1;PCNA;MAX;E2F1
prerank,Potential Therapeutics For SARS R-HSA-9679191,2.413331e-01,1.069768e+00,3.087819e-01,6.460360e-01,1.000000e+00,21/85,16.12%,BLNK;SH3KBP1;PLCG2;FXYD1;S1PR1;JAK3;COMT;SYK;REST;NFE2L2;IFNGR1;CD79A;HDAC1;ATP1B2;HMG20B;VAV1;AP2B1;FKBP4;CYSLTR1;NCK1;MTA1
prerank,Lysosome Vesicle Biogenesis R-HSA-432720,-3.192548e-01,-1.069761e+00,3.642496e-01,8.046837e-01,1.000000e+00,7/32,15.83%,CLVS2;AP4S1;AP4M1;SH3GL2;AP1G2;CLTA;AP4B1
prerank,RAC3 GTPase Cycle R-HSA-9013423,2.375162e-01,1.069289e+00,3.174157e-01,6.454258e-01,1.000000e+00,16/82,10.24%,PKN1;AMIGO2;ARHGDIB;CYBB;CYBA;MCAM;VANGL1;LBR;WASF2;LAMTOR1;ERBIN;SYDE1;ARHGAP42;DOCK10;STBD1;CDC42
prerank,Expression And Translocation Of Olfactory Receptors R-HSA-9752946,2.574903e-01,1.068413e+00,3.593750e-01,6.457459e-01,1.000000e+00,32/53,31.91%,EBF1;OR7E24;OR10G2;OR4D6;OR5L2;OR13A1;OR6C65;OR10H5;OR10C1;OR4D2;OR10A2;OR2Z1;OR2B11;OR10H2;OR2H2;OR2H1;OR6M1;OR52W1;OR1D5;OR4K2;OR2T6;OR6C76;OR5V1;OR2AG2;OR52N2;OR1J4;OR3A1;OR10V1;OR5H1;OR11A1;OR2W3;OR3A2
prerank,Glucagon Signaling In Metabolic Regulation R-HSA-163359,-3.231190e-01,-1.068094e+00,3.815789e-01,8.074228e-01,1.000000e+00,10/29,24.50%,ADCY1;PRKCA;GNB3;ADCY9;PRKAR2B;GNAS;ADCY6;PRKAR1B;ADCY2;GNB1
prerank,Dectin-1 Mediated Noncanonical NF-kB Signaling R-HSA-5607761,2.598958e-01,1.067638e+00,3.225806e-01,6.459453e-01,1.000000e+00,18/58,27.90%,PSMB10;SEM1;UBA52;PSMB1;PSME1;PSMB9;PSMD10;PSMB2;PSME2;CCL22;PSMD5;PSMA3;PSMB4;CCL17;PSMA7;PSMD8;PSMB8;PSMC1
prerank,SHC-mediated cascade:FGFR2 R-HSA-5654699,-3.827354e-01,-1.065853e+00,3.921902e-01,8.119078e-01,1.000000e+00,4/14,16.84%,FGF17;FGF9;FGF18;GRB2
prerank,PCP/CE Pathway R-HSA-4086400,2.359531e-01,1.065443e+00,2.997118e-01,6.499460e-01,1.000000e+00,17/85,14.02%,FZD9;VANGL2;RAC2;PSMB10;FZD2;SEM1;UBA52;PSMB1;FZD1;WNT5B;WNT4;PSME1;RNASE1;PSMB9;PSMD10;AP2B1;PSMB2
prerank,GSK3B And BTRC:CUL1-mediated-degradation Of NFE2L2 R-HSA-9762114,2.647651e-01,1.063434e+00,3.316456e-01,6.534176e-01,1.000000e+00,17/51,27.90%,PSMB10;SEM1;UBA52;PSMB1;NFE2L2;PSME1;PSMB9;PSMD10;PSMB2;PSME2;PSMD5;PSMA3;PSMB4;PSMA7;PSMD8;PSMB8;PSMC1
prerank,HDR Thru MMEJ (alt-NHEJ) R-HSA-5685939,-4.196145e-01,-1.062846e+00,3.754448e-01,8.187156e-01,1.000000e+00,4/11,20.92%,PARP2;RAD52;RAD50;RBBP8
prerank,RAF/MAP Kinase Cascade R-HSA-5673001,-2.260927e-01,-1.061915e+00,3.136176e-01,8.190718e-01,1.000000e+00,44/230,18.86%,FGF17;KSR2;CUL3;CNKSR2;PIK3R1;CAMK2A;ITGA2B;GFRA2;RASA3;DUSP8;SPRED2;CAMK2G;DUSP7;SPTBN5;FGF9;SPTBN4;RASAL2;NRG3;PSMA1;PIK3R2;IRS1;PSMD11;RASGEF1A;ABHD17A;RAPGEF2;SPTAN1;ARHGAP9;PPP2R5E;MARK3;DUSP12;PSMD14;NRG4;SPTB;FGF18;JAK2;SHOC2;KBTBD7;SHC3;GRB2;DUSP2;DUSP4;RASA2;DAB2IP;SYNGAP1
prerank,Cargo Trafficking To Periciliary Membrane R-HSA-5620920,-2.904501e-01,-1.060797e+00,3.549921e-01,8.199278e-01,1.000000e+00,13/48,22.14%,RAB11FIP3;LZTFL1;BBS1;PKD1;BBS5;MKKS;EXOC3;INPP5E;CYS1;PRKD2;CCT4;MCHR1;PTGES2
prerank,Tryptophan Catabolism R-HSA-71240,-4.250513e-01,-1.060713e+00,3.720508e-01,8.174558e-01,1.000000e+00,2/10,6.39%,KYAT1;HAAO
prerank,GPCR Downstream Signaling R-HSA-388396,1.910694e-01,1.059993e+00,2.032967e-01,6.609240e-01,1.000000e+00,151/450,24.90%,OPRM1;EDNRB;PKN1;HTR7;NTSR2;RHOB;CHRM4;C3;OXTR;RHOC;CXCR4;P2RY13;LPAR6;ARHGEF40;TTF2;RGS3;GPR37L1;HEBP1;F2R;MLNR;CXCL3;OPRK1;GNA12;PDE11A;CX3CR1;GNAL;FGD4;CCR1;SOS2;RGS8;RGS10;GPSM3;TBXA2R;PLXNB1;RAMP1;PRKCH;GNG8;GNA13;GPR25;CPAMD8;ADRB2;FPR1;RGS18;GNG4;RGS22;TACR2;KISS1;APLN;PTGIR;GPR68;S1PR4;MAPK3;GPR143;CDC42;RAMP2;TAS2R60;OBSCN;PDE3A;P2RY1;GNRH2;GNG12;NRAS;VAV1;XCR1;AVPR2;MAPK7;NPB;PREX1;ITGA5;ADRA1D;GAL;GPR183;CYSLTR1;RPS6KA1;OXER1;OXT;CCR7;SHC1;TAAR5;C3AR1;PCP2;AHCYL1;S1PR5;GPR37;CALCA;GPSM2;PTRH2;APLNR;ADCYAP1R1;GPHA2;CXCL2;CAMK2D;LTB4R2;GPR4;HTR2C;CXCR3;CRH;CCR5;PLCB2;PRKCD;ARRB1;PTGER2;ACKR3;ITPR2;GRM2;HBEGF;RGS16;ECT2;GNG7;RHOA;ARHGEF10;ADCY7;FFAR4;PPBP;P2RY12;ARHGEF15;NPW;PRKX;CHRM5;GHSR;TAS1R1;RASGRP2;GRK5;ADM;SSTR3;PTGER4;ARHGEF26;QRFP;TSHB;PLCB4;GHRHR;ARHGEF1;HCRT;CXCL16;GIPR;NPBWR1;NMBR;DGKH;KISS1R;RGS9BP;RGS17;GNG11;CXCL6;LPAR1;LHB;FFAR1;HRAS;RGS19;KPNA2;CNOT6;CCL19
prerank,Signaling By Type 1 Insulin-like Growth Factor 1 Receptor (IGF1R) R-HSA-2404192,-3.010834e-01,-1.059563e+00,3.608903e-01,8.184958e-01,1.000000e+00,12/40,20.99%,FGF17;PIK3R1;FGF9;PIK3R2;IRS1;PDE3B;FGF18;IGF1R;GRB2;AKT2;TRIB3;PIK3R4
prerank,cGMP Effects R-HSA-418457,-4.048267e-01,-1.059206e+00,4.035398e-01,8.168361e-01,1.000000e+00,3/13,10.99%,ITPR1;KCNMA1;PDE1A
prerank,SLC Transporter Disorders R-HSA-5619102,2.428950e-01,1.059095e+00,3.417367e-01,6.613618e-01,1.000000e+00,22/72,22.75%,NUP37;SLC40A1;SLC9A9;SLC2A10;HEPH;SLC7A7;SLC16A1;SLC6A19;SLC4A4;SLC9A7;AVPR2;SLC26A2;SLC17A8;SLC3A2;NUP93;SLC5A2;SLC1A3;SLC22A18;SLC6A3;SLC34A3;NUP188;SLC24A1
prerank,Constitutive Signaling By Overexpressed ERBB2 R-HSA-9634285,4.073547e-01,1.059039e+00,3.758099e-01,6.595747e-01,1.000000e+00,5/10,24.68%,ERBIN;NRAS;SHC1;ERBB2;HRAS
prerank,tRNA Modification In Nucleus And Cytosol R-HSA-6782315,-2.963537e-01,-1.058970e+00,3.516129e-01,8.149058e-01,1.000000e+00,16/40,30.85%,TRMT44;URM1;TRMT9B;WDR4;QTRT1;PUS7;OSGEP;ADAT1;TRMT11;PUS1;TRMU;TYW5;CTU2;TRMT6;THADA;ALKBH8
prerank,SCF(Skp2)-mediated Degradation Of P27/P21 R-HSA-187577,2.619713e-01,1.057756e+00,3.414634e-01,6.612566e-01,1.000000e+00,22/56,31.96%,PSMB10;SEM1;UBA52;PSMB1;PSME1;PSMB9;PSMD10;PSMB2;PSME2;CDKN1A;PSMD5;PSMA3;PSMB4;CDK4;PSMA7;CKS1B;PSMD8;PSMB8;PSMC1;PSMA2;CCNE1;CCND1
prerank,Regulation Of RUNX3 Expression And Activity R-HSA-8941858,2.650048e-01,1.057426e+00,3.584906e-01,6.602435e-01,1.000000e+00,17/52,27.90%,PSMB10;SEM1;UBA52;CBFB;PSMB1;PSME1;PSMB9;PSMD10;PSMB2;PSME2;PSMD5;PSMA3;PSMB4;PSMA7;PSMD8;PSMB8;PSMC1
prerank,PI3K Events In ERBB2 Signaling R-HSA-1963642,-3.927945e-01,-1.057397e+00,4.143646e-01,8.173249e-01,1.000000e+00,4/14,16.84%,PIK3R1;NRG3;NRG4;GRB2
prerank,Suppression Of Phagosomal Maturation R-HSA-9637687,3.952274e-01,1.057010e+00,4.028103e-01,6.594138e-01,1.000000e+00,2/12,6.56%,KPNB1;UBA52
prerank,RHOB GTPase Cycle R-HSA-9013026,-2.679535e-01,-1.056783e+00,3.693972e-01,8.166674e-01,1.000000e+00,12/66,10.21%,ARHGEF3;ARHGAP39;ARHGAP32;PIK3R1;ARHGAP26;PCDH7;MCF2L;ROCK2;DAAM1;PIK3R2;STARD13;DIAPH1
prerank,Hyaluronan Metabolism R-HSA-2142845,-4.382672e-01,-1.056579e+00,3.944154e-01,8.146089e-01,1.000000e+00,2/10,2.16%,CEMIP;ABCC5
prerank,Formation Of HIV-1 Elongation Complex Containing HIV-1 Tat R-HSA-167200,2.763009e-01,1.055818e+00,3.634085e-01,6.605865e-01,1.000000e+00,12/41,21.10%,GTF2F2;NCBP2;GTF2H3;POLR2L;POLR2A;NELFE;POLR2I;POLR2J;TCEA1;POLR2G;POLR2F;ELOB
prerank,Interleukin-2 Family Signaling R-HSA-451927,2.963459e-01,1.055405e+00,3.600000e-01,6.597462e-01,1.000000e+00,9/30,14.95%,HAVCR2;JAK3;SOS2;INPP5D;SYK;IL3RA;IL21R;STAT5A;SHC1
prerank,Regulation Of HSF1-mediated Heat Shock Response R-HSA-3371453,2.478098e-01,1.055058e+00,3.656510e-01,6.588247e-01,1.000000e+00,22/72,24.69%,BAG3;NUP37;HSBP1;HSPA9;HSPH1;MAPKAPK2;HSPA5;MAPK3;HSPA13;BAG2;HSPA4;DNAJB1;FKBP4;NUP93;HSPA6;SERPINH1;BAG1;NUP188;ATM;HSPA2;TNFRSF21;HSPA1A
prerank,MAPK Family Signaling Cascades R-HSA-5683057,-2.205011e-01,-1.054358e+00,3.474240e-01,8.190759e-01,1.000000e+00,52/265,18.86%,FGF17;KSR2;CUL3;CNKSR2;CDC42EP3;PIK3R1;CAMK2A;ITGA2B;PRKCA;GFRA2;RASA3;DUSP8;SPRED2;CAMK2G;DUSP7;AGO1;SPTBN5;FGF9;SPTBN4;RASAL2;NRG3;PSMA1;PIK3R2;IRS1;PSMD11;RASGEF1A;ABHD17A;RAPGEF2;SPTAN1;ARHGAP9;MAPKAPK5;PPP2R5E;MARK3;KALRN;DUSP12;PSMD14;NRG4;SPTB;FGF18;JAK2;MYC;SHOC2;KBTBD7;SHC3;TNRC6C;GRB2;IL6R;DUSP2;DUSP4;RASA2;DAB2IP;SYNGAP1
prerank,MAPK1/MAPK3 Signaling R-HSA-5684996,-2.242593e-01,-1.054313e+00,3.214286e-01,8.165686e-01,1.000000e+00,45/234,18.86%,FGF17;KSR2;CUL3;CNKSR2;PIK3R1;CAMK2A;ITGA2B;GFRA2;RASA3;DUSP8;SPRED2;CAMK2G;DUSP7;SPTBN5;FGF9;SPTBN4;RASAL2;NRG3;PSMA1;PIK3R2;IRS1;PSMD11;RASGEF1A;ABHD17A;RAPGEF2;SPTAN1;ARHGAP9;PPP2R5E;MARK3;DUSP12;PSMD14;NRG4;SPTB;FGF18;JAK2;SHOC2;KBTBD7;SHC3;GRB2;IL6R;DUSP2;DUSP4;RASA2;DAB2IP;SYNGAP1
prerank,Chaperone Mediated Autophagy R-HSA-9613829,3.340771e-01,1.054107e+00,3.673469e-01,6.594553e-01,1.000000e+00,7/18,24.15%,UBA52;RNASE1;PLIN3;IFT88;GFAP;LAMP2;EEF1A1
prerank,SHC-mediated cascade:FGFR3 R-HSA-5654704,-3.958088e-01,-1.051016e+00,4.021352e-01,8.243359e-01,1.000000e+00,4/12,16.84%,FGF17;FGF9;FGF18;GRB2
prerank,Regulated Necrosis R-HSA-5218859,2.663686e-01,1.050490e+00,3.575269e-01,6.673479e-01,1.000000e+00,20/48,35.70%,TNFRSF10B;UBA52;IRF2;CASP1;MLKL;CFLAR;BIRC3;PELI1;BIRC2;TNFSF10;XIAP;CASP8;PDCD6IP;ELANE;CHMP2B;SDCBP;GZMB;HSP90AA1;FADD;CASP4
prerank,Signaling By Retinoic Acid R-HSA-5362517,2.796234e-01,1.050242e+00,3.842365e-01,6.660884e-01,1.000000e+00,7/36,11.75%,AKR1C3;LDHD;CPT1A;DHRS4;RDH10;RXRA;RDH11
prerank,Vasopressin Regulates Renal Water Homeostasis Via Aquaporins R-HSA-432040,-3.004891e-01,-1.050139e+00,4.026622e-01,8.244893e-01,1.000000e+00,14/37,24.50%,ADCY1;PRKCA;GNB3;NLRP3;ADCY9;RAB11FIP2;PRKAR2B;GNAS;ADCY6;PRKAR1B;GNB5;MYO5B;ADCY2;GNB1
prerank,Nonhomologous End-Joining (NHEJ) R-HSA-5693571,-3.061050e-01,-1.049286e+00,3.889816e-01,8.245595e-01,1.000000e+00,15/33,32.50%,PAXIP1;UIMC1;PIAS4;NSD2;HERC2;BARD1;TDP2;RNF168;RAD50;MDC1;DCLRE1C;KAT5;XRCC6;BRCC3;PRKDC
prerank,SARS-CoV-1 Infection R-HSA-9678108,-2.839555e-01,-1.048946e+00,3.699515e-01,8.229993e-01,1.000000e+00,17/47,24.58%,PARP8;PARP16;UBE2I;ST3GAL2;GSK3B;ST3GAL1;MOGAT1;UVRAG;SUMO1;PARP6;GSK3A;VHL;ST6GALNAC4;PIK3R4;MOGS;ST3GAL3;CHMP6
prerank,EGFR Downregulation R-HSA-182971,-3.278403e-01,-1.047633e+00,3.966942e-01,8.245295e-01,1.000000e+00,5/26,11.12%,SPRY2;SH3GL1;SH3GL2;PTPRK;EPN1
prerank,Intrinsic Pathway Of Fibrin Clot Formation R-HSA-140837,3.618338e-01,1.047267e+00,3.514739e-01,6.720776e-01,1.000000e+00,7/14,30.06%,TTF2;PRCP;SERPINE2;GP9;ZNF160;VWF;PROS1
prerank,Mitotic Prophase R-HSA-68875,-2.635808e-01,-1.046679e+00,3.661120e-01,8.250010e-01,1.000000e+00,17/76,18.58%,PPP2R2D;PRKCA;PRKCB;NUP98;NUP155;ENSA;LEMD3;CNEP1R1;SEH1L;PLK1;TMPO;NUP85;NCAPH2;NUP54;NUP153;NUP62;MASTL
prerank,SHC1 Events In ERBB2 Signaling R-HSA-1250196,-3.561969e-01,-1.046656e+00,4.114671e-01,8.224278e-01,1.000000e+00,5/19,16.84%,PRKCE;PRKCA;NRG3;NRG4;GRB2
prerank,Regulation Of Beta-Cell Development R-HSA-186712,2.936893e-01,1.046100e+00,4.108527e-01,6.733461e-01,1.000000e+00,13/30,23.64%,KAT2B;ONECUT1;FOXO1;PAX4;MAML2;NKX2-2;NKX6-1;FOXA2;MAFA;HNF1A;NEUROG3;PAX6;RBPJ
prerank,Mitotic Prometaphase R-HSA-68877,-2.331669e-01,-1.044793e+00,3.465211e-01,8.255975e-01,1.000000e+00,38/157,22.02%,PDS5B;CLIP1;PRKCA;HDAC8;NUP98;PCNT;SFI1;CENPJ;ITGB3BP;TUBGCP6;MAD2L1;DSN1;CEP192;ZWILCH;CEP152;SMC1A;TUBGCP5;PPP2R5E;CEP72;CEP76;SEH1L;PLK1;CENPT;CNTRL;NUP85;HAUS2;PRKAR2B;KNTC1;TUBG2;SDCCAG8;NUDC;PPP2R5D;CEP250;CEP63;TUBGCP4;HAUS3;TUBGCP2;TUBGCP3
prerank,Signaling By Hedgehog R-HSA-5358351,-2.395192e-01,-1.043100e+00,3.748170e-01,8.283300e-01,1.000000e+00,37/124,25.34%,ADCY1;CUL3;PRKCA;NUMB;GRK2;WDR19;ULK3;IFT172;PSMA1;EFCAB7;PSMD11;DZIP1;DYNC2H1;ADCY9;TTC21B;IQCE;GSK3B;GPR161;PSMD14;CUL1;PRKAR2B;SPOPL;ADAM17;GNAS;ADCY6;IFT122;PRKAR1B;ARRB2;CDON;SMURF1;ADCY2;PSMD6;GAS8;FUZ;IFT57;GAS1;PSMA6
prerank,EPH-ephrin Mediated Repulsion Of Cells R-HSA-3928665,2.613549e-01,1.042910e+00,3.654822e-01,6.799295e-01,1.000000e+00,11/46,14.71%,CLTCL1;PSEN2;APH1B;EFNA2;NCSTN;MMP9;EPHA1;PSENEN;RNASE1;AP2B1;EFNA1
prerank,Signaling By NOTCH1 R-HSA-1980143,-2.611581e-01,-1.041782e+00,3.582555e-01,8.298058e-01,1.000000e+00,20/72,18.82%,HDAC4;NUMB;FBXW7;TLE2;HDAC8;NCOR2;HDAC10;MIB2;NCOR1;MAML1;HDAC3;SNW1;EP300;CUL1;MYC;CREBBP;ADAM17;NEURL1;NBEA;TLE4
prerank,Mitochondrial tRNA Aminoacylation R-HSA-379726,-3.587257e-01,-1.041693e+00,3.971631e-01,8.274825e-01,1.000000e+00,7/17,26.07%,AARS2;NARS2;SARS2;FARS2;CARS2;PPA2;TARS2
prerank,GAB1 Signalosome R-HSA-180292,-3.971437e-01,-1.041347e+00,3.913824e-01,8.259790e-01,1.000000e+00,2/12,3.72%,PIK3R1;PXDN
prerank,Retrograde Transport At Trans-Golgi-Network R-HSA-6811440,-2.845222e-01,-1.041344e+00,3.963211e-01,8.234137e-01,1.000000e+00,15/45,30.90%,COG2;STX6;COG3;GCC2;STX10;NAPG;COG7;STX16;SYS1;RIC1;VPS54;VPS51;GOLGA1;RAB6B;TMF1
prerank,MAPK6/MAPK4 Signaling R-HSA-5687128,2.349047e-01,1.040159e+00,3.808140e-01,6.859546e-01,1.000000e+00,24/77,25.22%,PKN1;FOXO1;MAPK4;PSMB10;HSPB1;SEM1;UBA52;PSMB1;PSME1;CDC42;RNASE1;PSMB9;PSMD10;DNAJB1;PSMB2;PSME2;MOV10;PSMD5;PSMA3;PSMB4;CDC14A;PSMA7;PSMD8;XPO1
prerank,EPH-Ephrin Signaling R-HSA-2682334,2.282305e-01,1.038928e+00,3.750000e-01,6.873551e-01,1.000000e+00,19/87,14.72%,CLTCL1;PKN1;PSEN2;APH1B;EFNA2;NCSTN;LIMK2;MMP9;MYL6;EPHA1;PSENEN;ARPC1B;CDC42;RNASE1;SDC2;AP2B1;MYL12B;EFNA1;MYL12A
prerank,NCAM Signaling For Neurite Out-Growth R-HSA-375165,-2.765319e-01,-1.038716e+00,3.808000e-01,8.291574e-01,1.000000e+00,16/51,21.96%,GFRA2;SPTBN5;SPTBN4;CACNA1C;CACNA1D;CACNB4;SPTAN1;SPTB;CACNB1;CACNB3;GRB2;AGRN;SPTBN2;GDNF;CREB1;COL6A1
prerank,Metabolism Of Steroid Hormones R-HSA-196071,3.099249e-01,1.037663e+00,3.851508e-01,6.890137e-01,1.000000e+00,8/25,17.36%,CYP11A1;STARD3NL;TSPO;SERPINA6;STARD4;HSD17B14;CYP11B1;CYP17A1
prerank,Signaling By High-Kinase Activity BRAF Mutants R-HSA-6802948,-3.297550e-01,-1.037220e+00,4.394464e-01,8.312020e-01,1.000000e+00,3/27,1.86%,KSR2;CNKSR2;ITGA2B
prerank,Metabolism Of Water-Soluble Vitamins And Cofactors R-HSA-196849,2.248521e-01,1.036215e+00,3.559322e-01,6.910118e-01,1.000000e+00,39/105,27.42%,SLC19A1;CD38;HLCS;SLC46A1;FOLR2;SLC19A3;PARP14;GSTO2;CYB5R3;QPRT;SLC52A3;AMN;CD320;MTHFD2;MMAB;PCCA;ENPP1;PRSS58;SLC52A1;NADSYN1;NMNAT1;PDZD11;PPCDC;CTRB1;NT5E;AASDHPPT;NADK2;ACP5;DHFR;SHMT2;SLC52A2;ACACB;PARP10;PANK3;DHFR2;ENPP2;CYB5A;NUDT12;LRP2
prerank,Phase II - Conjugation Of Compounds R-HSA-156580,2.401182e-01,1.035303e+00,3.794038e-01,6.915372e-01,1.000000e+00,19/67,21.26%,ACSM5;SULT1C4;MGST1;OPLAH;GSTP1;COMT;GSTO2;SLC35D1;CNDP2;AHCY;GCLC;TPST1;SLC26A2;HPGDS;MAT2A;SLC35B2;PAPSS1;UGT2B10;CHAC1
prerank,Late SARS-CoV-2 Infection Events R-HSA-9772573,-2.739654e-01,-1.033331e+00,4.221509e-01,8.411359e-01,1.000000e+00,18/55,23.43%,SRPK1;PARP8;PARP16;UBE2I;ST3GAL2;GSK3B;ZDHHC3;ST3GAL1;MOGAT1;SUMO1;MOGAT2;PARP6;MGAT4C;GSK3A;ST6GALNAC4;MOGS;ST3GAL3;ZDHHC11
prerank,Sensory Processing Of Sound By Outer Hair Cells Of Cochlea R-HSA-9662361,2.749282e-01,1.033050e+00,3.804627e-01,6.957930e-01,1.000000e+00,12/38,18.61%,EPS8;CLIC5;PCDH15;TWF1;GSN;ESPNL;RDX;EZR;MSN;KCNMB1;CASK;LHFPL5
prerank,Endosomal Sorting Complex Required For Transport (ESCRT) R-HSA-917729,-3.141058e-01,-1.031662e+00,3.967213e-01,8.438343e-01,1.000000e+00,12/29,31.58%,VTA1;CHMP5;VPS36;CHMP6;STAM;VPS37A;VPS28;VPS4A;VPS25;CHMP4B;VPS37B;RPS27A
prerank,Transport Of SLBP Independent Mature mRNA R-HSA-159227,-3.089386e-01,-1.031552e+00,4.058442e-01,8.415519e-01,1.000000e+00,15/32,30.97%,NUP98;NUP155;SEH1L;NUP85;NUP54;NUP153;NXF1;NUP62;RANBP2;NUP35;NUP214;AAAS;NUP58;ALYREF;NUP43
prerank,Global Genome Nucleotide Excision Repair (GG-NER) R-HSA-5696399,-2.552278e-01,-1.029656e+00,4.045802e-01,8.449657e-01,1.000000e+00,19/78,20.03%,PARP2;DDB2;MCRS1;RFC5;UBE2I;POLE3;YY1;ACTR5;RFC2;GTF2H4;INO80E;PIAS1;RNF111;SUMO1;RFC4;ERCC4;SUMO2;POLD3;INO80
prerank,RHOC GTPase Cycle R-HSA-9013106,2.409760e-01,1.029563e+00,3.735632e-01,7.035507e-01,1.000000e+00,13/68,8.89%,PKN1;DHDDS;ARHGAP18;RHOC;ARHGEF40;MCAM;STOM;VANGL1;LBR;ERBIN;TJP2;IQGAP1;STK10
prerank,FGFR2 Mutant Receptor Activation R-HSA-1839126,3.046864e-01,1.028266e+00,4.029484e-01,7.050889e-01,1.000000e+00,10/25,20.00%,GTF2F2;NCBP2;POLR2L;POLR2A;FGF1;FGF3;POLR2I;POLR2J;POLR2G;POLR2F
prerank,Thromboxane Signaling Thru TP Receptor R-HSA-428930,3.136122e-01,1.027375e+00,4.014599e-01,7.054625e-01,1.000000e+00,9/22,27.85%,TBXA2R;GNG8;GNA13;GNG4;GNG12;GNG7;GNG11;GNB2;GNG10
prerank,Signaling By NTRK3 (TRKC) R-HSA-9034015,-3.728856e-01,-1.027183e+00,4.338624e-01,8.502598e-01,1.000000e+00,4/15,17.00%,PIK3R1;IRS1;GRB2;NTRK3
prerank,Telomere C-strand Synthesis Initiation R-HSA-174430,-3.952913e-01,-1.025945e+00,4.275362e-01,8.515129e-01,1.000000e+00,4/12,19.49%,PRIM1;ACD;TINF2;TERF2
prerank,Platelet Aggregation (Plug Formation) R-HSA-76009,2.931112e-01,1.025397e+00,4.282116e-01,7.090248e-01,1.000000e+00,10/28,23.11%,APBB1IP;TTF2;RAP1B;TLN1;SYK;SHC1;MPL;RASGRP2;GP9;FN1
prerank,Ion Transport By P-type ATPases R-HSA-936837,-2.813432e-01,-1.024922e+00,4.041534e-01,8.519647e-01,1.000000e+00,7/44,8.51%,ATP4A;CAMK2A;CAMK2G;ATP2B3;ATP8B2;ATP1A4;FXYD7
prerank,tRNA Aminoacylation R-HSA-379724,-3.320881e-01,-1.023808e+00,4.190647e-01,8.528417e-01,1.000000e+00,8/22,26.07%,AARS2;NARS2;SARS2;PPA1;FARS2;CARS2;PPA2;TARS2
prerank,"BMAL1:CLOCK,NPAS2 Activates Circadian Gene Expression R-HSA-1368108",-3.306727e-01,-1.023223e+00,4.306931e-01,8.520175e-01,1.000000e+00,8/23,19.17%,CLOCK;NLRP3;LIN9;NCOA6;CREBBP;BHLHE40;NCOA1;CARM1
prerank,Pausing And Recovery Of Tat-mediated HIV Elongation R-HSA-167238,2.865903e-01,1.022170e+00,4.230769e-01,7.162661e-01,1.000000e+00,10/30,21.10%,GTF2F2;POLR2L;POLR2A;NELFE;POLR2I;POLR2J;TCEA1;POLR2G;POLR2F;ELOB
prerank,Signaling By EGFR R-HSA-177929,-2.850194e-01,-1.021735e+00,4.189406e-01,8.542211e-01,1.000000e+00,7/43,11.12%,SPRY2;PIK3R1;SH3GL1;PXDN;SH3GL2;PTPRK;EPN1
prerank,CDC42 GTPase Cycle R-HSA-9013148,2.118378e-01,1.019487e+00,3.897764e-01,7.218772e-01,1.000000e+00,24/138,10.77%,PKN1;ARHGAP45;ARHGDIB;SRGAP1;SPATA13;STOM;VANGL1;FNBP1L;LBR;PREX2;CDC42EP4;FGD4;LAMTOR1;ARHGAP31;SYDE1;GNA13;ARHGAP42;IQGAP1;FNBP1;DOCK8;DOCK10;CDC42;ARHGAP24;PLEKHG3
prerank,"Adrenaline,noradrenaline Inhibits Insulin Secretion R-HSA-400042",-3.152471e-01,-1.019023e+00,4.171030e-01,8.600918e-01,1.000000e+00,8/26,20.28%,ADRA2A;CACNA1C;CACNA1D;GNB3;CACNB3;ADCY6;GNB5;GNAI1
prerank,Nephrin Family Interactions R-HSA-373753,-3.406866e-01,-1.017464e+00,4.631579e-01,8.623930e-01,1.000000e+00,6/21,15.63%,NCK2;PIK3R1;PIK3R2;SPTAN1;WASL;ACTN4
prerank,Beta-catenin Independent WNT Signaling R-HSA-3858494,2.097959e-01,1.017036e+00,4.163934e-01,7.269333e-01,1.000000e+00,34/134,19.91%,NFATC1;FZD9;VANGL2;TCF7L1;RAC2;PSMB10;FZD2;SEM1;UBA52;GNG8;PSMB1;FZD1;WNT5B;WNT4;GNG4;LEF1;PSME1;RNASE1;PSMB9;GNG12;PSMD10;GNAO1;NRAS;PDE6G;AP2B1;PSMB2;PDE6B;PSME2;PLCB2;ITPR2;GNG7;MOV10;RHOA;PSMD5
prerank,Acyl Chain Remodelling Of PE R-HSA-1482839,3.507599e-01,1.016361e+00,4.044944e-01,7.268173e-01,1.000000e+00,6/14,27.68%,ABHD4;PLA2G5;MBOAT2;MBOAT1;PLA2G12A;PLA2G6
prerank,FOXO-mediated Transcription Of Cell Death Genes R-HSA-9614657,-3.765826e-01,-1.015943e+00,4.459930e-01,8.645485e-01,1.000000e+00,5/14,15.12%,BBC3;NFYC;EP300;CITED2;CREBBP
prerank,Signaling By Nuclear Receptors R-HSA-9006931,1.980443e-01,1.015738e+00,3.948339e-01,7.265498e-01,1.000000e+00,47/198,19.41%,APOC1;AKR1C3;APOE;LDHD;KAT2B;CPT1A;KANK1;FABP6;GTF2F2;SREBF1;DHRS4;UHMK1;MMP9;NR1H3;ZNF217;CBFB;RDH10;POLR2L;GNG8;POLR2A;ABCG8;ABCA1;GNG4;RXRA;GPAM;PPID;MAPK3;HDAC1;POU2F1;PLTP;RDH11;GNG12;NRAS;KDM1B;TFF1;FKBP4;MYB;SHC1;RDH14;POLR2I;POLR2J;APOD;POLR2G;HBEGF;SCD;GNG7;MOV10
prerank,Platelet Homeostasis R-HSA-418346,2.356397e-01,1.015576e+00,4.089552e-01,7.249912e-01,1.000000e+00,15/71,13.39%,ORAI1;PDE11A;GUCY1A1;P2RX3;GNG8;PTPN11;GNG4;PAFAH2;PTGIR;PECAM1;PDE5A;GNG12;PPP2R5A;NANOS1;PDE9A
prerank,Cellular Response To Chemical Stress R-HSA-9711123,2.028126e-01,1.014760e+00,4.179104e-01,7.254368e-01,1.000000e+00,32/166,17.44%,PPARA;CYBB;HMOX1;CYBA;PSMB10;SEM1;PHGDH;ATP7A;GSTP1;UBA52;PSMB1;MUL1;NFE2L2;GCLC;RXRA;NQO1;SMARCD3;ATOX1;UFD1;PSME1;HELZ2;TXNRD1;PSMB9;TXNIP;PSMD10;PSMB2;SLC7A11;ALB;PSME2;PRDX1;BLVRB;ERO1A
prerank,VLDLR Internalisation And Degradation R-HSA-8866427,3.411215e-01,1.013787e+00,4.266958e-01,7.262425e-01,1.000000e+00,4/16,13.86%,NR1H3;UBA52;VLDLR;AP2B1
prerank,Anchoring Of Basal Body To Plasma Membrane R-HSA-5620912,-2.465892e-01,-1.013439e+00,4.330827e-01,8.698627e-01,1.000000e+00,21/88,21.81%,PRKCA;C2CD3;PCNT;SFI1;CENPJ;IQCB1;CEP192;AHI1;CEP152;NPHP4;CEP72;CEP76;PLK1;CNTRL;HAUS2;PRKAR2B;SDCCAG8;TCTN2;CEP250;CEP63;HAUS3
prerank,RNA Polymerase II Transcription Termination R-HSA-73856,-2.633602e-01,-1.013251e+00,4.281150e-01,8.678620e-01,1.000000e+00,29/62,34.19%,WDR33;CPSF1;SRSF11;THOC5;SNRPB;SLU7;POLDIP3;CSTF2;SRSF4;CSTF3;PCF11;U2AF1L4;SRSF2;SRSF1;MAGOHB;THOC7;CSTF2T;SLBP;MAGOH;SRSF7;RNPS1;U2AF2;SRSF5;ALYREF;CPSF6;UPF3B;CHTOP;SRRM1;DHX38
prerank,CASP8 Activity Is Inhibited R-HSA-5218900,3.945103e-01,1.012429e+00,4.493671e-01,7.261517e-01,1.000000e+00,4/10,25.89%,TNFRSF10B;CFLAR;TNFSF10;CASP8
prerank,Dimerization Of Procaspase-8 R-HSA-69416,3.945103e-01,1.012429e+00,4.493671e-01,7.261517e-01,1.000000e+00,4/10,25.89%,TNFRSF10B;CFLAR;TNFSF10;CASP8
prerank,Rev-mediated Nuclear Export Of HIV RNA R-HSA-165054,-3.027449e-01,-1.012262e+00,4.572368e-01,8.684145e-01,1.000000e+00,16/32,34.16%,NUP98;NUP155;SEH1L;NUP85;NUP54;NUP153;NUP62;RANBP2;NUP35;NUP214;AAAS;NUP58;NUP43;RANBP1;RANGAP1;NUP210
prerank,RAS Processing R-HSA-9648002,3.340259e-01,1.011485e+00,4.376417e-01,7.268490e-01,1.000000e+00,8/16,35.61%,NRAS;ICMT;ZDHHC9;HRAS;GOLGA7;FNTA;PRKCQ;PDE6D
prerank,Toll Like Receptor 3 (TLR3) Cascade R-HSA-168164,-2.399841e-01,-1.011300e+00,4.446108e-01,8.689336e-01,1.000000e+00,30/93,27.46%,MEF2C;RPS6KA3;MAPK10;TICAM1;DUSP7;SARM1;TRAF3;MEF2A;IRF3;TRAF6;CUL1;LRRC14;SAA2;MAPK8;IKBKG;MAPK14;DUSP4;TAB3;NLRX1;VRK3;PPP2R5D;GDNF;CREB1;N4BP1;MAPK11;TIFA;NFKB1;MAPK9;RPS6KA2;FBXW11
prerank,SCF-beta-TrCP Mediated Degradation Of Emi1 R-HSA-174113,2.492573e-01,1.011223e+00,4.151436e-01,7.256170e-01,1.000000e+00,16/52,27.90%,PSMB10;SEM1;UBA52;PSMB1;PSME1;PSMB9;PSMD10;PSMB2;PSME2;PSMD5;PSMA3;PSMB4;PSMA7;PSMD8;PSMB8;PSMC1
prerank,Activation Of GABAB Receptors R-HSA-991365,-2.910628e-01,-1.008257e+00,4.548495e-01,8.757458e-01,1.000000e+00,10/37,20.28%,KCNJ3;ADCY1;KCNJ6;KCNJ9;GNB3;ADCY9;KCNJ4;ADCY6;GNB5;GNAI1
prerank,HS-GAG Biosynthesis R-HSA-2022928,-3.118480e-01,-1.007975e+00,4.433164e-01,8.741080e-01,1.000000e+00,6/25,12.49%,HS3ST4;EXT1;HS6ST1;NDST2;HS3ST2;HS3ST1
prerank,Activation Of BAD And Translocation To Mitochondria R-HSA-111447,-3.538111e-01,-1.007938e+00,4.497354e-01,8.716516e-01,1.000000e+00,4/15,17.48%,BID;AKT1;AKT3;AKT2
prerank,Prostacyclin Signaling Thru Prostacyclin Receptor R-HSA-392851,3.285865e-01,1.007638e+00,4.256293e-01,7.339475e-01,1.000000e+00,8/17,27.85%,GNG8;GNG4;PTGIR;GNG12;GNG7;GNG11;GNB2;GNG10
prerank,MyD88-independent TLR4 Cascade R-HSA-166166,-2.385318e-01,-1.007133e+00,4.542683e-01,8.716643e-01,1.000000e+00,31/96,27.46%,MEF2C;RPS6KA3;MAPK10;TICAM1;DUSP7;SARM1;TRAF3;MEF2A;IRF3;TRAF6;CUL1;LRRC14;SAA2;LY96;MAPK8;IKBKG;MAPK14;DUSP4;TAB3;NLRX1;VRK3;PPP2R5D;GDNF;CREB1;N4BP1;MAPK11;TIFA;NFKB1;MAPK9;RPS6KA2;FBXW11
prerank,RAF Activation R-HSA-5673000,-3.075083e-01,-1.005137e+00,4.356775e-01,8.752742e-01,1.000000e+00,14/30,35.19%,CAMK2A;CAMK2G;PPP2R5E;MARK3;JAK2;SHOC2;PPP2R5D;CAMK2B;PPP1CB;KSR1;BRAF;SRC;MAP2K1;PPP2R1A
prerank,Inhibition Of Replication Initiation Of Damaged DNA By RB1/E2F1 R-HSA-113501,3.601413e-01,1.003124e+00,4.350962e-01,7.449050e-01,1.000000e+00,3/13,10.23%,RB1;TFDP2;PPP2R3B
prerank,Constitutive Signaling By NOTCH1 HD+PEST Domain Mutants R-HSA-2894862,-2.651973e-01,-1.003021e+00,4.124204e-01,8.794227e-01,1.000000e+00,16/56,18.22%,HDAC4;FBXW7;HDAC8;NCOR2;HDAC10;MIB2;NCOR1;MAML1;HDAC3;SNW1;EP300;CUL1;MYC;CREBBP;ADAM17;NEURL1
prerank,Negative Regulation Of FGFR1 Signaling R-HSA-5654726,-3.165203e-01,-1.002695e+00,4.360269e-01,8.778741e-01,1.000000e+00,3/25,4.13%,FGF17;SPRY2;FGF9
prerank,Activation Of SMO R-HSA-5635838,-3.794445e-01,-1.002584e+00,4.400749e-01,8.757658e-01,1.000000e+00,7/13,25.09%,GRK2;EFCAB7;IQCE;ARRB2;CDON;GAS8;GAS1
prerank,Deactivation Of Beta-Catenin Transactivating Complex R-HSA-3769402,2.648296e-01,1.002469e+00,4.330144e-01,7.448037e-01,1.000000e+00,8/40,11.07%,TCF7L1;SOX2;SOX9;UBA52;LEF1;HDAC1;PYGO1;SOX3
prerank,Synthesis Of PE R-HSA-1483213,3.725089e-01,1.002445e+00,4.269663e-01,7.429029e-01,1.000000e+00,4/11,29.37%,ETNPPL;LPIN3;LPIN1;PHOSPHO1
prerank,FRS-mediated FGFR2 Signaling R-HSA-5654700,-3.524653e-01,-1.001524e+00,4.434783e-01,8.765950e-01,1.000000e+00,4/16,16.84%,FGF17;FGF9;FGF18;GRB2
prerank,TRAF6-mediated Induction Of TAK1 Complex Within TLR4 Complex R-HSA-937072,-3.504445e-01,-9.999411e-01,4.360771e-01,8.791009e-01,1.000000e+00,5/15,19.14%,TICAM1;SARM1;TRAF6;LY96;TAB3
prerank,EGR2 And SOX10-mediated Initiation Of Schwann Cell Myelination R-HSA-9619665,2.855250e-01,9.998058e-01,4.350797e-01,7.482554e-01,1.000000e+00,7/28,9.60%,WWTR1;TEAD1;LAMB1;YAP1;CYP51A1;ADGRG6;PRX
prerank,FRS-mediated FGFR3 Signaling R-HSA-5654706,-3.641299e-01,-9.991417e-01,4.343972e-01,8.790070e-01,1.000000e+00,4/14,16.84%,FGF17;FGF9;FGF18;GRB2
prerank,Nucleotide Excision Repair R-HSA-5696398,-2.355080e-01,-9.990577e-01,4.514200e-01,8.767571e-01,1.000000e+00,24/102,20.03%,PARP2;DDB2;MCRS1;RFC5;UBE2I;POLE3;YY1;ACTR5;RFC2;PRPF19;GTF2H4;PPIE;ZNF830;INO80E;PIAS1;EP300;RNF111;SUMO1;RFC4;POLR2H;ERCC4;SUMO2;POLD3;INO80
prerank,RHO GTPase Cycle R-HSA-9012999,-1.997162e-01,-9.990292e-01,4.608586e-01,8.743292e-01,1.000000e+00,68/399,15.35%,RND1;EFHD2;NCK2;TIAM2;ARHGEF3;CUL3;CDC42EP3;NOXO1;ARHGAP39;ARHGAP32;PIK3R1;FAM13A;ARHGAP26;TNFAIP1;PCDH7;MACO1;SYDE2;RHOV;MCF2L;MTR;GFOD1;FAM135A;SLITRK5;EGR2;MPP7;PLEKHG5;TRIO;ALS2;ROCK2;DAAM1;RASAL2;KIDINS220;GOPC;WHAMM;SLC4A7;SH3BP1;STX5;NGEF;PIK3R2;STARD13;RBMX;RBM15;ARHGEF18;DIAPH1;LEMD3;SPTAN1;ARHGAP9;CCDC115;SLITRK3;ARHGAP44;KALRN;ANKRD26;KCTD13;ARHGEF2;REPS1;RBBP6;WIPF2;FMNL1;WASL;TRA2B;ARHGAP10;ITSN1;TMPO;PARD6A;PLXND1;BASP1;ABL2;ARAP3
prerank,Diseases Associated With Glycosylation Precursor Biosynthesis R-HSA-5609975,3.406233e-01,9.974811e-01,4.608295e-01,7.530992e-01,1.000000e+00,3/15,9.07%,DHDDS;DOLK;GALT
prerank,Xenobiotics R-HSA-211981,3.645909e-01,9.971070e-01,4.503311e-01,7.521919e-01,1.000000e+00,5/12,24.97%,CYP2J2;CYP2W1;CYP2B6;CYP3A5;CYP3A43
prerank,Netrin-1 Signaling R-HSA-373752,2.524659e-01,9.958286e-01,4.626039e-01,7.539448e-01,1.000000e+00,11/46,12.05%,ROBO1;PKN1;DOCK1;NEO1;PTPN11;CDC42;RNASE1;UNC5B;EZR;UNC5C;NTN1
prerank,Protein Methylation R-HSA-8876725,3.421616e-01,9.936177e-01,4.431555e-01,7.583626e-01,1.000000e+00,2/15,1.04%,CAMKMT;ETFB
prerank,Pyruvate Metabolism R-HSA-70268,2.876166e-01,9.931556e-01,4.560570e-01,7.577526e-01,1.000000e+00,9/29,21.63%,LDHD;SLC16A1;PLPP6;RXRA;SLC16A3;SLC16A8;LDHAL6A;PDK4;LDHA
prerank,Formation Of Cornified Envelope R-HSA-6809371,2.585398e-01,9.908231e-01,4.810811e-01,7.624210e-01,1.000000e+00,20/40,31.92%,PERP;LCE1A;PI3;LCE1D;PKP4;LCE1C;LCE3E;JUP;PRSS8;SPRR1A;KLK14;CDSN;KLK5;IVL;LCE2D;LIPN;ST14;RCAN1;LCE3A;SPRR2E
prerank,SARS-CoV-2 Modulates Host Translation Machinery R-HSA-9754678,-2.711813e-01,-9.901432e-01,4.620253e-01,8.989476e-01,1.000000e+00,23/46,38.37%,SNRPB;RPS7;RPS21;RPSA;RPS25;RPS4Y1;RPS3;RPS13;RPS29;GEMIN7;GEMIN2;RPS9;GEMIN4;RPS5;RPS27A;RPS24;RPS3A;RPS12;RPS15A;RPS14;SNRPE;RPS17;RPS16
prerank,NEP/NS2 Interacts With Cellular Export Machinery R-HSA-168333,-2.982751e-01,-9.896457e-01,4.610390e-01,8.979410e-01,1.000000e+00,20/32,41.14%,NUP98;NUP155;SEH1L;NUP85;NUP54;NUP153;NUP62;RANBP2;NUP35;NUP214;AAAS;NUP58;NUP43;NUP210;BLOC1S6;NUP205;RAN;POM121;NUP160;NUP50
prerank,Diseases Associated With TLR Signaling Cascade R-HSA-5602358,2.946110e-01,9.895976e-01,4.691943e-01,7.638941e-01,1.000000e+00,8/23,20.16%,TLR3;UNC93B1;TLR1;TLR4;TLR5;S100A1;MYD88;NDUFA2
prerank,RNA Polymerase III Chain Elongation R-HSA-73780,-3.437439e-01,-9.865055e-01,4.770642e-01,9.051695e-01,1.000000e+00,5/17,17.92%,POLR3A;POLR1D;POLR3F;CRCP;POLR2H
prerank,NIK To Noncanonical NF-kB Signaling R-HSA-5676590,2.434131e-01,9.862924e-01,4.720000e-01,7.713899e-01,1.000000e+00,16/55,27.90%,PSMB10;SEM1;UBA52;PSMB1;PSME1;PSMB9;PSMD10;PSMB2;PSME2;PSMD5;PSMA3;PSMB4;PSMA7;PSMD8;PSMB8;PSMC1
prerank,TICAM1-dependent Activation Of IRF3/IRF7 R-HSA-9013973,3.652432e-01,9.856342e-01,4.829157e-01,7.713059e-01,1.000000e+00,3/11,6.56%,TLR3;IRF7;UBA52
prerank,Recruitment And ATM-mediated Phosphorylation Of Repair And Signal Proteins At DNA Double Strand Breaks R-HSA-5693565,-2.750846e-01,-9.852275e-01,4.785479e-01,9.065902e-01,1.000000e+00,14/41,20.88%,KDM4A;UIMC1;UBE2I;EYA3;SUMO1;PIAS4;NSD2;HERC2;BARD1;MAPK8;EYA4;RNF168;RAD50;MDC1
prerank,Class I MHC Mediated Antigen Processing And Presentation R-HSA-983169,-2.013322e-01,-9.848271e-01,5.170240e-01,9.052610e-01,1.000000e+00,59/345,17.28%,ZBTB16;CUL3;FBXO40;LNX1;HECW2;GLMN;ANAPC4;FBXO21;HERC6;UBE2O;FBXW7;RNF115;FBXL12;UBE2D4;ZNRF1;FBXO9;ATG14;FBXL20;TRAF7;KLHL3;FBXO32;PSMA1;UBA5;BTBD6;FBXO4;MIB2;UBE2W;LMO7;PSMD11;KLHL21;FBXO27;KLHL11;FBXO31;FBXO41;RNF19A;KLHL22;HERC1;KBTBD8;RBBP6;SEC24D;FBXO11;DCAF1;PSMD14;MEX3C;LRRC41;DET1;HACE1;RNF111;CUL1;KBTBD7;TRIM32;UBE2C;HERC2;TRIM9;LNPEP;LY96;IKBKG;RNF41;KLHL42
prerank,G Beta:Gamma Signaling Thru BTK R-HSA-8964315,3.367682e-01,9.837329e-01,4.829157e-01,7.748442e-01,1.000000e+00,7/15,27.85%,GNG8;GNG4;GNG12;GNG7;GNG11;GNB2;GNG10
prerank,SHC-mediated cascade:FGFR1 R-HSA-5654688,-3.700043e-01,-9.835570e-01,4.869110e-01,9.066023e-01,1.000000e+00,2/12,4.13%,FGF17;FGF9
prerank,TRAF6 Mediated Induction Of NFkB And MAP Kinases Upon TLR7/8 Or 9 Activation R-HSA-975138,-2.355174e-01,-9.830798e-01,4.784615e-01,9.055671e-01,1.000000e+00,30/91,27.46%,MEF2C;RPS6KA3;MAPK10;TICAM1;DUSP7;PELI3;ECSIT;MEF2A;TRAF6;CUL1;LRRC14;SAA2;LY96;MAPK8;IKBKG;MAPK14;DUSP4;TAB3;NLRX1;VRK3;PPP2R5D;GDNF;CREB1;N4BP1;MAPK11;TIFA;NFKB1;MAPK9;RPS6KA2;FBXW11
prerank,Signaling By Non-Receptor Tyrosine Kinases R-HSA-9006927,-2.755608e-01,-9.829325e-01,4.855305e-01,9.035147e-01,1.000000e+00,9/46,13.48%,KHDRBS3;LRRK2;KHDRBS2;PXDN;NRG3;AKT1;NR3C1;KHDRBS1;NRG4
prerank,Negative Regulation Of PI3K/AKT Network R-HSA-199418,-2.377169e-01,-9.827200e-01,4.779300e-01,9.016527e-01,1.000000e+00,23/88,21.49%,FGF17;PIK3R1;PIP5K1C;FGF9;NRG3;PIK3R2;PIP5K1B;IRS1;PIP5K1A;CLSTN1;AKT1;TRAF6;PPP2R5E;AKT3;NRG4;FGF18;GRB2;AKT2;IL1RAP;TRIB3;PPP2R5D;PIP4K2C;PIP4K2B
prerank,Defects Of Contact Activation System (CAS) And Kallikrein/Kinin System (KKS) R-HSA-9651496,3.560364e-01,9.815081e-01,4.601367e-01,7.793731e-01,1.000000e+00,5/12,29.99%,TTF2;TPST1;GP9;ZNF160;VWF
prerank,Neddylation R-HSA-8951664,-2.091514e-01,-9.814052e-01,5.172872e-01,9.030150e-01,1.000000e+00,32/219,13.64%,ZBTB16;CUL3;FBXO40;FBXO21;DDB2;FBXW7;DCAF6;FBXL12;FBXO9;FBXL20;KLHL3;FBXO32;PSMA1;BTBD6;FBXO4;LMO7;PSMD11;KLHL21;FBXO27;KLHL11;SOCS5;FBXO31;DCAF8;FBXO41;PUM2;KLHL22;KBTBD8;SOCS2;FBXO11;PSMD14;LRRC41;SPSB3
prerank,Tight Junction Interactions R-HSA-420029,3.194684e-01,9.813975e-01,4.376471e-01,7.776597e-01,1.000000e+00,12/18,35.73%,PARD3;CLDN14;PATJ;PARD6G;CLDN11;CLDN3;CLDN15;CRB3;CLDN5;CLDN19;CLDN12;CLDN9
prerank,TBC/RABGAPs R-HSA-8854214,2.580134e-01,9.808262e-01,4.832905e-01,7.773578e-01,1.000000e+00,17/40,34.37%,RAB33B;RAB4A;TBC1D10C;RAB8B;RAB8A;RAB11A;GABARAP;TSC1;RAB6A;TBC1D10B;RAB35;TBC1D10A;TBC1D13;GABARAPL2;TBC1D2;RAB33A;TBC1D15
prerank,"Antigen Presentation: Folding, Assembly, Peptide Loading Of Class I MHC R-HSA-983170",2.816059e-01,9.806968e-01,4.534884e-01,7.757341e-01,1.000000e+00,10/27,26.39%,HSPA5;ERAP2;CALR;HLA-G;PDIA3;HLA-F;B2M;HLA-E;HLA-C;HLA-A
prerank,Miscellaneous Transport And Binding Events R-HSA-5223345,-3.251165e-01,-9.806551e-01,4.955908e-01,9.027766e-01,1.000000e+00,5/20,15.45%,NIPAL2;ADD2;ANKH;ADD1;LRRC8B
prerank,NR1H2 And NR1H3-mediated Signaling R-HSA-9024446,-2.799924e-01,-9.805774e-01,4.791667e-01,9.005511e-01,1.000000e+00,13/39,18.05%,KDM1A;KDM4A;AGO1;ARL4C;NCOR2;NCOR1;HDAC3;EEPD1;NRIP1;EP300;RXRB;TNRC6C;NCOA1
prerank,TNFR2 Non-Canonical NF-kB Pathway R-HSA-5668541,2.222962e-01,9.771969e-01,4.710983e-01,7.840987e-01,1.000000e+00,26/81,27.90%,EDA;PSMB10;TNFRSF1A;SEM1;UBA52;TNFRSF13C;PSMB1;PSME1;PSMB9;PSMD10;TNFRSF8;PSMB2;PSME2;BIRC3;PSMD5;TNFRSF12A;PSMA3;PSMB4;LTA;BIRC2;LTBR;PSMA7;PSMD8;PSMB8;TNFSF13;PSMC1
prerank,Pentose Phosphate Pathway R-HSA-71336,3.339536e-01,9.770237e-01,4.702128e-01,7.826043e-01,1.000000e+00,2/14,4.38%,DERA;PHGDH
prerank,Downregulation Of ERBB2 Signaling R-HSA-8863795,-3.051060e-01,-9.765521e-01,4.923858e-01,9.102843e-01,1.000000e+00,8/27,18.64%,MATK;NRG3;AKT1;AKT3;NRG4;RNF41;AKT2;PTPN18
prerank,Metabolism Of Carbohydrates R-HSA-71387,1.869107e-01,9.761158e-01,5.560166e-01,7.830451e-01,1.000000e+00,69/245,24.37%,DSEL;PYGL;DERA;NAGLU;CHST14;NUP37;HPSE2;CRYL1;B4GALT1;PHGDH;PHKB;B3GNT2;SLC25A1;GOLT1A;CHST11;CHST6;GYG2;B3GALT4;UBA52;DSE;PGAM2;HYAL2;PYGM;G6PC3;GALT;GPC6;B4GALT7;VCAN;DCXR;CHST3;BCAN;SDC2;CSPG4;SLC26A2;PPP1R3C;CD44;NDST1;HS3ST3A1;CHST7;SDC3;CHORDC1;GBE1;ADPGK;GLB1L;SLC35B2;SGSH;NUP93;GLYCTK;HS3ST5;PHKA1;SLC25A13;B3GAT2;DCN;TKT;PAPSS1;PFKL;SDC4;BPGM;NUP188;CHPF2;CHST9;MANBA;BGN;GLCE;SHPK;GPC4;B3GALT6;PFKFB3;TALDO1
prerank,MAP2K And MAPK Activation R-HSA-5674135,-3.026646e-01,-9.758812e-01,5.034602e-01,9.099095e-01,1.000000e+00,3/31,1.86%,KSR2;CNKSR2;ITGA2B
prerank,G Alpha (Q) Signaling Events R-HSA-416476,1.956457e-01,9.743224e-01,5.328720e-01,7.859597e-01,1.000000e+00,62/156,28.29%,EDNRB;NTSR2;OXTR;LPAR6;TTF2;RGS3;F2R;MLNR;TBXA2R;PRKCH;GNG8;RGS18;GNG4;TACR2;KISS1;GPR68;MAPK3;GPR143;P2RY1;GNRH2;GNG12;NRAS;XCR1;MAPK7;ADRA1D;CYSLTR1;RPS6KA1;OXT;LTB4R2;GPR4;HTR2C;PLCB2;PRKCD;ITPR2;HBEGF;RGS16;GNG7;FFAR4;CHRM5;GHSR;RASGRP2;GRK5;QRFP;PLCB4;HCRT;NMBR;DGKH;KISS1R;RGS17;GNG11;LPAR1;FFAR1;HRAS;RGS19;ABHD12;GNB2;ADRA1B;GPR17;NMUR1;GNG10;RGS1;F2RL1
prerank,Azathioprine ADME R-HSA-9748787,-3.587371e-01,-9.739359e-01,4.664179e-01,9.134067e-01,1.000000e+00,2/14,4.15%,ABCC5;SLC29A1
prerank,Methylation R-HSA-156581,-3.747476e-01,-9.733771e-01,4.899452e-01,9.127504e-01,1.000000e+00,3/12,8.40%,MTR;NNMT;MAT2B
prerank,Postmitotic Nuclear Pore Complex (NPC) Reformation R-HSA-9615933,-3.052201e-01,-9.732835e-01,5.108878e-01,9.105004e-01,1.000000e+00,8/27,18.41%,NUP98;UBE2I;NUP155;SEH1L;SUMO1;NUP85;NUP54;NUP62
prerank,Leading Strand Synthesis R-HSA-69109,-3.520134e-01,-9.732615e-01,4.832451e-01,9.081132e-01,1.000000e+00,5/14,19.61%,PRIM1;RFC5;RFC2;RFC4;POLD3
prerank,RND2 GTPase Cycle R-HSA-9696270,-2.761005e-01,-9.722530e-01,4.915825e-01,9.088290e-01,1.000000e+00,12/36,20.17%,PIK3R1;TNFAIP1;KIDINS220;PIK3R2;RBMX;LEMD3;ANKRD26;KCTD13;PLXND1;ARHGAP35;PRAG1;NUDC
prerank,TP53 Regulates Transcription Of DNA Repair Genes R-HSA-6796648,-2.528699e-01,-9.715341e-01,4.976452e-01,9.085076e-01,1.000000e+00,19/57,27.69%,RAD51D;CDK13;DDB2;CCNT2;CDK9;NELFA;GTF2H4;GTF2F1;FANCI;POLR2H;ELOC;MDC1;GDNF;POLR2D;PMS2;SUPT16H;MSH2;SSRP1;MNAT1
prerank,Downregulation Of SMAD2/3:SMAD4 Transcriptional Activity R-HSA-2173795,2.796993e-01,9.701317e-01,5.134474e-01,7.957230e-01,1.000000e+00,6/28,11.02%,PARP1;WWTR1;UBA52;SMAD7;MAPK3;HDAC1
prerank,P75 NTR Receptor-Mediated Signaling R-HSA-193704,-2.307489e-01,-9.699963e-01,5.201238e-01,9.107484e-01,1.000000e+00,21/88,19.18%,TIAM2;ARHGEF3;MCF2L;RTN4;PLEKHG5;TRIO;ITGB3BP;PRKCI;NGEF;ARHGEF18;TRAF6;HDAC3;KALRN;ARHGEF2;ITSN1;ARHGEF4;MAPK8;ABR;ADAM17;ARHGEF12;ARHGEF9
prerank,Regulation Of KIT Signaling R-HSA-1433559,3.284573e-01,9.695665e-01,4.977376e-01,7.953062e-01,1.000000e+00,3/14,6.67%,SOCS6;SOCS1;SH2B2
prerank,Signaling By FGFR R-HSA-190236,-2.400052e-01,-9.691878e-01,5.053763e-01,9.106192e-01,1.000000e+00,15/71,17.92%,FGF17;SPRY2;PIK3R1;SPRED2;FGF9;FLRT2;FLRT3;GTF2F1;FGF18;MKNK1;HNRNPA1;GRB2;TIAL1;RBFOX2;POLR2H
prerank,PCNA-Dependent Long Patch Base Excision Repair R-HSA-5651801,-3.219050e-01,-9.691078e-01,5.097345e-01,9.083972e-01,1.000000e+00,6/20,19.61%,POLG2;RFC5;POLE3;RFC2;RFC4;POLD3
prerank,Fc Epsilon Receptor (FCERI) Signaling R-HSA-2454202,2.034187e-01,9.691022e-01,5.145349e-01,7.945408e-01,1.000000e+00,33/117,24.86%,NFATC1;PKN1;PSMB10;PLCG2;SEM1;UBA52;PSMB1;SYK;FCER1G;MAPK3;PSME1;RNASE1;PSMB9;PSMD10;NRAS;VAV1;PSMB2;SHC1;AHCYL1;PSME2;ITPR2;TAB2;PSMD5;RASGRP4;MAP3K1;PSMA3;PSMB4;RASGRP2;FYN;PSMA7;UBE2N;HRAS;PSMD8
prerank,EPHB-mediated Forward Signaling R-HSA-3928662,2.668600e-01,9.665870e-01,5.097087e-01,7.995605e-01,1.000000e+00,12/33,24.68%,PKN1;LIMK2;ARPC1B;CDC42;RNASE1;SDC2;ARPC3;YES1;RHOA;ARPC5;FYN;HRAS
prerank,Influenza Infection R-HSA-168255,-2.183928e-01,-9.661743e-01,5.268362e-01,9.147916e-01,1.000000e+00,56/149,32.02%,IPO5;RPL15;NUP98;KPNA5;RPL28;NUP155;CLTA;RSL24D1;SEH1L;GTF2F1;RPL9;RPS7;RPS21;NUP85;RPL26;NUP54;NUP153;POLR2H;NUP62;RPSA;RPL38;RPS25;RPS4Y1;RPL10L;RPS3;RPS13;POLR2D;SLC25A6;RPS29;RPL14;RPL13A;RANBP2;RPL18A;KPNA4;RPL22;NUP35;RPL35A;RPL4;RPS9;RPL3;NUP214;RPLP0;RPL37A;RPL21;AAAS;RPL31;RPS5;RPL23A;NUP58;RPL27;NUP43;RPS27A;RPS24;RPL7A;RPS3A;RPL7
prerank,Signaling By ERBB4 R-HSA-1236394,2.403429e-01,9.652893e-01,5.440000e-01,8.011747e-01,1.000000e+00,17/52,20.39%,APOE;SPARC;PSEN2;APH1B;NCSTN;S100B;UBA52;YAP1;PSENEN;NRAS;STAT5A;SHC1;GFAP;TAB2;HBEGF;ERBB3;WWP1
prerank,"Respiratory Electron Transport, ATP Synthesis By Chemiosmotic Coupling, Heat Production By Uncoupling Proteins R-HSA-163200",-2.244852e-01,-9.647822e-01,5.338129e-01,9.167213e-01,1.000000e+00,45/107,38.45%,NDUFA10;UCP3;CCNI;ECSIT;NDUFAF5;COX19;NDUFS1;NDUFAF7;UQCRC2;NDUFB5;UQCRC1;UQCRH;LRPPRC;NDUFA8;ATP5F1B;NDUFS2;SDHB;NDUFB4;SDHA;COX5A;NDUFB9;NDUFA9;NUBPL;NDUFC1;NDUFAF2;ATP5F1A;NDUFAF6;UQCR10;COX6A1;NDUFS4;NDUFV2;ATP5PF;NDUFV1;COX7C;ACAD9;COX18;NDUFA12;COX6C;SLC25A27;UCP2;ETFA;COA1;COQ10B;COX8A;ATP5MG
prerank,UCH Proteinases R-HSA-5689603,2.172469e-01,9.636497e-01,5.178571e-01,8.039910e-01,1.000000e+00,21/80,21.51%,CNKSR3;PSMB10;INO80D;ACTL6A;SEM1;UBA52;PSMB1;SMAD7;PSME1;PSMB9;PSMD10;UCHL3;KDM1B;PSMB2;ASXL2;PSME2;TGFBR2;PSMD5;TGFBR1;PSMA3;PSMB4
prerank,RAF-independent MAPK1/3 Activation R-HSA-112409,-3.167844e-01,-9.632433e-01,5.118397e-01,9.187893e-01,1.000000e+00,7/21,18.55%,DUSP8;DUSP7;DUSP12;JAK2;IL6R;DUSP2;DUSP4
prerank,KEAP1-NFE2L2 Pathway R-HSA-9755511,2.108607e-01,9.631180e-01,5.377644e-01,8.034635e-01,1.000000e+00,25/95,21.89%,HMOX1;PSMB10;SEM1;PHGDH;UBA52;PSMB1;MUL1;NFE2L2;GCLC;NQO1;UFD1;PSME1;TXNRD1;PSMB9;PSMD10;PSMB2;SLC7A11;PSME2;PRDX1;PRKCD;TKT;PSMD5;PSMA3;PSMB4;GSR
prerank,Signaling By BRAF And RAF1 Fusions R-HSA-6802952,-2.604626e-01,-9.630741e-01,5.218801e-01,9.168206e-01,1.000000e+00,6/54,3.65%,KSR2;CNKSR2;CAMK2A;ITGA2B;FAM131B;CAMK2G
prerank,Loss Of Nlp From Mitotic Centrosomes R-HSA-380259,-2.483475e-01,-9.628423e-01,5.249221e-01,9.151062e-01,1.000000e+00,16/62,21.81%,PRKCA;PCNT;SFI1;CENPJ;CEP192;CEP152;CEP72;CEP76;PLK1;CNTRL;HAUS2;PRKAR2B;SDCCAG8;CEP250;CEP63;HAUS3
prerank,SARS-CoV-2-host Interactions R-HSA-9705683,-2.118014e-01,-9.626870e-01,5.414966e-01,9.131687e-01,1.000000e+00,62/165,31.98%,VPS41;NUP98;ATG14;TRAF3;MASP2;SNRPB;NLRP3;IL17RC;IRF3;NUP155;AKT1;TRAF6;VPS33B;SEC24D;AKT3;SEH1L;UVRAG;CREBBP;RPS7;RPS21;NUP85;NUP54;NUP153;IKBKG;AKT2;NUP62;RPSA;RPS25;TAB3;RPS4Y1;MAVS;PIK3R4;RPS3;RPS13;SEC24C;RPS29;GEMIN7;GEMIN2;STAT2;RANBP2;TRIM4;G3BP2;PDPK1;NUP35;VPS45;RPS9;MAP1LC3B;TYK2;GEMIN4;NUP214;AAAS;MAP3K7;RPS5;BECN1;NUP58;VPS39;VPS16;NUP43;CNBP;RPS27A;RPS24;RPS3A
prerank,HSP90 Chaperone Cycle For Steroid Hormone Receptors (SHR) In Presence Of Ligand R-HSA-3371497,2.601360e-01,9.619841e-01,5.412371e-01,8.046668e-01,1.000000e+00,11/34,27.52%,DYNC1I2;CAPZA1;CAPZB;DNAJA4;DNAJB1;FKBP4;ACTR1A;DYNC1LI2;HSPA2;HSPA1A;DCTN5
prerank,Phase 4 - Resting Membrane Potential R-HSA-5576886,-3.509416e-01,-9.614878e-01,5.112652e-01,9.143560e-01,1.000000e+00,2/14,1.06%,KCNK12;KCNK10
prerank,Integrin Signaling R-HSA-354192,2.874687e-01,9.604241e-01,5.106383e-01,8.070897e-01,1.000000e+00,4/23,7.20%,APBB1IP;RAP1B;TLN1;SYK
prerank,Metabolism Of Amine-Derived Hormones R-HSA-209776,-3.773910e-01,-9.603141e-01,5.234522e-01,9.154239e-01,1.000000e+00,2/10,2.44%,DIDO1;CHGA
prerank,Toll Like Receptor 9 (TLR9) Cascade R-HSA-168138,-2.290414e-01,-9.597628e-01,5.465839e-01,9.146812e-01,1.000000e+00,32/96,27.46%,MEF2C;RPS6KA3;MAPK10;TICAM1;DUSP7;PELI3;ECSIT;MEF2A;TRAF6;CUL1;LRRC14;SAA2;LY96;MAPK8;IKBKG;MAPK14;DUSP4;TAB3;NLRX1;VRK3;PPP2R5D;PIK3R4;GDNF;CREB1;N4BP1;MAPK11;TIFA;NFKB1;RBSN;MAPK9;RPS6KA2;FBXW11
prerank,DNA Damage Recognition In GG-NER R-HSA-5696394,2.547812e-01,9.596799e-01,5.502513e-01,8.071774e-01,1.000000e+00,5/36,6.56%,PARP1;CETN2;INO80D;ACTL6A;UBA52
prerank,Transcriptional Regulation By RUNX1 R-HSA-8878171,1.963663e-01,9.594345e-01,5.800000e-01,8.058808e-01,1.000000e+00,23/150,11.97%,KAT2B;TCF7L1;PSMB10;ACTL6A;PRMT6;SEM1;LMO1;THBS1;UBA52;CBFB;TAL1;PSMB1;TCF12;YAP1;PTPN11;HIPK2;GPAM;SMARCD3;PSME1;LIFR;HDAC1;PSMB9;PSMD10
prerank,Golgi Cisternae Pericentriolar Stack Reorganization R-HSA-162658,3.479954e-01,9.593059e-01,4.910314e-01,8.042903e-01,1.000000e+00,6/12,30.75%,MAPK3;GORASP1;BLZF1;RAB1B;GORASP2;RAB1A
prerank,Anti-inflammatory Response Favoring Leishmania Infection R-HSA-9662851,2.018040e-01,9.582044e-01,5.416667e-01,8.053073e-01,1.000000e+00,46/117,26.62%,RHBDF2;HTR7;FCGR2A;PLCG2;RAMP1;GNG8;SYK;GPR25;CPAMD8;ADRB2;GNG4;PTGIR;RAMP2;GNG12;AVPR2;CYSLTR1;TAAR5;AHCYL1;CALCA;PTRH2;ADCYAP1R1;CD247;GPHA2;CD163;CRH;YES1;PTGER2;ITPR2;GNG7;ADCY7;HCK;PRKX;DPEP3;ADM;PTGER4;FYN;TSHB;GHRHR;GGT5;GIPR;GNG11;LHB;TAAR8;GNB2;FGR;PTHLH
prerank,Signaling By MET R-HSA-6806834,2.287456e-01,9.581934e-01,5.338753e-01,8.033486e-01,1.000000e+00,16/60,21.97%,LAMA1;SH3KBP1;LAMB1;RAB4A;RAP1B;UBA52;PTPN11;RNASE1;TNS3;NRAS;SHC1;LRIG1;LAMC2;RNMT;PTPRJ;HPN
prerank,Vitamin B5 (Pantothenate) Metabolism R-HSA-199220,3.212544e-01,9.577611e-01,5.269608e-01,8.025138e-01,1.000000e+00,6/15,25.47%,ENPP1;PDZD11;PPCDC;AASDHPPT;PANK3;ENPP2
prerank,DNA Double Strand Break Response R-HSA-5693606,-2.660045e-01,-9.577277e-01,5.238880e-01,9.182853e-01,1.000000e+00,14/42,20.88%,KDM4A;UIMC1;UBE2I;EYA3;SUMO1;PIAS4;NSD2;HERC2;BARD1;MAPK8;EYA4;RNF168;RAD50;MDC1
prerank,Activation Of IRF3/IRF7 Mediated By TBK1/IKK Epsilon R-HSA-936964,-3.480281e-01,-9.573112e-01,5.143369e-01,9.171160e-01,1.000000e+00,4/15,10.23%,TICAM1;SARM1;TRAF3;IRF3
prerank,Budding And Maturation Of HIV Virion R-HSA-162588,-3.020995e-01,-9.570555e-01,5.126904e-01,9.154187e-01,1.000000e+00,11/27,31.58%,SGIP1;VTA1;CHMP5;CHMP6;VPS37A;PPIA;VPS28;VPS4A;CHMP4B;VPS37B;RPS27A
prerank,"Regulation Of Glycolysis By Fructose 2,6-Bisphosphate Metabolism R-HSA-9634600",-3.881862e-01,-9.570523e-01,4.991119e-01,9.130747e-01,1.000000e+00,1/10,2.01%,PRKCA
prerank,Signaling By Receptor Tyrosine Kinases R-HSA-9006934,-1.906277e-01,-9.558459e-01,6.245353e-01,9.141404e-01,1.000000e+00,90/435,18.93%,EGR1;ARC;FGF17;NCK2;PRKCE;GABRB2;SPRY2;MEF2C;RPS6KA3;FOSB;PIK3R1;PTPN2;PRKCA;ITPR1;PRKCB;MATK;MXD4;SPRED2;SH3GL1;PXDN;DUSP7;FGF9;EGR2;GABRG3;FLRT2;PRDM1;ROCK2;FLRT3;NRG3;FES;KIDINS220;NAB2;GGA3;RALB;GABRG2;MEF2A;NAB1;PIK3R2;NCOR1;ID2;FOSL1;IRS1;SH3GL2;RANBP10;THBS3;DIAPH1;PTPRK;DNM1;LAMB3;AKT1;EPN1;EGR4;HDAC3;CLTA;NANOS3;MAPK13;SRF;GABRA1;AKT3;NRG4;PDE3B;GTF2F1;CDK5R1;LAMC1;EP300;FGF18;IGF1R;JAK2;MYC;MKNK1;NTRK2;SHC3;STK4;HNRNPA1;GRB2;NTRK3;ATP6V1E2;RNF41;AKT2;CYFIP1;TIAL1;RBFOX2;ADAM17;POLR2H;MAPK14;GRAP;DUSP4;PTPN18;SYNGAP1;PTK2B
prerank,Regulation Of PTEN Stability And Activity R-HSA-8948751,2.241749e-01,9.558058e-01,5.537190e-01,8.060843e-01,1.000000e+00,23/65,31.53%,PSMB10;PREX2;SEM1;UBA52;PSMB1;PSME1;PSMB9;PSMD10;PSMB2;PSME2;PSMD5;PSMA3;PSMB4;PSMA7;XIAP;PSMD8;NEDD4;PSMB8;TRIM27;PSMC1;TNKS;PSMA2;MKRN1
prerank,Resolution Of Sister Chromatid Cohesion R-HSA-2500257,-2.337175e-01,-9.545552e-01,5.692996e-01,9.154841e-01,1.000000e+00,15/84,16.43%,PDS5B;CLIP1;HDAC8;NUP98;ITGB3BP;MAD2L1;DSN1;ZWILCH;SMC1A;PPP2R5E;SEH1L;PLK1;CENPT;NUP85;KNTC1
prerank,Programmed Cell Death R-HSA-5357801,1.885819e-01,9.530062e-01,5.607143e-01,8.120320e-01,1.000000e+00,47/181,24.86%,UACA;TNFRSF10B;PSMB10;TFDP2;SEM1;LMNA;KPNB1;TJP2;UBA52;GSN;PSMB1;REXO2;TP53BP2;IRF2;DIABLO;MAPK3;PSME1;CASP1;UNC5B;PSMB9;MLKL;PSMD10;CASP7;BMF;TLR4;CARD8;PSMB2;MAGED1;PSME2;PRKCD;CFLAR;STK26;OMA1;BIRC3;PSMD5;NDUFA2;PSMA3;PSMB4;TJP1;PELI1;BIRC2;TNFSF10;BCAP31;PSMA7;XIAP;TP73;PSMD8
prerank,"PTK6 Regulates RHO GTPases, RAS GTPase And MAP Kinases R-HSA-8849471",3.488791e-01,9.526111e-01,4.967177e-01,8.111791e-01,1.000000e+00,6/12,24.68%,DOCK1;RNASE1;ELMO2;NRAS;RHOA;HRAS
prerank,GLI3 Is Processed To GLI3R By Proteasome R-HSA-5610785,2.304362e-01,9.519758e-01,5.495979e-01,8.109717e-01,1.000000e+00,18/56,27.90%,PSMB10;GLI3;SEM1;UBA52;PSMB1;PSME1;PSMB9;PSMD10;PSMB2;PSME2;PSMD5;PSMA3;SUFU;PSMB4;PSMA7;PSMD8;PSMB8;PSMC1
prerank,PIWI-interacting RNA (piRNA) Biogenesis R-HSA-5601884,2.903118e-01,9.519109e-01,5.135135e-01,8.092181e-01,1.000000e+00,8/22,20.00%,POLR2L;POLR2A;PLD6;POLR2I;POLR2J;POLR2G;MYBL1;POLR2F
prerank,Caspase Activation Via Dependence Receptors In Absence Of Ligand R-HSA-418889,-3.882411e-01,-9.518985e-01,5.179856e-01,9.207209e-01,1.000000e+00,6/10,30.51%,DAPK3;UNC5A;DAPK1;APPL1;DCC;DAPK2
prerank,IKK Complex Recruitment Mediated By RIP1 R-HSA-937041,-3.144244e-01,-9.510257e-01,5.200000e-01,9.208260e-01,1.000000e+00,5/20,17.05%,TICAM1;SARM1;TRAF6;LY96;IKBKG
prerank,RNA Polymerase II Transcribes snRNA Genes R-HSA-6807505,-2.368923e-01,-9.509873e-01,5.692542e-01,9.185890e-01,1.000000e+00,22/73,25.28%,POU2F2;PHAX;ELL2;CCNT2;CDK9;GTF2A1;TAF6;INTS8;TAF5;GTF2F1;INTS11;PCF11;POLR2H;RPAP2;TAF8;RPRD1A;TAF13;POLR2D;GTF2B;NABP2;INTS10;SNAPC4
prerank,Respiratory Electron Transport R-HSA-611105,-2.294596e-01,-9.503913e-01,5.613497e-01,9.179672e-01,1.000000e+00,37/89,37.46%,NDUFA10;CCNI;ECSIT;NDUFAF5;COX19;NDUFS1;NDUFAF7;UQCRC2;NDUFB5;UQCRC1;UQCRH;LRPPRC;NDUFA8;NDUFS2;SDHB;NDUFB4;SDHA;COX5A;NDUFB9;NDUFA9;NUBPL;NDUFC1;NDUFAF2;NDUFAF6;UQCR10;COX6A1;NDUFS4;NDUFV2;NDUFV1;COX7C;ACAD9;COX18;NDUFA12;COX6C;ETFA;COA1;COQ10B
prerank,Mitochondrial Iron-Sulfur Cluster Biogenesis R-HSA-1362409,3.438237e-01,9.503762e-01,5.045872e-01,8.114057e-01,1.000000e+00,2/12,10.34%,FXN;ISCA2
prerank,MHC Class II Antigen Presentation R-HSA-2132295,2.117148e-01,9.495572e-01,5.582822e-01,8.117618e-01,1.000000e+00,26/94,21.58%,KIF2A;IFI30;DYNC1I2;CTSO;KLC1;DNM3;CTSH;HLA-DMA;CAPZA1;HLA-DOA;HLA-DRB5;HLA-DRB1;HLA-DRB4;HLA-DMB;CAPZB;AP2B1;CD74;HLA-DOB;HLA-DRA;HLA-DPA1;DNM2;CTSS;ACTR1A;HLA-DRB3;KIF20A;DYNC1LI2
prerank,BBSome-mediated Cargo-Targeting To Cilium R-HSA-5620922,-3.093358e-01,-9.493516e-01,5.067797e-01,9.186662e-01,1.000000e+00,7/23,24.87%,LZTFL1;BBS1;BBS5;MKKS;CCT4;MCHR1;BBS7
prerank,AURKA Activation By TPX2 R-HSA-8854518,-2.435397e-01,-9.493377e-01,5.595611e-01,9.163850e-01,1.000000e+00,16/64,21.81%,PRKCA;PCNT;SFI1;CENPJ;CEP192;CEP152;CEP72;CEP76;PLK1;CNTRL;HAUS2;PRKAR2B;SDCCAG8;CEP250;CEP63;HAUS3
prerank,Termination Of O-glycan Biosynthesis R-HSA-977068,3.195478e-01,9.492990e-01,5.307125e-01,8.105270e-01,1.000000e+00,4/15,12.86%,MUC4;MUC5B;ST6GALNAC3;MUC2
prerank,Butyrate Response Factor 1 Binds And Destabilizes mRNA R-HSA-450385,-3.229961e-01,-9.476591e-01,5.563380e-01,9.188669e-01,1.000000e+00,4/17,11.09%,DCP1A;DIS3;EXOSC2;AKT1
prerank,Signal Amplification R-HSA-392518,2.640377e-01,9.475970e-01,5.167095e-01,8.131377e-01,1.000000e+00,11/30,27.85%,TBXA2R;GNG8;GNA13;GNG4;P2RY1;GNG12;GNG7;P2RY12;GNG11;GNB2;GNG10
prerank,Apoptosis R-HSA-109581,1.917979e-01,9.471352e-01,5.690789e-01,8.124700e-01,1.000000e+00,42/156,24.86%,UACA;TNFRSF10B;PSMB10;TFDP2;SEM1;LMNA;KPNB1;TJP2;UBA52;GSN;PSMB1;REXO2;TP53BP2;DIABLO;MAPK3;PSME1;UNC5B;PSMB9;PSMD10;CASP7;BMF;TLR4;CARD8;PSMB2;MAGED1;PSME2;PRKCD;CFLAR;STK26;OMA1;PSMD5;NDUFA2;PSMA3;PSMB4;TJP1;BIRC2;TNFSF10;BCAP31;PSMA7;XIAP;TP73;PSMD8
prerank,Intrinsic Pathway For Apoptosis R-HSA-109606,2.335630e-01,9.465933e-01,5.473684e-01,8.119550e-01,1.000000e+00,9/51,13.41%,UACA;TFDP2;REXO2;TP53BP2;DIABLO;MAPK3;CASP7;BMF;CARD8
prerank,Transferrin Endocytosis And Recycling R-HSA-917977,2.739219e-01,9.456092e-01,5.398458e-01,8.127180e-01,1.000000e+00,5/26,17.84%,ATP6V0A4;ATP6V0E1;TCIRG1;TF;ATP6V0B
prerank,Nucleotide Biosynthesis R-HSA-8956320,3.631549e-01,9.449121e-01,5.034014e-01,8.126661e-01,1.000000e+00,3/10,14.60%,DHODH;UMPS;ATIC
prerank,"FOXO-mediated Transcription Of Oxidative Stress, Metabolic And Neuronal Genes R-HSA-9615017",-3.180896e-01,-9.435869e-01,5.773913e-01,9.283091e-01,1.000000e+00,5/20,18.08%,PLXNA4;FBXO32;NR3C1;MAP4K2;PPARGC1A
prerank,p38MAPK Events R-HSA-171007,3.343335e-01,9.417571e-01,5.192308e-01,8.192856e-01,1.000000e+00,4/12,12.22%,RALA;MAPKAPK3;MAPKAPK2;NRAS
prerank,RHOG GTPase Cycle R-HSA-9013408,2.190021e-01,9.415665e-01,6.010638e-01,8.178646e-01,1.000000e+00,33/67,32.17%,ARHGDIB;MCAM;VANGL1;DOCK1;LBR;LAMTOR1;ERBIN;STBD1;CDC42;PLEKHG3;ELMO2;VAV1;PREX1;RHOG;DIAPH3;ARHGDIA;ARHGEF26;CDC42EP1;DOCK5;SHMT2;KTN1;LMAN1;VAMP3;YKT6;ITGB1;ARFGAP3;PRKCSH;OPHN1;ARHGAP5;ARHGAP1;PGRMC2;HSPE1;CAV1
prerank,Telomere Maintenance R-HSA-157579,-2.442482e-01,-9.405466e-01,5.473515e-01,9.346622e-01,1.000000e+00,13/61,19.61%,DSCC1;RTEL1;PIF1;PRIM1;RFC5;ACD;RFC2;TINF2;RFC4;POLR2H;DAXX;TERF2;POLD3
prerank,"Cell Death Signaling Via NRAGE, NRIF And NADE R-HSA-204998",-2.346365e-01,-9.398495e-01,5.785381e-01,9.342987e-01,1.000000e+00,17/68,19.18%,TIAM2;ARHGEF3;MCF2L;PLEKHG5;TRIO;ITGB3BP;NGEF;ARHGEF18;TRAF6;KALRN;ARHGEF2;ITSN1;ARHGEF4;MAPK8;ABR;ARHGEF12;ARHGEF9
prerank,mRNA Decay By 3 To 5 Exoribonuclease R-HSA-429958,-3.559471e-01,-9.397220e-01,5.366726e-01,9.323590e-01,1.000000e+00,7/13,29.45%,DIS3;EXOSC2;DCPS;EXOSC5;EXOSC9;NT5C3B;HBS1L
prerank,Death Receptor Signaling R-HSA-73887,1.972573e-01,9.378863e-01,6.608696e-01,8.259826e-01,1.000000e+00,38/129,23.07%,PSEN2;ARHGEF40;CASP10;TNFRSF10B;APH1B;TNFRSF1A;NCSTN;CYLD;FGD4;SOS2;UBA52;GNA13;PSENEN;RNASE1;HDAC1;OBSCN;AATF;SHARPIN;VAV1;PREX1;MAGED1;MYD88;CFLAR;TAB2;ECT2;CASP2;BIRC3;RHOA;ARHGEF10;MAG;ARHGEF15;ARHGDIA;ARHGEF26;BIRC2;TNFSF10;OTUD7B;ARHGEF1;TAX1BP1
prerank,Signaling By WNT R-HSA-195721,1.784840e-01,9.378246e-01,6.733068e-01,8.242171e-01,1.000000e+00,37/240,12.22%,NFATC1;FZD9;VANGL2;RSPO4;SFRP1;TCF7L1;LGR4;WNT6;RAC2;CCDC88C;PSMB10;WLS;SOX2;SOX9;FZD2;SEM1;DKK4;TMED5;UBA52;GNG8;PSMB1;FZD1;WNT5B;WNT4;GNG4;LEF1;PSME1;RNASE1;HDAC1;PYGO1;SOX3;PSMB9;GNG12;PPP2R5A;PSMD10;GNAO1;NRAS
prerank,Transcriptional Activity Of SMAD2/SMAD3:SMAD4 Heterotrimer R-HSA-2173793,2.370885e-01,9.375209e-01,5.788177e-01,8.231234e-01,1.000000e+00,9/46,11.02%,PARP1;WWTR1;TFDP2;UBA52;COL1A2;SMAD7;RNASEH2A;MAPK3;HDAC1
prerank,MyD88 Dependent Cascade Initiated On Endosome R-HSA-975155,-2.248096e-01,-9.374654e-01,5.885978e-01,9.343860e-01,1.000000e+00,30/92,27.46%,MEF2C;RPS6KA3;MAPK10;TICAM1;DUSP7;PELI3;ECSIT;MEF2A;TRAF6;CUL1;LRRC14;SAA2;LY96;MAPK8;IKBKG;MAPK14;DUSP4;TAB3;NLRX1;VRK3;PPP2R5D;GDNF;CREB1;N4BP1;MAPK11;TIFA;NFKB1;MAPK9;RPS6KA2;FBXW11
prerank,Toll Like Receptor 7/8 (TLR7/8) Cascade R-HSA-168181,-2.248096e-01,-9.374654e-01,5.885978e-01,9.343860e-01,1.000000e+00,30/92,27.46%,MEF2C;RPS6KA3;MAPK10;TICAM1;DUSP7;PELI3;ECSIT;MEF2A;TRAF6;CUL1;LRRC14;SAA2;LY96;MAPK8;IKBKG;MAPK14;DUSP4;TAB3;NLRX1;VRK3;PPP2R5D;GDNF;CREB1;N4BP1;MAPK11;TIFA;NFKB1;MAPK9;RPS6KA2;FBXW11
prerank,MyD88 Cascade Initiated On Plasma Membrane R-HSA-975871,-2.248319e-01,-9.353811e-01,5.787037e-01,9.380792e-01,1.000000e+00,28/87,27.46%,MEF2C;RPS6KA3;MAPK10;DUSP7;PELI3;ECSIT;MEF2A;TRAF6;CUL1;LRRC14;SAA2;MAPK8;IKBKG;MAPK14;DUSP4;TAB3;NLRX1;VRK3;PPP2R5D;GDNF;CREB1;N4BP1;MAPK11;TIFA;NFKB1;MAPK9;RPS6KA2;FBXW11
prerank,RHOQ GTPase Cycle R-HSA-9013406,2.280457e-01,9.351384e-01,6.016043e-01,8.278051e-01,1.000000e+00,12/57,11.09%,PKN1;STOM;VANGL1;CDC42EP4;GJA1;LAMTOR1;SYDE1;IQGAP1;FNBP1;CDC42;PLEKHG3;OBSCN
prerank,Class C/3 (Metabotropic Glutamate/Pheromone Receptors) R-HSA-420499,-2.975329e-01,-9.351250e-01,5.494881e-01,9.365022e-01,1.000000e+00,15/23,40.12%,TAS2R14;TAS2R10;TAS2R4;TAS2R31;TAS2R5;TAS2R13;GRM8;TAS2R30;TAS2R45;GABBR2;TAS2R20;GRM7;TAS2R43;TAS2R50;GRM5
prerank,FRS-mediated FGFR1 Signaling R-HSA-5654693,-3.466020e-01,-9.348244e-01,5.500000e-01,9.350690e-01,1.000000e+00,2/14,4.13%,FGF17;FGF9
prerank,Late Phase Of HIV Life Cycle R-HSA-162599,-2.135742e-01,-9.344858e-01,6.058496e-01,9.337976e-01,1.000000e+00,47/128,31.89%,NUP98;CCNT2;SGIP1;CDK9;GTF2A1;VTA1;NELFA;NUP155;CHMP5;TAF6;GTF2H4;NMT1;SEH1L;TAF5;GTF2F1;NUP85;NUP54;NUP153;POLR2H;NUP62;TAF15;ELOC;TAF13;POLR2D;TAF4;GTF2B;SUPT16H;RANBP2;CHMP6;NUP35;VPS37A;PPIA;VPS28;SSRP1;VPS4A;MNAT1;CHMP4B;TAF1L;NUP214;VPS37B;AAAS;NUP58;TBP;ERCC3;NUP43;RPS27A;RANBP1
prerank,RHO GTPases Activate NADPH Oxidases R-HSA-5668599,-3.193551e-01,-9.340798e-01,5.567568e-01,9.325908e-01,1.000000e+00,3/19,2.30%,NOXO1;PRKCA;PRKCB
prerank,Oxidative Stress Induced Senescence R-HSA-2559580,-2.471600e-01,-9.320487e-01,5.740433e-01,9.360062e-01,1.000000e+00,19/57,29.37%,RBBP4;MAPK10;AGO1;EED;MAPKAPK5;EZH2;RING1;TNRC6C;MAPK8;MAPK14;CBX6;PHC2;AGO4;MAPK11;RNF2;CDKN2C;MAPK9;TFDP1;MAP3K5
prerank,Formation Of HIV Elongation Complex In Absence Of HIV Tat R-HSA-167152,2.417857e-01,9.311087e-01,5.984252e-01,8.370158e-01,1.000000e+00,12/43,21.10%,GTF2F2;NCBP2;GTF2H3;POLR2L;POLR2A;NELFE;POLR2I;POLR2J;TCEA1;POLR2G;POLR2F;ELOB
prerank,Sema3A PAK Dependent Axon Repulsion R-HSA-399954,-3.352709e-01,-9.308583e-01,5.685558e-01,9.369115e-01,1.000000e+00,3/16,7.25%,PLXNA4;FES;PLXNA2
prerank,Rab Regulation Of Trafficking R-HSA-9007101,1.956631e-01,9.300282e-01,6.583072e-01,8.378249e-01,1.000000e+00,30/113,24.05%,RAB31;RAB33B;RAB13;RAB10;RAB4A;TBC1D10C;DENND1C;RAB8B;DENND5A;RAB39B;RAB39A;DENND2A;MON1B;DENND2D;TRAPPC2L;RAB8A;RAB21;RAB11A;GABARAP;DENND2C;RAB32;RAB18;TSC1;RAB6A;TRAPPC6A;RIN2;TBC1D10B;RAB1B;TRAPPC1;RAB35
prerank,Axon Guidance R-HSA-422475,-1.848687e-01,-9.298956e-01,7.017964e-01,9.373262e-01,1.000000e+00,124/485,23.71%,RND1;PLXNA4;NCK2;RPL15;LDB2;RPS6KA3;ARHGAP39;PIK3R1;ITGA2B;PRKCA;GFRA2;NUMB;SLIT2;EPHB2;PIP5K1C;UNC5D;SPTBN5;ANK1;EFNA5;TRIO;SPTBN4;ROCK2;FLRT3;SCN8A;CACNA1C;FES;EPHB6;PSMA1;ITGA9;CACNA1D;PLXNA2;NGEF;PIK3R2;RPL28;SEMA7A;SH3GL2;UNC5A;PSMD11;CACNB4;LHX2;CLSTN1;NTN4;EFNA3;GSK3B;DNM1;SPTAN1;SEMA6D;AGAP2;KALRN;CLTA;ABLIM2;RSL24D1;NELL2;MAPK13;EPHA5;PSMD14;DSCAML1;DSCAM;WASL;EPHA4;ITSN1;CDK5R1;DCX;LAMC1;SPTB;PLXND1;PPP3CB;RPL9;ABL2;RPS7;CACNB1;SCN1B;RPS21;EPHB1;EPHA3;SHC3;VPS72;RPL26;CACNB3;GRB2;MAPK8;ACTR2;EVL;PFN2;AGRN;MAPK14;SCN4B;ARHGAP35;RPSA;ARHGEF12;RPL38;SYNGAP1;RPS25;SCN1A;ABLIM1;RPS4Y1;RPL10L;DLG1;RPS6KA4;SEMA3A;ELOC;CNTNAP1;GSPT1;SCN2B;L1CAM;RPS3;SPTBN2;GDNF;CREB1;MAGOHB;RANBP9;COL6A1;GPRIN1;UPF3A;RPS13;SIAH2;RPS29;SCN2A;AP2A2;RPL14;CLTB;MAPK11;PSMD6;ARHGEF11
prerank,Phosphorylation Of APC/C R-HSA-176412,-3.141749e-01,-9.297374e-01,5.628141e-01,9.355053e-01,1.000000e+00,10/19,36.60%,ANAPC4;PLK1;UBE2C;ANAPC7;ANAPC15;CDC23;ANAPC1;ANAPC11;ANAPC2;ANAPC5
prerank,Regulation Of mRNA Stability By Proteins That Bind AU-rich Elements R-HSA-450531,2.090266e-01,9.295568e-01,6.296296e-01,8.369927e-01,1.000000e+00,29/85,27.90%,PSMB10;HSPB1;EXOSC7;SEM1;ZFP36L1;UBA52;PSMB1;MAPKAPK2;PSME1;PSMB9;PSMD10;PSMB2;PSME2;PARN;ZFP36;PRKCD;PSMD5;PSMA3;PSMB4;EXOSC6;PSMA7;HSPA1A;PSMD8;XPO1;ENPP2;EXOSC8;PSMB8;TNFSF13;PSMC1
prerank,ADP Signaling Thru P2Y Purinoceptor 12 R-HSA-392170,2.938535e-01,9.293556e-01,5.374150e-01,8.355970e-01,1.000000e+00,10/19,33.95%,GNG8;GNG4;GNG12;GNG7;P2RY12;GNG11;GNB2;GNG10;GNAI2;GNG5
prerank,Defective B3GALTL Causes PpS R-HSA-5083635,-2.864416e-01,-9.285785e-01,5.532646e-01,9.365865e-01,1.000000e+00,4/26,12.94%,SEMA5B;ADAMTS10;ADAMTS13;CFP
prerank,Transcription Of E2F Targets Under Negative Control By P107 (RBL1) And P130 (RBL2) In Complex With HDAC1 R-HSA-1362300,-3.401508e-01,-9.284707e-01,5.701599e-01,9.346550e-01,1.000000e+00,4/14,18.72%,RBBP4;LIN52;LIN9;LIN54
prerank,TNFR1-induced Proapoptotic Signaling R-HSA-5357786,3.356527e-01,9.266788e-01,5.514223e-01,8.407647e-01,1.000000e+00,2/12,3.87%,TNFRSF1A;CYLD
prerank,O-linked Glycosylation R-HSA-5173105,2.093826e-01,9.263557e-01,6.156069e-01,8.396590e-01,1.000000e+00,33/79,32.18%,C1GALT1;MUC4;B3GNT5;B3GNT2;B3GNT6;THBS1;SPON1;THBS2;MUC5B;ST6GALNAC3;C1GALT1C1;B3GNT8;GALNT14;MUC2;B3GNTL1;POMGNT2;ADAMTSL5;ADAMTS4;ADAMTS14;GALNT10;ADAMTS9;LARGE2;GALNT2;MUC5AC;B3GLCT;ADAMTS19;B3GNT7;B4GAT1;MUC1;ADAMTSL2;MUC12;ADAMTS7;MUC6
prerank,RHOF GTPase Cycle R-HSA-9035034,-2.649668e-01,-9.254744e-01,5.774878e-01,9.406392e-01,1.000000e+00,12/38,23.89%,ARHGAP39;ARHGAP32;PIK3R1;SLC4A7;PIK3R2;DIAPH1;TMPO;BASP1;SENP1;ARHGAP21;MTMR1;BAIAP2L2
prerank,GPER1 Signaling R-HSA-9634597,-2.595153e-01,-9.238031e-01,5.877617e-01,9.430312e-01,1.000000e+00,12/39,24.50%,ADCY1;PRKCA;GNB3;ADCY9;PRKAR2B;GNAS;ADCY6;PRKAR1B;GNB5;GNAI1;ADCY2;GNB1
prerank,CLEC7A (Dectin-1) Signaling R-HSA-5607764,2.016457e-01,9.202786e-01,6.637427e-01,8.541379e-01,1.000000e+00,26/92,25.89%,NFATC1;PSMB10;PLCG2;SEM1;UBA52;PSMB1;SYK;PSME1;PYCARD;PSMB9;PSMD10;PSMB2;AHCYL1;PSME2;PRKCD;CCL22;ITPR2;TAB2;PSMD5;PSMA3;PSMB4;CCL17;PSMA7;UBE2N;PSMD8;CASP8
prerank,G-protein Activation R-HSA-202040,2.819591e-01,9.199590e-01,5.690476e-01,8.530123e-01,1.000000e+00,9/22,30.35%,OPRM1;GNG8;GNG4;GNG12;GNG7;GNG11;GNB2;GNG10;POMC
prerank,Cellular Response To Starvation R-HSA-9711097,-2.102941e-01,-9.197306e-01,6.510638e-01,9.518160e-01,1.000000e+00,69/145,37.16%,RPL15;MIOS;RPTOR;RPL28;SESN1;DEPDC5;CEBPB;RSL24D1;FLCN;SEH1L;RPL9;RPS7;RPS21;RPL26;ATP6V1E2;RPSA;RPL38;RPS25;RPS4Y1;RPL10L;TRIB3;RPS3;GDNF;ATP6V1G2;RPS13;RPS29;SZT2;RPL14;RPL13A;ATF4;RPL18A;RPL22;WDR59;RPL35A;MLST8;RPL4;RPS9;RPL3;RPLP0;RPL37A;RPL21;RPL31;RPS5;RPL23A;RPL27;ATP6V0C;LAMTOR3;ATP6V1B2;RPS27A;RPS24;RPL7A;RPS3A;RPL7;ATP6V1F;KPTN;ITFG2;FNIP2;EIF2S3;RPL23;WDR24;RPS12;NPRL2;RPS15A;RPS14;ATP6V1G1;RPL6;ATP6V1E1;LAMTOR5;EIF2S1
prerank,Beta-catenin Phosphorylation Cascade R-HSA-196299,-3.264020e-01,-9.194004e-01,5.658627e-01,9.504077e-01,1.000000e+00,4/16,20.75%,GSK3B;FRAT1;PPP2R5E;PPP2R5D
prerank,G Alpha (S) Signaling Events R-HSA-418555,-2.145644e-01,-9.189976e-01,6.396396e-01,9.491543e-01,1.000000e+00,14/113,9.49%,ADCY1;VIPR2;HRH2;GRK3;ADRB1;PRKCA;CHGA;GRK2;VIPR1;RXFP1;GNB3;NLRP3;PDE4A;ADCY9
prerank,L1CAM Interactions R-HSA-373760,-2.209672e-01,-9.184193e-01,6.186186e-01,9.485731e-01,1.000000e+00,28/91,23.28%,RPS6KA3;ITGA2B;NUMB;EPHB2;SPTBN5;ANK1;SPTBN4;SCN8A;ITGA9;SH3GL2;DNM1;SPTAN1;CLTA;DCX;LAMC1;SPTB;SCN1B;SCN4B;SCN1A;DLG1;RPS6KA4;CNTNAP1;SCN2B;L1CAM;SPTBN2;RANBP9;SCN2A;AP2A2
prerank,"Nucleotide-binding Domain, Leucine Rich Repeat Containing NLR Signaling Pathways R-HSA-168643",2.362771e-01,9.182456e-01,5.803109e-01,8.554800e-01,1.000000e+00,16/45,29.22%,PSTPIP1;HMOX1;CYLD;CASP1;PYCARD;TXNIP;MEFV;TAB2;CASP2;BIRC3;BIRC2;SUGT1;UBE2N;CASP8;CASP9;BCL2
prerank,"PI5P, PP2A And IER3 Regulate PI3K/AKT Signaling R-HSA-6811558",-2.253682e-01,-9.177513e-01,6.150235e-01,9.480856e-01,1.000000e+00,15/81,14.69%,FGF17;PIK3R1;PIP5K1C;FGF9;NRG3;PIK3R2;PIP5K1B;IRS1;PIP5K1A;CLSTN1;AKT1;TRAF6;PPP2R5E;NRG4;FGF18
prerank,Signaling By FLT3 Fusion Proteins R-HSA-9703465,-3.203522e-01,-9.167620e-01,5.804702e-01,9.486625e-01,1.000000e+00,7/17,26.68%,PIK3R1;ZMYM2;GRB2;LONP1;ETV6;MYO18A;PIK3CA
prerank,PIP3 Activates AKT Signaling R-HSA-1257604,-1.949466e-01,-9.156707e-01,6.842105e-01,9.494639e-01,1.000000e+00,52/234,22.69%,EGR1;FGF17;RBBP4;VAPA;KDM1A;PIK3R1;PIP5K1C;AGO1;FGF9;CNOT6L;NRG3;ATN1;PSMA1;RPTOR;PIK3R2;PIP5K1B;IRS1;PSMD11;PIP5K1A;EED;CLSTN1;GSK3B;AKT1;TRAF6;PPP2R5E;HDAC3;EZH2;RING1;PSMD14;AKT3;NRG4;GATAD2B;FGF18;TNRC6C;NR4A1;GRB2;AKT2;CBX6;IL1RAP;OTUD3;GSK3A;TRIB3;PPP2R5D;PIP4K2C;MAF1;PIP4K2B;CDKN1B;GDNF;CREB1;PHC2;AGO4;CHD3
prerank,Activation Of G Protein Gated Potassium Channels R-HSA-1296041,-2.883686e-01,-9.145246e-01,5.815972e-01,9.503758e-01,1.000000e+00,5/25,13.39%,KCNJ3;KCNJ6;KCNJ9;GNB3;KCNJ4
prerank,Insulin Receptor Signaling Cascade R-HSA-74751,-2.578345e-01,-9.144822e-01,5.888000e-01,9.482637e-01,1.000000e+00,11/41,20.99%,FGF17;PIK3R1;FGF9;PIK3R2;IRS1;PDE3B;FGF18;GRB2;AKT2;TRIB3;PIK3R4
prerank,Inositol Phosphate Metabolism R-HSA-1483249,-2.491975e-01,-9.144651e-01,5.888158e-01,9.460857e-01,1.000000e+00,5/45,5.30%,PPIP5K1;ITPKC;PLCB1;ITPK1;INPP5B
prerank,Defects In Cobalamin (B12) Metabolism R-HSA-3296469,3.531726e-01,9.124476e-01,5.783410e-01,8.688225e-01,1.000000e+00,3/10,14.14%,AMN;CD320;MMAB
prerank,TCF Dependent Signaling In Response To WNT R-HSA-201681,1.850330e-01,9.111126e-01,7.202797e-01,8.703478e-01,1.000000e+00,23/153,11.97%,RSPO4;SFRP1;TCF7L1;LGR4;CCDC88C;PSMB10;SOX2;SOX9;FZD2;SEM1;DKK4;UBA52;PSMB1;FZD1;WNT4;LEF1;PSME1;HDAC1;PYGO1;SOX3;PSMB9;PPP2R5A;PSMD10
prerank,Export Of Viral Ribonucleoproteins From Nucleus R-HSA-168274,-2.750443e-01,-9.109919e-01,6.066116e-01,9.534465e-01,1.000000e+00,20/33,41.14%,NUP98;NUP155;SEH1L;NUP85;NUP54;NUP153;NUP62;RANBP2;NUP35;NUP214;AAAS;NUP58;NUP43;NUP210;BLOC1S6;NUP205;RAN;POM121;NUP160;NUP50
prerank,Toll-like Receptor Cascades R-HSA-168898,1.917996e-01,9.106368e-01,6.796117e-01,8.696799e-01,1.000000e+00,39/136,22.37%,ITGB2;TLR3;HSP90B1;LY86;PLCG2;UNC93B1;MAPKAPK3;SOCS1;IRF7;DNM3;S100B;UBA52;USP18;PTPN11;PELI2;MAPKAPK2;MAPK3;TLR1;SIGIRR;RPS6KA5;MAPK7;TLR4;TLR5;S100A1;RPS6KA1;NLRC5;MYD88;TAB2;DNM2;BIRC3;TLR9;CTSS;MAP3K1;NDUFA2;ITGAM;TNIP2;PELI1;USP14;BIRC2
prerank,Metabolism Of Non-Coding RNA R-HSA-194441,-2.487708e-01,-9.097540e-01,6.232114e-01,9.544360e-01,1.000000e+00,19/48,30.97%,PHAX;NUP98;SNRPB;NUP155;LIN9;SEH1L;NUP85;NUP54;NUP153;NUP62;GEMIN7;GEMIN2;RANBP2;NUP35;GEMIN4;NUP214;AAAS;NUP58;NUP43
prerank,VEGFR2 Mediated Vascular Permeability R-HSA-5218920,2.703296e-01,9.090251e-01,5.874126e-01,8.718863e-01,1.000000e+00,6/25,18.29%,PKN1;PRR5;RNASE1;VAV1;JUP;MAPKAP1
prerank,Role Of Phospholipids In Phagocytosis R-HSA-2029485,-3.051073e-01,-9.086067e-01,5.882353e-01,9.553812e-01,1.000000e+00,4/21,7.81%,PRKCE;PIK3R1;ITPR1;PIK3R2
prerank,EPHA-mediated Growth Cone Collapse R-HSA-3928663,2.978599e-01,9.084078e-01,5.660377e-01,8.714631e-01,1.000000e+00,6/15,22.82%,MYL6;MYL12B;YES1;RHOA;FYN;MYH10
prerank,RHO GTPase Effectors R-HSA-195258,-1.961792e-01,-9.076270e-01,6.995828e-01,9.559443e-01,1.000000e+00,54/200,24.56%,KIF5A;SCAI;CLIP1;KDM1A;NOXO1;NCKIPSD;PRKCA;PRKCB;NUP98;ROCK2;DAAM1;PRC1;GOPC;KDM4C;ITGB3BP;MAD2L1;DSN1;ZWILCH;DIAPH1;PPP2R5E;SRF;WIPF2;FMNL1;WASL;SEH1L;PLK1;CENPT;NUP85;KNTC1;KLC4;VPS72;GRB2;ACTR2;CYFIP1;EVL;PFN2;MAPK14;NF2;DVL3;DVL2;NUDC;MEN1;PPP2R5D;PIK3R4;CDKN1B;ABI2;WASF1;NOXA1;PPP1R12B;MAD1L1;MAPK11;PPP1R12A;B9D2;RANBP2
prerank,Paracetamol ADME R-HSA-9753281,-3.260856e-01,-9.074651e-01,5.773026e-01,9.541407e-01,1.000000e+00,7/16,21.17%,ABCC5;GGT7;CYP2E1;GSTT1;ABCC1;GGT6;SULT1A1
prerank,Collagen Degradation R-HSA-1442490,-2.763199e-01,-9.066548e-01,5.955631e-01,9.541134e-01,1.000000e+00,8/28,17.84%,COL19A1;ADAM9;COL12A1;CTSB;COL26A1;PRSS2;COL13A1;ADAM17
prerank,Processive Synthesis On C-strand Of Telomere R-HSA-174414,-3.030566e-01,-9.061626e-01,5.893805e-01,9.532259e-01,1.000000e+00,9/19,38.43%,ACD;TINF2;TERF2;POLD3;DNA2;TERF1;PCNA;POLR1B;BLM
prerank,Formation Of Incision Complex In GG-NER R-HSA-5696395,-2.563834e-01,-9.044191e-01,6.192053e-01,9.555838e-01,1.000000e+00,16/40,31.95%,PARP2;DDB2;UBE2I;GTF2H4;PIAS1;RNF111;SUMO1;ERCC4;SUMO2;CUL4B;MNAT1;ERCC3;XPA;RAD23B;RPS27A;RAD23A
prerank,Regulation Of TP53 Activity Thru Association With Co-factors R-HSA-6804759,-3.666755e-01,-9.034649e-01,5.805861e-01,9.558818e-01,1.000000e+00,6/10,29.18%,AKT1;AKT3;PPP1R13B;AKT2;PHF20;BANP
prerank,O-glycosylation Of TSR Domain-Containing Proteins R-HSA-5173214,-2.769425e-01,-9.032849e-01,5.955250e-01,9.541634e-01,1.000000e+00,4/27,12.94%,SEMA5B;ADAMTS10;ADAMTS13;CFP
prerank,RNA Polymerase I Transcription Initiation R-HSA-73762,-2.488963e-01,-9.027305e-01,6.250000e-01,9.533949e-01,1.000000e+00,8/42,17.92%,TAF1D;RBBP4;POLR1D;GTF2H4;GATAD2B;TAF1C;POLR1E;POLR2H
prerank,Sensory Processing Of Sound R-HSA-9659379,-2.326388e-01,-9.011756e-01,6.472347e-01,9.551619e-01,1.000000e+00,12/59,13.91%,CABP1;SNAP25;KCNMA1;CHRNA10;PJVK;CACNA1D;MYO15A;SPTAN1;TWF2;SYN1;SYP;EPB41L1
prerank,Nuclear Pore Complex (NPC) Disassembly R-HSA-3301854,-2.732929e-01,-9.011698e-01,6.116505e-01,9.530016e-01,1.000000e+00,13/31,30.97%,NUP98;NUP155;SEH1L;NUP85;NUP54;NUP153;NUP62;RANBP2;NUP35;NUP214;AAAS;NUP58;NUP43
prerank,RET Signaling R-HSA-8853659,-2.545675e-01,-9.010347e-01,6.222222e-01,9.512184e-01,1.000000e+00,5/36,9.71%,PIK3R1;PRKCA;GFRA2;PIK3R2;CLSTN1
prerank,Signaling By ALK R-HSA-201556,-2.898981e-01,-9.007602e-01,5.795645e-01,9.498232e-01,1.000000e+00,7/24,15.11%,PIK3R1;PRDM1;PIK3R2;IRS1;HDAC3;EP300;MYC
prerank,Nitric Oxide Stimulates Guanylate Cyclase R-HSA-392154,-3.105840e-01,-8.999956e-01,6.170940e-01,9.497255e-01,1.000000e+00,4/18,12.57%,ITPR1;KCNMA1;PDE1A;NANOS3
prerank,Glyoxylate Metabolism And Glycine Degradation R-HSA-389661,2.790254e-01,8.991621e-01,6.180556e-01,8.937361e-01,1.000000e+00,5/22,18.67%,LDHD;ALDH4A1;GCSH;BCKDHB;DHTKD1
prerank,Response Of EIF2AK1 (HRI) To Heme Deficiency R-HSA-9648895,3.177237e-01,8.979113e-01,5.861244e-01,8.948525e-01,1.000000e+00,5/14,21.26%,GRB10;DDIT3;ATF3;EIF2AK1;CHAC1
prerank,Cytosolic Sulfonation Of Small Molecules R-HSA-156584,-3.229715e-01,-8.978722e-01,5.981818e-01,9.532433e-01,1.000000e+00,7/16,21.17%,SULT4A1;SULT1A2;SLC26A1;PAPSS2;SLC35B3;TPST2;SULT1A1
prerank,Transport Of Ribonucleoproteins Into Host Nucleus R-HSA-168271,-2.712546e-01,-8.964478e-01,5.986842e-01,9.548239e-01,1.000000e+00,13/32,30.97%,NUP98;NUP155;SEH1L;NUP85;NUP54;NUP153;NUP62;RANBP2;NUP35;NUP214;AAAS;NUP58;NUP43
prerank,Dual Incision In GG-NER R-HSA-5696400,-2.531919e-01,-8.942913e-01,6.332795e-01,9.586833e-01,1.000000e+00,9/38,19.61%,PARP2;DDB2;RFC5;POLE3;RFC2;GTF2H4;RFC4;ERCC4;POLD3
prerank,Reactions Specific To Complex N-glycan Synthesis Pathway R-HSA-975578,-3.578935e-01,-8.936883e-01,5.996310e-01,9.580898e-01,1.000000e+00,3/10,17.93%,CHGA;MAN2A2;MOGAT2
prerank,Pre-NOTCH Expression And Processing R-HSA-1912422,2.330830e-01,8.935864e-01,6.404494e-01,9.036118e-01,1.000000e+00,6/41,6.64%,LFNG;KAT2B;TFDP2;B4GALT1;MAML2;NOTCH2
prerank,NS1 Mediated Effects On Host Pathways R-HSA-168276,-2.560232e-01,-8.924486e-01,6.283048e-01,9.591467e-01,1.000000e+00,15/37,30.97%,NUP98;KPNA5;NUP155;SEH1L;NUP85;NUP54;NUP153;NUP62;RANBP2;KPNA4;NUP35;NUP214;AAAS;NUP58;NUP43
prerank,Asparagine N-linked Glycosylation R-HSA-446203,1.688472e-01,8.922943e-01,8.452381e-01,9.049192e-01,1.000000e+00,67/267,22.14%,DHDDS;ALG5;DOLPP1;SERPINA1;B4GALT1;SEC22B;DYNC1I2;MAGT1;FOLR2;UBA52;COPG2;CAPZA1;SEC22C;DOLK;MANEA;DERL2;CFAP73;KDELR1;ARF4;ALG12;ANK3;ST6GALNAC3;RPN2;DAD1;CAPZB;MLEC;TRAPPC2L;CALR;NPL;SYVN1;RENBP;CD55;ANK2;ST8SIA2;COPZ1;GANAB;TMED7;PDIA3;KDELR2;MPDU1;ALG8;TMED3;PREB;NANS;DERL1;RNF139;SEC23IP;ST8SIA4;AMFR;FUCA1;FUOM;ENGASE;RPN1;COPE;GORASP1;NAGK;SEL1L;ACTR1A;TRAPPC6A;STT3A;ALG3;DYNC1LI2;TMED2;LMAN2L;FUT8;COPZ2;UMOD
prerank,"Cell Cycle, Mitotic R-HSA-69278",-1.787686e-01,-8.917765e-01,8.033573e-01,9.587523e-01,1.000000e+00,124/431,28.91%,PPP2R2D;PDS5B;RBBP4;CLIP1;PTTG1;ANAPC4;PRKCA;PRKCB;ORC4;HDAC8;NUP98;PCNT;PRIM1;SFI1;CENPJ;PSMA1;ITGB3BP;TUBGCP6;MAD2L1;RFC5;UBE2I;DSN1;CEP192;CCND2;E2F6;LIN52;POLE3;PSMD11;RFC2;ZWILCH;GSK3B;NUP155;ENSA;LEMD3;CEP152;SMC1A;AKT1;TUBGCP5;MCM6;PPP2R5E;CNEP1R1;CEP72;CEP76;MCM4;PSMD14;AKT3;LIN9;SEH1L;PLK1;TMPO;EP300;MCM8;CENPT;JAK2;CUL1;CNTRL;MYC;MAU2;SUMO1;NUP85;NCAPH2;HAUS2;UBE2C;PRKAR2B;KNTC1;RFC4;NUP54;NUP153;TUBG2;SDCCAG8;CDC7;AKT2;CDC6;ANAPC7;NUP62;MASTL;LIN54;POLD3;NUDC;PPP2R5D;CEP250;MCPH1;CEP63;TUBGCP4;CDK11A;CDKN1B;HAUS3;TUBGCP2;CDK11B;TUBGCP3;PPP1R12B;FBXL18;MAD1L1;PSMD6;DNA2;PPME1;PPP1R12A;B9D2;RANBP2;CHMP6;USO1;PSMA6;NME7;NUP35;CDKN2C;DBF4;ANAPC15;CCNA1;E2F4;CDC23;PPP1CB;FBXW11;CEP57;VPS4A;MNAT1;TUBA4B;KIF2C;CHMP4B;ANAPC1;TFDP1;CKAP5;INCENP;NUP214;CEP41
prerank,NCAM1 Interactions R-HSA-419037,-2.608274e-01,-8.914901e-01,6.083333e-01,9.573785e-01,1.000000e+00,9/32,21.96%,GFRA2;CACNA1C;CACNA1D;CACNB4;CACNB1;CACNB3;AGRN;GDNF;COL6A1
prerank,RA Biosynthesis Pathway R-HSA-5365859,2.789340e-01,8.908146e-01,6.410256e-01,9.065901e-01,1.000000e+00,5/19,17.02%,AKR1C3;DHRS4;RDH10;RDH11;RDH14
prerank,Regulation Of PLK1 Activity At G2/M Transition R-HSA-2565942,-2.208005e-01,-8.905666e-01,6.708464e-01,9.577193e-01,1.000000e+00,36/77,37.31%,PRKCA;PCNT;SFI1;CENPJ;CEP192;CEP152;CEP72;CEP76;PLK1;CUL1;CNTRL;HAUS2;PRKAR2B;SDCCAG8;CEP250;CEP63;HAUS3;PPP1R12B;PPP1R12A;PPP1CB;FBXW11;CEP57;CKAP5;CEP41;TUBA4A;DCTN3;RPS27A;HAUS7;CEP135;CEP78;UBB;PPP2R1A;DCTN1;SKP1;PAFAH1B1;CEP131
prerank,Regulation Of Pyruvate Dehydrogenase (PDH) Complex R-HSA-204174,3.010807e-01,8.905339e-01,5.915179e-01,9.053225e-01,1.000000e+00,3/15,8.61%,LDHD;PLPP6;RXRA
prerank,DNA Strand Elongation R-HSA-69190,-2.715789e-01,-8.904060e-01,6.099656e-01,9.559371e-01,1.000000e+00,8/28,19.61%,PRIM1;RFC5;RFC2;MCM6;MCM4;MCM8;RFC4;POLD3
prerank,G Alpha (12/13) Signaling Events R-HSA-416482,-2.203461e-01,-8.903977e-01,6.886792e-01,9.538372e-01,1.000000e+00,18/71,19.45%,TIAM2;ARHGEF3;MCF2L;PLEKHG5;TRIO;ROCK2;NGEF;GNB3;ARHGEF18;KALRN;ARHGEF2;ITSN1;ARHGEF4;ABR;ADRA1A;ARHGEF12;ARHGEF9;GNB5
prerank,Hedgehog Off State R-HSA-5610787,-2.132215e-01,-8.892719e-01,6.886228e-01,9.545366e-01,1.000000e+00,19/92,19.39%,ADCY1;PRKCA;NUMB;WDR19;IFT172;PSMA1;PSMD11;DYNC2H1;ADCY9;TTC21B;GSK3B;GPR161;PSMD14;CUL1;PRKAR2B;GNAS;ADCY6;IFT122;PRKAR1B
prerank,RHO GTPases Activate IQGAPs R-HSA-5626467,3.442050e-01,8.892289e-01,5.856833e-01,9.066119e-01,1.000000e+00,3/10,10.30%,IQGAP1;CDC42;RNASE1
prerank,Signaling By FGFR In Disease R-HSA-1226099,-2.355023e-01,-8.883102e-01,6.650943e-01,9.549930e-01,1.000000e+00,12/52,17.92%,FGF17;PIK3R1;LRRFIP1;FGF9;CUX1;ZMYM2;GTF2F1;FGF18;CNTRL;FGFR1OP2;GRB2;POLR2H
prerank,Nuclear Envelope (NE) Reassembly R-HSA-2995410,2.061325e-01,8.881105e-01,7.155425e-01,9.074357e-01,1.000000e+00,12/68,18.01%,TUBB2B;NUP37;TUBB3;LBR;LMNA;KPNB1;TUBA1C;RCC1;CC2D1B;TUBB4B;TUBB4A;NUP93
prerank,PTEN Regulation R-HSA-6807070,-2.019663e-01,-8.877884e-01,7.181303e-01,9.542306e-01,1.000000e+00,30/133,24.20%,EGR1;RBBP4;VAPA;KDM1A;AGO1;CNOT6L;ATN1;PSMA1;RPTOR;PSMD11;EED;AKT1;HDAC3;EZH2;RING1;PSMD14;AKT3;GATAD2B;TNRC6C;AKT2;CBX6;OTUD3;MAF1;GDNF;PHC2;AGO4;CHD3;PSMD6;SNAI1;USP13
prerank,Signaling By TGF-beta Receptor Complex R-HSA-170834,1.986614e-01,8.867550e-01,7.007874e-01,9.090206e-01,1.000000e+00,13/83,11.50%,PARP1;PARD3;WWTR1;TFDP2;ITGB5;ITGB8;UBA52;COL1A2;SMAD7;RNASEH2A;MAPK3;HDAC1;BAMBI
prerank,CD209 (DC-SIGN) Signaling R-HSA-5621575,2.878769e-01,8.850801e-01,6.201923e-01,9.112470e-01,1.000000e+00,7/18,25.13%,PKN1;ICAM3;NRAS;RPS6KA5;FYN;HRAS;ICAM2
prerank,Regulation Of FZD By Ubiquitination R-HSA-4641263,2.825271e-01,8.846778e-01,6.220096e-01,9.101844e-01,1.000000e+00,3/18,6.56%,RSPO4;LGR4;UBA52
prerank,ADORA2B Mediated Anti-Inflammatory Cytokine Production R-HSA-9660821,-2.117701e-01,-8.815234e-01,7.017002e-01,9.681910e-01,1.000000e+00,11/90,9.49%,ADCY1;VIPR2;HRH2;ADRB1;PRKCA;CHGA;VIPR1;RXFP1;GNB3;NLRP3;ADCY9
prerank,Translocation Of SLC2A4 (GLUT4) To Plasma Membrane R-HSA-1445148,2.178092e-01,8.806210e-01,6.830467e-01,9.181774e-01,1.000000e+00,9/49,13.51%,RALA;RAB13;RAB10;RAB4A;REXO2;RNASE1;RAB8A;STXBP3;RAB11A
prerank,Regulation Of TNFR1 Signaling R-HSA-5357905,2.433520e-01,8.802847e-01,6.698113e-01,9.170609e-01,1.000000e+00,11/34,25.89%,TNFRSF1A;CYLD;UBA52;SHARPIN;CFLAR;BIRC3;BIRC2;OTUD7B;TAX1BP1;XIAP;CASP8
prerank,RMTs Methylate Histone Arginines R-HSA-3214858,-2.616535e-01,-8.791403e-01,6.506623e-01,9.720985e-01,1.000000e+00,7/30,19.17%,PRMT7;ACTL6B;ARID1B;ARID2;JAK2;SMARCC2;CARM1
prerank,DCC Mediated Attractive Signaling R-HSA-418885,3.060728e-01,8.786367e-01,6.390805e-01,9.193177e-01,1.000000e+00,5/14,15.76%,DOCK1;CDC42;RNASE1;NTN1;NCK1
prerank,Synthesis Of Substrates In N-glycan Biosythesis R-HSA-446219,-2.301045e-01,-8.785858e-01,6.705298e-01,9.713799e-01,1.000000e+00,6/58,5.64%,ST3GAL6;SLC35A1;GFPT2;ST6GAL2;GNPNAT1;ST8SIA5
prerank,Aquaporin-mediated Transport R-HSA-445717,-2.461250e-01,-8.783193e-01,6.878130e-01,9.700233e-01,1.000000e+00,15/41,24.50%,ADCY1;PRKCA;AQP7;GNB3;NLRP3;ADCY9;RAB11FIP2;PRKAR2B;GNAS;ADCY6;PRKAR1B;GNB5;MYO5B;ADCY2;GNB1
prerank,Other Interleukin Signaling R-HSA-449836,2.814778e-01,8.776209e-01,6.452442e-01,9.199367e-01,1.000000e+00,6/19,18.90%,CSF1R;PTPRZ1;IL10RB;CD4;IL32;VAMP2
prerank,Activation Of BH3-only Proteins R-HSA-114452,-2.681789e-01,-8.755878e-01,6.346484e-01,9.747758e-01,1.000000e+00,7/28,17.48%,BID;BBC3;AKT1;AKT3;PPP1R13B;MAPK8;AKT2
prerank,VEGFA-VEGFR2 Pathway R-HSA-4420097,1.947655e-01,8.755038e-01,7.500000e-01,9.231482e-01,1.000000e+00,22/86,19.52%,PKN1;CYBB;CYBA;HSPB1;PRR5;DOCK1;WASF2;MAPKAPK3;MAPKAPK2;CDC42;RNASE1;ELMO2;NRAS;VAV1;AXL;AHCYL1;NCK1;JUP;PRKCD;MAPKAP1;ITPR2;RHOA
prerank,Mitophagy R-HSA-5205647,-2.723484e-01,-8.755027e-01,6.556837e-01,9.728808e-01,1.000000e+00,15/28,38.94%,ULK1;ATG5;PRKN;PGAM5;SQSTM1;MAP1LC3B;CSNK2A2;RPS27A;TOMM20;SRC;UBB;TOMM7;PINK1;MFN1;CSNK2B
prerank,Signaling By TGFB Family Members R-HSA-9006936,1.877251e-01,8.738444e-01,7.755102e-01,9.251731e-01,1.000000e+00,30/107,25.22%,INHBB;PARP1;PARD3;WWTR1;TFDP2;ITGB5;SMAD1;ITGB8;UBA52;COL1A2;SMAD7;RNASEH2A;MAPK3;HDAC1;BAMBI;BMPR1A;SMAD9;USP9X;TGFBR2;RHOA;ZFYVE16;TGFBR1;FKBP1A;ACVR2B;BMP10;SMAD5;LTBP3;CCNT1;SMAD2;XPO1
prerank,HIV Elongation Arrest And Recovery R-HSA-167287,2.416647e-01,8.730961e-01,6.516291e-01,9.250255e-01,1.000000e+00,10/32,21.10%,GTF2F2;POLR2L;POLR2A;NELFE;POLR2I;POLR2J;TCEA1;POLR2G;POLR2F;ELOB
prerank,Synthesis Of Glycosylphosphatidylinositol (GPI) R-HSA-162710,-3.024927e-01,-8.729478e-01,6.643718e-01,9.770837e-01,1.000000e+00,2/16,5.58%,PIGL;PIGZ
prerank,Cellular Hexose Transport R-HSA-189200,3.100990e-01,8.728936e-01,6.420048e-01,9.235373e-01,1.000000e+00,5/14,23.27%,SLC2A10;SLC45A3;SLC5A2;SLC5A10;SLC50A1
prerank,"Defective EXT1 Causes Exostoses 1, TRPS2 And CHDS R-HSA-3656253",3.335300e-01,8.721893e-01,6.270023e-01,9.233166e-01,1.000000e+00,8/11,33.77%,GPC6;SDC2;SDC3;SDC4;GPC4;GPC5;SDC1;GPC1
prerank,MTOR Signaling R-HSA-165159,-2.427164e-01,-8.716809e-01,6.760797e-01,9.780264e-01,1.000000e+00,11/40,21.28%,RPTOR;STRADA;RPS6KB1;CAB39L;AKT1;AKT2;PPM1A;CAB39;EEF2K;EIF4B;PRKAB2
prerank,FLT3 Signaling R-HSA-9607240,2.398992e-01,8.711816e-01,6.881188e-01,9.238498e-01,1.000000e+00,13/33,27.24%,GRB10;SOCS6;UBA52;SYK;PTPN11;NRAS;STAT5A;HCK;PTPRJ;FYN;HRAS;FLT3LG;GAB2
prerank,Downstream Signal Transduction R-HSA-186763,-2.686470e-01,-8.689782e-01,6.908463e-01,9.827720e-01,1.000000e+00,3/28,7.81%,NCK2;PIK3R1;PIK3R2
prerank,RHO GTPases Activate Formins R-HSA-5663220,-2.096349e-01,-8.687456e-01,7.225610e-01,9.812401e-01,1.000000e+00,23/97,20.75%,SCAI;CLIP1;NUP98;DAAM1;ITGB3BP;MAD2L1;DSN1;ZWILCH;DIAPH1;PPP2R5E;SRF;FMNL1;SEH1L;PLK1;CENPT;NUP85;KNTC1;EVL;PFN2;DVL3;DVL2;NUDC;PPP2R5D
prerank,Nuclear Import Of Rev Protein R-HSA-180746,-2.629980e-01,-8.677090e-01,6.666667e-01,9.816731e-01,1.000000e+00,13/31,30.97%,NUP98;NUP155;SEH1L;NUP85;NUP54;NUP153;NUP62;RANBP2;NUP35;NUP214;AAAS;NUP58;NUP43
prerank,Complex I Biogenesis R-HSA-6799198,-2.313045e-01,-8.675431e-01,6.761006e-01,9.799899e-01,1.000000e+00,17/51,31.36%,NDUFA10;ECSIT;NDUFAF5;NDUFS1;NDUFAF7;NDUFB5;NDUFA8;NDUFS2;NDUFB4;NDUFB9;NDUFA9;NUBPL;NDUFC1;NDUFAF2;NDUFAF6;NDUFS4;NDUFV2
prerank,Phospholipid Metabolism R-HSA-1483257,1.726963e-01,8.665048e-01,8.464286e-01,9.330347e-01,1.000000e+00,33/176,18.19%,BCHE;ACHE;PLEKHA4;SLC44A2;AGPAT5;ETNPPL;PLA2G15;RAB4A;PEMT;PIK3C2A;LPCAT2;INPP5D;CPNE7;ABHD4;CHEK2;HADHB;GPAM;CPNE3;GPD1;PTDSS1;PLD6;INPP5K;PLA2G5;CDS2;SLC44A1;TNFAIP8L2;LPIN3;MTMR10;MBOAT2;CPNE6;PCYT1B;ALPP;PLA1A
prerank,Interleukin-6 Family Signaling R-HSA-6783589,2.851891e-01,8.653814e-01,6.299766e-01,9.336798e-01,1.000000e+00,3/17,13.20%,PTPN11;LIFR;CTF1
prerank,Citric Acid Cycle (TCA Cycle) R-HSA-71403,2.833820e-01,8.642129e-01,6.589862e-01,9.344198e-01,1.000000e+00,2/20,3.70%,LDHD;SUCLG2
prerank,Sensory Processing Of Sound By Inner Hair Cells Of Cochlea R-HSA-9662360,-2.256627e-01,-8.636689e-01,7.252252e-01,9.871187e-01,1.000000e+00,11/56,13.91%,CABP1;SNAP25;KCNMA1;PJVK;CACNA1D;MYO15A;SPTAN1;TWF2;SYN1;SYP;EPB41L1
prerank,APC:Cdc20 Mediated Degradation Of Cell Cycle Proteins Before Cycle Checkpoint Satisfied R-HSA-179419,2.007304e-01,8.626627e-01,7.492958e-01,9.340113e-01,1.000000e+00,16/67,21.51%,BUB3;PSMB10;SEM1;UBA52;PSMB1;PSME1;PSMB9;PSMD10;PSMB2;UBE2S;PSME2;PSMD5;CDC27;CDC16;PSMA3;PSMB4
prerank,Cdc20:Phospho-APC/C Mediated Degradation Of Cyclin A R-HSA-174184,2.007304e-01,8.626627e-01,7.492958e-01,9.340113e-01,1.000000e+00,16/67,21.51%,BUB3;PSMB10;SEM1;UBA52;PSMB1;PSME1;PSMB9;PSMD10;PSMB2;UBE2S;PSME2;PSMD5;CDC27;CDC16;PSMA3;PSMB4
prerank,Gastrin-CREB Signaling Pathway Via PKC And MAPK R-HSA-881907,-3.083404e-01,-8.624285e-01,6.476684e-01,9.880351e-01,1.000000e+00,2/16,2.01%,RPS6KA3;PRKCA
prerank,RHOBTB2 GTPase Cycle R-HSA-9013418,-2.821650e-01,-8.621883e-01,6.637011e-01,9.864920e-01,1.000000e+00,10/22,36.83%,CUL3;RBMX;TRA2B;MSI2;CDC37;DBN1;ACTN1;SRRM1;CCT2;STK38
prerank,TNF Receptor Superfamily (TNFSF) Members Mediating Non-Canonical NF-kB Pathway R-HSA-5676594,-3.144836e-01,-8.611322e-01,6.433824e-01,9.869707e-01,1.000000e+00,3/14,8.71%,TRAF3;TNFSF12;LTB
prerank,RHOV GTPase Cycle R-HSA-9013424,-2.485071e-01,-8.608795e-01,6.796610e-01,9.854905e-01,1.000000e+00,8/34,17.77%,NCK2;PIK3R1;RHOV;SPTAN1;WASL;PARD6A;GIT2;PARD6B
prerank,Intra-Golgi And Retrograde Golgi-to-ER Traffic R-HSA-6811442,-1.903195e-01,-8.600468e-01,8.002894e-01,9.853508e-01,1.000000e+00,17/166,12.00%,KIF5A;CYTH3;BICD2;GOSR1;KIF5C;COG2;MAN1C1;STX6;KIFC2;COG3;STX5;AGPAT3;CUX1;GCC2;KIF15;ARFGAP1;COPA
prerank,Constitutive Signaling By AKT1 E17K In Cancer R-HSA-5674400,-2.709125e-01,-8.599483e-01,6.615646e-01,9.834747e-01,1.000000e+00,10/24,26.48%,GSK3B;AKT1;AKT3;NR4A1;AKT2;GSK3A;CDKN1B;CREB1;PDPK1;MLST8
prerank,Signaling By KIT In Disease R-HSA-9669938,-3.014423e-01,-8.567773e-01,6.559715e-01,9.889387e-01,1.000000e+00,4/17,16.84%,PIK3R1;PIK3R2;JAK2;GRB2
prerank,Intraflagellar Transport R-HSA-5620924,-2.496405e-01,-8.564773e-01,7.149918e-01,9.875115e-01,1.000000e+00,12/34,28.81%,WDR19;IFT172;DYNC2H1;TTC21B;IFT122;KIF3B;DYNC2LI1;IFT57;IFT46;KIF3C;IFT140;DYNLRB1
prerank,Other Semaphorin Interactions R-HSA-416700,-2.959119e-01,-8.558420e-01,6.785110e-01,9.869496e-01,1.000000e+00,5/18,14.79%,PLXNA4;PLXNA2;SEMA7A;SEMA6D;PLXND1
prerank,NOTCH2 Intracellular Domain Regulates Transcription R-HSA-2197563,3.223111e-01,8.554845e-01,6.487696e-01,9.485132e-01,1.000000e+00,7/11,33.18%,MAML2;NOTCH2;HES5;RBPJ;FCER2;MAMLD1;GZMB
prerank,S Phase R-HSA-69242,-1.917151e-01,-8.550793e-01,7.771346e-01,9.867318e-01,1.000000e+00,28/148,18.72%,PDS5B;RBBP4;ANAPC4;ORC4;PRIM1;PSMA1;RFC5;LIN52;POLE3;PSMD11;RFC2;GSK3B;SMC1A;AKT1;MCM6;MCM4;PSMD14;AKT3;LIN9;MCM8;CUL1;MYC;UBE2C;RFC4;AKT2;CDC6;ANAPC7;LIN54
prerank,SARS-CoV-2 Infection R-HSA-9694516,-1.801476e-01,-8.547497e-01,8.440367e-01,9.854974e-01,1.000000e+00,63/245,24.61%,VPS41;SRPK1;NUP98;PARP8;ATG14;TRAF3;PARP16;MASP2;UBE2I;SNRPB;NLRP3;IL17RC;IRF3;ST3GAL2;GSK3B;NUP155;AKT1;TRAF6;VPS33B;ISCU;ZDHHC3;SEC24D;AKT3;ST3GAL1;SEH1L;MOGAT1;UVRAG;CREBBP;RPS7;RPS21;SUMO1;NUP85;NUP54;NUP153;IKBKG;AKT2;MOGAT2;AGRN;PARP6;NUP62;RPSA;RPS25;MGAT4C;TAB3;RPS4Y1;GSK3A;VHL;ST6GALNAC4;MAVS;PIK3R4;RPS3;RPS13;SEC24C;RPS29;MOGS;ST3GAL3;ZDHHC11;GEMIN7;GEMIN2;STAT2;RANBP2;CHMP6;TRIM4
prerank,Interleukin-37 Signaling R-HSA-9008059,-2.962813e-01,-8.540638e-01,6.618962e-01,9.850921e-01,1.000000e+00,3/17,10.64%,PTPN2;PTPN14;PTPN4
prerank,KSRP (KHSRP) Binds And Destabilizes mRNA R-HSA-450604,-2.995780e-01,-8.536922e-01,6.524823e-01,9.839088e-01,1.000000e+00,7/17,28.02%,DIS3;EXOSC2;AKT1;MAPK14;MAPK11;EXOSC5;EXOSC9
prerank,Signaling By FGFR2 R-HSA-5654738,-2.201751e-01,-8.535902e-01,7.420886e-01,9.820933e-01,1.000000e+00,12/60,17.92%,FGF17;SPRY2;PIK3R1;FGF9;GTF2F1;FGF18;MKNK1;HNRNPA1;GRB2;TIAL1;RBFOX2;POLR2H
prerank,Signaling By PDGFRA Extracellular Domain Mutants R-HSA-9673770,-3.384805e-01,-8.535841e-01,6.678832e-01,9.800741e-01,1.000000e+00,3/11,16.84%,PIK3R1;PIK3R2;GRB2
prerank,Repression Of WNT Target Genes R-HSA-4641265,3.131035e-01,8.534541e-01,6.466513e-01,9.512570e-01,1.000000e+00,3/13,11.02%,TCF7L1;LEF1;HDAC1
prerank,G-protein Beta:Gamma Signaling R-HSA-397795,2.476462e-01,8.530921e-01,6.666667e-01,9.501265e-01,1.000000e+00,11/26,27.85%,PKN1;GNG8;GNG4;CDC42;GNG12;PLCB2;GNG7;RHOA;GNG11;GNB2;GNG10
prerank,TGF-beta Receptor Signaling Activates SMADs R-HSA-2173789,2.236926e-01,8.528422e-01,7.474227e-01,9.486850e-01,1.000000e+00,11/41,25.22%,ITGB5;ITGB8;UBA52;SMAD7;BAMBI;TGFBR2;TGFBR1;FKBP1A;LTBP3;SMAD2;XPO1
prerank,Amino Acid Transport Across Plasma Membrane R-HSA-352230,2.481440e-01,8.523964e-01,7.265823e-01,9.477184e-01,1.000000e+00,13/25,35.35%,SLC7A10;SLC7A7;SLC6A19;SLC7A11;SLC3A2;SLC1A4;SLC1A5;SLC6A12;SLC38A5;SLC25A29;SLC7A8;SLC36A4;SLC43A2
prerank,Degradation Of GLI1 By Proteasome R-HSA-5610780,2.069526e-01,8.521110e-01,7.688312e-01,9.463816e-01,1.000000e+00,18/56,27.90%,PSMB10;SEM1;UBA52;PSMB1;PSME1;PSMB9;PSMD10;PSMB2;GLI1;PSME2;PSMD5;PSMA3;SUFU;PSMB4;PSMA7;PSMD8;PSMB8;PSMC1
prerank,Constitutive Signaling By Aberrant PI3K In Cancer R-HSA-2219530,2.083117e-01,8.504960e-01,7.420213e-01,9.482323e-01,1.000000e+00,17/55,20.12%,RAC2;PDGFRA;PTPN11;FGFR3;RNASE1;FGFR1;FGF1;VAV1;PDGFA;FGF3;RHOG;PDGFB;PIK3AP1;HBEGF;ERBB3;ERBB2;RNMT
prerank,"Tristetraprolin (TTP, ZFP36) Binds And Destabilizes mRNA R-HSA-450513",-2.957339e-01,-8.501421e-01,6.841187e-01,9.858793e-01,1.000000e+00,3/17,9.77%,DCP1A;DIS3;EXOSC2
prerank,G2/M Transition R-HSA-69275,-1.877109e-01,-8.501037e-01,8.036723e-01,9.839500e-01,1.000000e+00,51/161,30.44%,RBBP4;PRKCA;PCNT;SFI1;CENPJ;PSMA1;TUBGCP6;CEP192;LIN52;PSMD11;CEP152;TUBGCP5;CEP72;CEP76;PSMD14;LIN9;PLK1;EP300;CUL1;CNTRL;HAUS2;PRKAR2B;TUBG2;SDCCAG8;LIN54;CEP250;CEP63;TUBGCP4;CDK11A;HAUS3;TUBGCP2;CDK11B;TUBGCP3;PPP1R12B;FBXL18;PSMD6;PPME1;PPP1R12A;PSMA6;NME7;CCNA1;PPP1CB;FBXW11;CEP57;MNAT1;CKAP5;CEP41;TUBA4A;DCTN3;PSMD2;PSMC4
prerank,Degradation Of GLI2 By Proteasome R-HSA-5610783,2.070509e-01,8.499742e-01,7.910053e-01,9.474124e-01,1.000000e+00,17/55,27.90%,PSMB10;SEM1;UBA52;PSMB1;PSME1;PSMB9;PSMD10;PSMB2;PSME2;PSMD5;PSMA3;SUFU;PSMB4;PSMA7;PSMD8;PSMB8;PSMC1
prerank,Collagen Chain Trimerization R-HSA-8948216,2.303000e-01,8.487996e-01,7.080103e-01,9.480163e-01,1.000000e+00,11/33,20.64%,COL8A2;COL11A1;COL1A2;COL9A1;COL4A5;COL4A4;COL25A1;COL18A1;COL6A3;COL9A2;COL10A1
prerank,Frs2-mediated Activation R-HSA-170968,3.301543e-01,8.476246e-01,6.452328e-01,9.485686e-01,1.000000e+00,10/10,67.01%,MAPK3;FRS2;RAPGEF1;MAPK1;MAP2K2;RAP1A;YWHAB;CRKL;MAP2K1;BRAF
prerank,Estrogen-dependent Gene Expression R-HSA-9018519,-2.078687e-01,-8.473272e-01,7.599388e-01,9.883338e-01,1.000000e+00,22/83,22.55%,KDM1A;FOSB;AGO1;CDK9;GTF2A1;YY1;USF1;SMC1A;USF2;GTF2F1;NRIP1;EP300;MYC;CREBBP;TNRC6C;POLR2H;NCOA1;CXXC5;CARM1;GDNF;POLR2D;AGO4
prerank,ERBB2 Regulates Cell Motility R-HSA-6785631,-3.318984e-01,-8.463154e-01,6.416819e-01,9.886533e-01,1.000000e+00,3/12,13.48%,NRG3;DIAPH1;NRG4
prerank,Synthesis Of PIPs At Golgi Membrane R-HSA-1660514,-3.022598e-01,-8.460922e-01,6.987061e-01,9.871920e-01,1.000000e+00,5/15,21.72%,TPTE;INPP5E;ARF3;PIK3R4;PI4KA
prerank,Killing Mechanisms R-HSA-9664420,-3.383815e-01,-8.452549e-01,6.708408e-01,9.870690e-01,1.000000e+00,5/10,22.36%,NOXO1;MAPK8;DVL3;DVL2;NOXA1
prerank,Signaling By FGFR4 In Disease R-HSA-5655291,-3.392598e-01,-8.450006e-01,6.595745e-01,9.856812e-01,1.000000e+00,1/10,1.62%,PIK3R1
prerank,Interactions Of Rev With Host Cellular Proteins R-HSA-177243,-2.500598e-01,-8.442864e-01,7.147595e-01,9.852586e-01,1.000000e+00,16/34,34.16%,NUP98;NUP155;SEH1L;NUP85;NUP54;NUP153;NUP62;RANBP2;NUP35;NUP214;AAAS;NUP58;NUP43;RANBP1;RANGAP1;NUP210
prerank,Biosynthesis Of N-glycan Precursor (Dolichol LLO) And Transfer To Protein R-HSA-446193,-2.101138e-01,-8.442726e-01,7.557003e-01,9.833010e-01,1.000000e+00,20/72,25.73%,ST3GAL6;SLC35A1;GFPT2;ST6GAL2;GNPNAT1;ST8SIA5;ST3GAL2;ALG13;ST3GAL1;ALG6;RFT1;CTSA;DPM3;GNE;ST6GALNAC4;DPM1;ST3GAL3;UAP1;EGFL7;DPAGT1
prerank,Signaling By VEGF R-HSA-194138,1.873925e-01,8.437402e-01,8.109756e-01,9.549920e-01,1.000000e+00,23/93,19.52%,PKN1;CYBB;CYBA;HSPB1;PRR5;DOCK1;WASF2;MAPKAPK3;MAPKAPK2;CDC42;RNASE1;NRP1;ELMO2;NRAS;VAV1;AXL;AHCYL1;NCK1;JUP;PRKCD;MAPKAP1;ITPR2;RHOA
prerank,Signaling By NOTCH R-HSA-157118,1.701521e-01,8.425573e-01,8.649635e-01,9.555865e-01,1.000000e+00,26/161,14.11%,LFNG;KAT2B;HEYL;PSEN2;APH1B;PSMB10;HEY2;NCSTN;DNER;TFDP2;B4GALT1;SEM1;MAML2;WWC1;UBA52;NOTCH2;PSMB1;PSENEN;PSME1;MFNG;HDAC1;PSMB9;PSMD10;HIF1A;PSMB2;RFNG
prerank,LDL Clearance R-HSA-8964038,2.978007e-01,8.425167e-01,6.895075e-01,9.536767e-01,1.000000e+00,6/14,30.33%,NPC2;AP2B1;LDLR;LSR;PCSK9;LDLRAP1
prerank,RNA Polymerase I Promoter Clearance R-HSA-73854,-2.313272e-01,-8.423098e-01,7.361345e-01,9.856866e-01,1.000000e+00,8/44,17.92%,TAF1D;RBBP4;POLR1D;GTF2H4;GATAD2B;TAF1C;POLR1E;POLR2H
prerank,APC/C:Cdh1 Mediated Degradation Of Cdc20 And APC/C:Cdh1 Targets In Late Mitosis/Early G1 R-HSA-174178,1.936584e-01,8.419459e-01,7.947977e-01,9.529989e-01,1.000000e+00,17/71,21.51%,RB1;PSMB10;SEM1;UBA52;PSMB1;PSME1;PSMB9;PSMD10;PSMB2;AURKB;UBE2S;PSME2;PSMD5;CDC27;CDC16;PSMA3;PSMB4
prerank,Mitotic G2-G2/M Phases R-HSA-453274,-1.855520e-01,-8.412914e-01,8.314448e-01,9.859879e-01,1.000000e+00,51/163,30.44%,RBBP4;PRKCA;PCNT;SFI1;CENPJ;PSMA1;TUBGCP6;CEP192;LIN52;PSMD11;CEP152;TUBGCP5;CEP72;CEP76;PSMD14;LIN9;PLK1;EP300;CUL1;CNTRL;HAUS2;PRKAR2B;TUBG2;SDCCAG8;LIN54;CEP250;CEP63;TUBGCP4;CDK11A;HAUS3;TUBGCP2;CDK11B;TUBGCP3;PPP1R12B;FBXL18;PSMD6;PPME1;PPP1R12A;PSMA6;NME7;CCNA1;PPP1CB;FBXW11;CEP57;MNAT1;CKAP5;CEP41;TUBA4A;DCTN3;PSMD2;PSMC4
prerank,Clathrin-mediated Endocytosis R-HSA-8856828,1.719875e-01,8.410793e-01,8.965517e-01,9.529180e-01,1.000000e+00,28/128,20.58%,VAMP8;CLTCL1;DAB2;SYT9;SH3KBP1;CD3D;FNBP1L;SNX18;DNM3;PIK3C2A;UBA52;ADRB2;FNBP1;AVPR2;HIP1;CD4;STON2;AP2B1;TF;NECAP2;ARPC3;HIP1R;ARRB1;VAMP2;HBEGF;DNM2;EPN2;ARPC5
prerank,RUNX1 Regulates Genes Involved In Megakaryocyte Differentiation And Platelet Function R-HSA-8936459,-2.493569e-01,-8.395548e-01,7.180763e-01,9.877846e-01,1.000000e+00,8/32,18.70%,ITGA2B;AGO1;KMT2B;SETD1A;EP300;TNRC6C;RBBP5;KMT2E
prerank,Autodegradation Of Cdh1 By Cdh1:APC/C R-HSA-174084,1.965700e-01,8.371077e-01,8.038674e-01,9.594060e-01,1.000000e+00,15/63,21.51%,PSMB10;SEM1;UBA52;PSMB1;PSME1;PSMB9;PSMD10;PSMB2;UBE2S;PSME2;PSMD5;CDC27;CDC16;PSMA3;PSMB4
prerank,Host Interactions Of HIV Factors R-HSA-162909,1.742275e-01,8.369002e-01,8.789809e-01,9.579206e-01,1.000000e+00,34/120,27.90%,NUP37;PSMB10;SEM1;KPNB1;UBA52;PSMB1;PSME1;RNASE1;PSMB9;PSMD10;RCC1;CD4;AP2B1;PSMB2;PSME2;CD247;NUP93;CD8B;HCK;PSMD5;ELOB;PSMA3;PSMB4;B2M;FYN;NUP188;PSMA7;CCNT1;PSMD8;XPO1;HLA-A;CUL5;PSMB8;PSMC1
prerank,Regulation Of Gene Expression In Beta Cells R-HSA-210745,-2.987461e-01,-8.368438e-01,6.695652e-01,9.917328e-01,1.000000e+00,5/15,17.48%,NEUROD1;AKT1;AKT3;MAP4K2;AKT2
prerank,Lagging Strand Synthesis R-HSA-69186,-2.757357e-01,-8.367622e-01,7.039587e-01,9.899153e-01,1.000000e+00,6/20,23.85%,PRIM1;RFC5;RFC2;RFC4;POLD3;DNA2
prerank,Uptake And Actions Of Bacterial Toxins R-HSA-5339562,-2.600816e-01,-8.363091e-01,7.039474e-01,9.889591e-01,1.000000e+00,6/27,19.46%,STX1B;SNAP25;SV2B;SV2A;EEF2;STX1A
prerank,Negative Regulation Of MET Activity R-HSA-6807004,-2.746462e-01,-8.358194e-01,7.041522e-01,9.880305e-01,1.000000e+00,3/21,8.66%,PTPN2;SH3GL1;SH3GL2
prerank,Platelet Calcium Homeostasis R-HSA-418360,-2.687506e-01,-8.357789e-01,6.941748e-01,9.861446e-01,1.000000e+00,6/21,20.66%,ITPR1;ATP2B3;P2RX6;P2RX4;SLC8A2;ATP2B1
prerank,Translesion Synthesis By Y Family DNA Polymerases Bypasses Lesions On DNA Template R-HSA-110313,2.187692e-01,8.349364e-01,7.569620e-01,9.601618e-01,1.000000e+00,7/37,14.78%,SLC19A1;ISG15;UBA52;UFD1;UBA7;POLE2;UBE2L6
prerank,Signaling To RAS R-HSA-167044,2.707002e-01,8.344946e-01,6.750000e-01,9.592146e-01,1.000000e+00,5/17,14.95%,RALA;MAPKAPK3;MAPKAPK2;NRAS;SHC1
prerank,Ub-specific Processing Proteases R-HSA-5689880,1.700116e-01,8.341120e-01,8.856209e-01,9.580693e-01,1.000000e+00,33/145,22.37%,PSMB10;CYLD;IL33;SEM1;SMAD1;UBA52;PSMB1;ADRB2;USP18;MUL1;SMAD7;CCP110;USP37;UFD1;PSME1;PSMB9;PSMD10;TAF10;IFIH1;HIF1A;PSMB2;PTRH2;PSME2;USP9X;ARRB1;BIRC3;PSMD5;TGFBR1;PSMA3;PSMB4;USP14;WDR48;BIRC2
prerank,Cytosolic Sensors Of Pathogen-Associated DNA R-HSA-1834949,-2.156731e-01,-8.332719e-01,7.515723e-01,9.894558e-01,1.000000e+00,12/58,17.92%,LRRFIP1;TICAM1;POLR3A;POLR1D;IRF3;EP300;CREBBP;TRIM32;POLR3F;IKBKG;CRCP;POLR2H
prerank,Apoptotic Cleavage Of Cellular Proteins R-HSA-111465,2.367012e-01,8.329787e-01,7.048346e-01,9.586038e-01,1.000000e+00,10/30,25.89%,LMNA;TJP2;GSN;CASP7;PRKCD;STK26;TJP1;BIRC2;BCAP31;CASP8
prerank,Signaling By ERBB2 TMD/JMD Mutants R-HSA-9665686,2.625343e-01,8.329053e-01,6.855792e-01,9.568033e-01,1.000000e+00,7/19,24.68%,ERBIN;NRAS;SHC1;HBEGF;ERBB3;ERBB2;HRAS
prerank,Ca2+ Pathway R-HSA-4086398,-2.195210e-01,-8.325415e-01,7.638436e-01,9.890993e-01,1.000000e+00,12/56,16.33%,CAMK2A;PRKCA;ITPR1;PLCB1;AGO1;NLK;GNB3;PPP3CA;PPP3CB;MYC;FZD4;TNRC6C
prerank,Formation Of RNA Pol II Elongation Complex R-HSA-112382,2.032750e-01,8.315732e-01,7.914439e-01,9.576066e-01,1.000000e+00,17/55,26.99%,MLLT1;GTF2F2;NCBP2;GTF2H3;POLR2L;POLR2A;NELFE;POLR2I;POLR2J;TCEA1;POLR2G;POLR2F;ELOB;CTR9;CCNT1;NCBP1;IWS1
prerank,Cristae Formation R-HSA-8949613,2.425259e-01,8.304500e-01,7.469586e-01,9.581338e-01,1.000000e+00,4/25,14.39%,HSPA9;IMMT;APOOL;ATP5ME
prerank,N-Glycan Antennae Elongation R-HSA-975577,2.889317e-01,8.299204e-01,7.230047e-01,9.572697e-01,1.000000e+00,2/14,13.91%,B4GALT1;ST8SIA2
prerank,Recycling Pathway Of L1 R-HSA-437239,-2.560547e-01,-8.295515e-01,7.216667e-01,9.937255e-01,1.000000e+00,5/27,12.31%,RPS6KA3;NUMB;SH3GL2;DNM1;CLTA
prerank,Erythropoietin Activates RAS R-HSA-9027284,2.990107e-01,8.285358e-01,7.139690e-01,9.582192e-01,1.000000e+00,3/12,14.95%,NRAS;VAV1;SHC1
prerank,VxPx Cargo-Targeting To Cilium R-HSA-5620916,-2.805347e-01,-8.284960e-01,6.934932e-01,9.940420e-01,1.000000e+00,6/19,26.41%,RAB11FIP3;PKD1;EXOC3;PRKD2;PTGES2;EXOC8
prerank,Nucleotide Salvage R-HSA-8956321,2.552812e-01,8.279816e-01,7.314149e-01,9.573510e-01,1.000000e+00,7/21,24.31%,APRT;TK2;AMPD3;ADA;ADK;GMPR;UCK1
prerank,Regulation Of Localization Of FOXO Transcription Factors R-HSA-9614399,3.179193e-01,8.279341e-01,6.936543e-01,9.555326e-01,1.000000e+00,2/10,7.58%,FOXO1;REXO2
prerank,Role Of LAT2/NTAL/LAB On Calcium Mobilization R-HSA-2730905,-3.134891e-01,-8.276977e-01,6.818981e-01,9.937106e-01,1.000000e+00,6/13,28.75%,PIK3R1;PIK3R2;GRB2;PDPK1;PIK3CA;PIK3CB
prerank,G Beta:Gamma Signaling Thru PLC Beta R-HSA-418217,2.706440e-01,8.272895e-01,6.933638e-01,9.548789e-01,1.000000e+00,8/17,27.85%,GNG8;GNG4;GNG12;PLCB2;GNG7;GNG11;GNB2;GNG10
prerank,Amino Acids Regulate mTORC1 R-HSA-9639288,2.066888e-01,8.268116e-01,7.950139e-01,9.539978e-01,1.000000e+00,10/50,17.84%,ATP6V0E1;SH3BP4;CASTOR1;LAMTOR1;LAMTOR4;TCIRG1;CASTOR2;LAMTOR2;RRAGB;ATP6V0B
prerank,Ketone Body Metabolism R-HSA-74182,3.220757e-01,8.267260e-01,6.830835e-01,9.523032e-01,1.000000e+00,2/10,5.88%,BDH2;HMGCL
prerank,Signaling By Insulin Receptor R-HSA-74752,1.986508e-01,8.266354e-01,8.459302e-01,9.505292e-01,1.000000e+00,12/61,14.95%,ATP6V0A4;ATP6V0E1;GRB10;PTPN11;FGFR3;TCIRG1;MAPK3;FGFR1;FGF1;NRAS;FGF3;SHC1
prerank,RHOJ GTPase Cycle R-HSA-9013409,-2.207086e-01,-8.251386e-01,7.681895e-01,9.971119e-01,1.000000e+00,15/52,22.43%,ARHGAP32;PIK3R1;ARHGAP26;MPP7;TRIO;SLC4A7;PIK3R2;WIPF2;WASL;TMPO;GIT2;ARHGAP35;ARHGAP21;CPNE8;SCRIB
prerank,Signaling By Activin R-HSA-1502540,2.868847e-01,8.241483e-01,7.162471e-01,9.536696e-01,1.000000e+00,2/14,9.85%,INHBB;MAPK3
prerank,ESR-mediated Signaling R-HSA-8939211,-1.876842e-01,-8.238672e-01,8.409742e-01,9.976984e-01,1.000000e+00,35/138,22.55%,KDM1A;FOSB;PIK3R1;AGO1;CDK9;GTF2A1;PIK3R2;GNB3;YY1;USF1;SMC1A;AKT1;NANOS3;SRF;USF2;AKT3;GTF2F1;NRIP1;EP300;IGF1R;MYC;CREBBP;TNRC6C;AKT2;POLR2H;NCOA1;CXXC5;CARM1;GNB5;GNAI1;CDKN1B;GDNF;CREB1;POLR2D;AGO4
prerank,eNOS Activation R-HSA-203615,3.191873e-01,8.231981e-01,6.938776e-01,9.536641e-01,1.000000e+00,2/10,7.43%,DDAH2;DDAH1
prerank,Signaling By FGFR2 In Disease R-HSA-5655253,2.274694e-01,8.204439e-01,7.328042e-01,9.572461e-01,1.000000e+00,11/34,20.00%,GTF2F2;NCBP2;POLR2L;POLR2A;FGF1;NRAS;FGF3;POLR2I;POLR2J;POLR2G;POLR2F
prerank,Heme Biosynthesis R-HSA-189451,2.914939e-01,8.197800e-01,7.120536e-01,9.566519e-01,1.000000e+00,4/14,16.23%,FLVCR1;UROS;ALB;ABCG2
prerank,Gene Silencing By RNA R-HSA-211000,-2.092822e-01,-8.186001e-01,8.081571e-01,1.000000e+00,1.000000e+00,16/69,22.80%,AGO1;MAEL;NUP98;TDRD1;NUP155;SEH1L;NUP85;TNRC6C;NUP54;NUP153;POLR2H;NUP62;POLR2D;AGO4;TDRD6;PRKRA
prerank,RHO GTPases Activate WASPs And WAVEs R-HSA-5663213,2.270066e-01,8.155335e-01,7.535885e-01,9.630651e-01,1.000000e+00,9/33,20.58%,WASF2;ARPC1B;MAPK3;CDC42;RNASE1;NCK1;ARPC3;WIPF1;ARPC5
prerank,Translesion Synthesis By POLH R-HSA-110320,2.590052e-01,8.154727e-01,7.363636e-01,9.612908e-01,1.000000e+00,3/19,9.63%,SLC19A1;UBA52;UFD1
prerank,ERKs Are Inactivated R-HSA-202670,-3.012794e-01,-8.151829e-01,7.030965e-01,1.000000e+00,1.000000e+00,4/13,20.75%,DUSP7;DUSP4;VRK3;PPP2R5D
prerank,DSCAM Interactions R-HSA-376172,-3.198984e-01,-8.144556e-01,7.071823e-01,1.000000e+00,1.000000e+00,8/11,29.44%,MAPK13;DSCAML1;DSCAM;MAPK8;MAPK14;MAPK11;DCC;MAPK12
prerank,M Phase R-HSA-68886,-1.679783e-01,-8.144247e-01,9.297164e-01,1.000000e+00,1.000000e+00,49/311,17.14%,PPP2R2D;PDS5B;CLIP1;PTTG1;ANAPC4;PRKCA;PRKCB;HDAC8;NUP98;PCNT;SFI1;CENPJ;PSMA1;ITGB3BP;TUBGCP6;MAD2L1;UBE2I;DSN1;CEP192;PSMD11;ZWILCH;NUP155;ENSA;LEMD3;CEP152;SMC1A;TUBGCP5;PPP2R5E;CNEP1R1;CEP72;CEP76;PSMD14;SEH1L;PLK1;TMPO;CENPT;CNTRL;MAU2;SUMO1;NUP85;NCAPH2;HAUS2;UBE2C;PRKAR2B;KNTC1;NUP54;NUP153;TUBG2;SDCCAG8
prerank,RAB GEFs Exchange GTP For GDP On RABs R-HSA-8876198,1.816029e-01,8.140406e-01,8.672566e-01,9.621061e-01,1.000000e+00,23/85,24.05%,RAB31;RAB13;RAB10;DENND1C;RAB8B;DENND5A;RAB39B;RAB39A;DENND2A;MON1B;DENND2D;TRAPPC2L;RAB8A;RAB21;DENND2C;RAB32;RAB18;RAB6A;TRAPPC6A;RIN2;RAB1B;TRAPPC1;RAB35
prerank,DNA Damage/Telomere Stress Induced Senescence R-HSA-2559586,-2.647798e-01,-8.139313e-01,7.353952e-01,1.000000e+00,1.000000e+00,7/23,21.57%,ACD;UBN1;TINF2;HIRA;TERF2;RAD50;CDKN1B
prerank,RNA Polymerase I Transcription R-HSA-73864,-2.232280e-01,-8.138483e-01,7.979452e-01,1.000000e+00,1.000000e+00,8/45,17.92%,TAF1D;RBBP4;POLR1D;GTF2H4;GATAD2B;TAF1C;POLR1E;POLR2H
prerank,G Alpha (I) Signaling Events R-HSA-418594,-1.741626e-01,-8.137902e-01,8.982597e-01,1.000000e+00,1.000000e+00,52/223,23.25%,HTR1F;ADCY1;RGS7;CAMK2A;PRKCA;ITPR1;CCL27;TAS2R14;MCHR2;GRK2;ADRA2A;CAMK2G;RGS6;PLCB1;TAS2R10;CAMKK2;HTR5A;NPY2R;CAMKK1;GNB3;PDE4A;ADCY9;BDKRB2;KNG1;PDE1A;RGS12;TAS2R4;PPP3CA;RGS4;PPP3CB;SAA2;OPN3;PRKAR2B;GNAS;ADCY6;NBEA;RGS11;PRKAR1B;GNB5;GNA11;GNAI1;CX3CL1;PPP2R5D;DRD4;CHRM2;CREB1;MCHR1;TAS2R31;TAS2R5;TAS2R13;ADCY2;PDYN
prerank,RHOU GTPase Cycle R-HSA-9013420,2.212865e-01,8.136783e-01,7.844612e-01,9.608984e-01,1.000000e+00,9/36,16.77%,PKN1;VANGL1;ARHGAP31;IQGAP1;WDR6;CDC42;RHOU;NCK1;USP9X
prerank,Translation R-HSA-72766,-1.721315e-01,-8.135757e-01,9.140625e-01,1.000000e+00,1.000000e+00,80/257,32.02%,RPL15;MRPS30;AARS2;MRPL45;MRPL16;MRPL33;MRPS11;EIF4A2;RPL28;EIF5;ERAL1;EIF1AX;EIF3E;RSL24D1;NARS2;RPL9;RPS7;RPS21;RPL26;MRPS17;EEF2;RPSA;EIF3L;RPL38;EIF2B1;RPS25;EIF2B5;MRPS36;MRPL39;RPS4Y1;RPL10L;MRPS5;MRPL9;EIF4B;OXA1L;GSPT1;RPS3;MTFMT;MRPS31;SARS2;MRPL58;PPA1;RPS13;RPS29;MRPS27;MRPS7;RPL14;FARS2;CARS2;RPL13A;RPL18A;PPA2;RPL22;TARS2;RPL35A;MRRF;MTRF1L;MTIF3;RPL4;RPS9;EIF4H;MRPL18;RPL3;RPLP0;RPL37A;RPL21;RPL31;RPS5;RPL23A;MRPS18A;RPL27;MRPL49;MRPS26;MRPS10;MRPL54;RPS27A;RPS24;RPL7A;RPS3A;RPL7
prerank,"Synthesis, Secretion, And Inactivation Of Glucose-dependent Insulinotropic Polypeptide (GIP) R-HSA-400511",3.052437e-01,8.134446e-01,7.065217e-01,9.595188e-01,1.000000e+00,2/10,7.22%,SEC11C;SEC11A
prerank,FCGR3A-mediated IL10 Synthesis R-HSA-9664323,-2.443208e-01,-8.126493e-01,7.363344e-01,1.000000e+00,1.000000e+00,3/32,2.10%,ADCY1;PRKCA;ITPR1
prerank,Nef-mediated Downmodulation Of Cell Surface Receptors By Recruitment To Clathrin Adapters R-HSA-164938,2.688079e-01,8.114213e-01,7.285714e-01,9.615838e-01,1.000000e+00,8/17,37.33%,CD4;AP2B1;CD8B;B2M;HLA-A;AP1G1;PACS1;AP1M1
prerank,TNFs Bind Their Physiological Receptors R-HSA-5669034,-2.974948e-01,-8.107194e-01,7.071918e-01,1.000000e+00,1.000000e+00,1/14,0.19%,TNFRSF25
prerank,"Cobalamin (Cbl, Vitamin B12) Transport And Metabolism R-HSA-196741",2.643956e-01,8.105515e-01,7.030162e-01,9.612495e-01,1.000000e+00,5/17,17.94%,AMN;CD320;MMAB;PRSS58;CTRB1
prerank,RUNX1 Interacts With Co-Factors Whose Precise Effect On RUNX1 Targets Is Not Known R-HSA-8939243,-2.428555e-01,-8.095625e-01,7.869416e-01,1.000000e+00,1.000000e+00,12/32,31.52%,ACTL6B;ARID1B;ARID2;RING1;EP300;SMARCC2;CBX6;PHC2;RNF2;YAF2;CSNK2A2;SMARCA2
prerank,Interleukin-1 Signaling R-HSA-9020702,1.754720e-01,8.085871e-01,8.801170e-01,9.630240e-01,1.000000e+00,29/99,29.25%,PSMB10;SEM1;S100B;UBA52;PSMB1;USP18;PELI2;PSME1;PSMB9;PSMD10;PSMB2;NLRC5;PSME2;MYD88;TAB2;PSMD5;PSMA3;TNIP2;PSMB4;PELI1;USP14;PSMA7;UBE2N;PSMD8;CASP8;PSMB8;PSMC1;AGER;ALPK1
prerank,MicroRNA (miRNA) Biogenesis R-HSA-203927,2.391649e-01,8.061606e-01,7.666667e-01,9.655864e-01,1.000000e+00,6/24,20.00%,POLR2L;POLR2A;POLR2I;POLR2J;POLR2G;POLR2F
prerank,G2/M Checkpoints R-HSA-69481,-1.870063e-01,-8.059606e-01,8.586466e-01,1.000000e+00,1.000000e+00,27/111,23.85%,TOP3A;ORC4;UIMC1;PSMA1;RFC5;PSMD11;RFC2;MCM6;MCM4;PSMD14;MCM8;TOPBP1;PIAS4;NSD2;HERC2;BARD1;RFC4;CDC7;CDC6;RNF168;RAD9A;RAD50;MDC1;RBBP8;RMI2;PSMD6;DNA2
prerank,SARS-CoV Infections R-HSA-9679506,-1.638223e-01,-8.048322e-01,9.469136e-01,1.000000e+00,1.000000e+00,80/321,24.61%,CUL3;RBBP4;VPS41;KDM1A;SRPK1;NUP98;IFNGR2;ROCK2;PARP8;ATG14;TRAF3;PARP16;MASP2;UBE2I;ATP1A4;FXYD7;SNRPB;NLRP3;IL17RC;IRF3;ST3GAL2;GSK3B;NUP155;AKT1;NR3C1;TRAF6;VPS33B;ISCU;ZDHHC3;SEC24D;AKT3;ST3GAL1;SEH1L;MOGAT1;UVRAG;GATAD2B;JAK2;CREBBP;RPS7;RPS21;SUMO1;NUP85;GRB2;NUP54;NUP153;IKBKG;IL6R;AKT2;MOGAT2;AGRN;PARP6;NUP62;RPSA;RPS25;MGAT4C;TAB3;SAP30L;RPS4Y1;GSK3A;VHL;ST6GALNAC4;MAVS;PIK3R4;RPS3;ATP1B1;RPS13;CHD3;SEC24C;RPS29;MOGS;AP2A2;ST3GAL3;ZDHHC11;GEMIN7;GEMIN2;STAT2;PHF21A;RANBP2;CHMP6;TRIM4
prerank,Ovarian Tumor Domain Proteases R-HSA-5689896,-2.361032e-01,-8.039377e-01,7.891269e-01,1.000000e+00,1.000000e+00,11/32,24.61%,OTUD7A;TRAF3;ZRANB1;TRAF6;TNIP1;IKBKG;OTUD5;OTUD3;MAVS;YOD1;TRIM4
prerank,Macroautophagy R-HSA-1632852,-1.902393e-01,-8.032448e-01,8.521230e-01,1.000000e+00,1.000000e+00,40/107,33.58%,PCNT;ATG14;ATG16L1;RPTOR;GABARAPL1;ATG10;ULK1;UVRAG;ATG5;RB1CC1;ATG13;ATG4D;WIPI2;PIK3R4;PRKAB2;ATG9A;PEX5;PRKN;USP30;PGAM5;SQSTM1;CHMP6;PARK7;MLST8;PRKAB1;ATG7;MAP1LC3B;MTMR14;CHMP4B;HDAC6;BECN1;CSNK2A2;LAMTOR3;ATG4B;PRKAA2;RPS27A;TOMM20;HSF1;ATG101;SRC
prerank,Transport To Golgi And Subsequent Modification R-HSA-948021,-1.790584e-01,-8.029710e-01,8.917379e-01,1.000000e+00,1.000000e+00,27/156,19.11%,GOSR1;COG2;MAN1C1;CHGA;SEC16A;SPTBN5;ANK1;SPTBN4;COG3;STX5;PPP6R1;SPTAN1;ARFGAP1;COPA;COL7A1;SEC24D;CNIH3;MOGAT1;SPTB;CNIH1;MAN2A2;ARF3;NAPG;F8;MOGAT2;ARF5;MGAT4C
prerank,Termination Of Translesion DNA Synthesis R-HSA-5656169,2.209181e-01,8.022915e-01,7.912621e-01,9.707652e-01,1.000000e+00,6/30,14.78%,SLC19A1;ISG15;UBA52;UBA7;POLE2;UBE2L6
prerank,TP53 Regulates Transcription Of Genes Involved In G2 Cell Cycle Arrest R-HSA-6804114,2.804496e-01,8.019879e-01,7.079439e-01,9.694399e-01,1.000000e+00,2/15,7.58%,TFDP2;REXO2
prerank,Deubiquitination R-HSA-5688426,-1.695436e-01,-8.019040e-01,9.373333e-01,1.000000e+00,1.000000e+00,55/214,25.80%,USP28;STAMBPL1;JOSD1;DDB2;MBD5;MYSM1;UIMC1;OTUD7A;MCRS1;TRAF3;PSMA1;POLG2;USP49;MAT2B;NLRP3;PSMD11;TADA2B;ZRANB1;YY1;ACTR5;ASXL1;TRAF6;USP22;USP42;IDE;UCHL5;INO80E;PSMD14;USP4;FOXK1;EP300;MYC;TNIP1;BARD1;IKBKG;TRRAP;OTUD5;HCFC1;OTUD3;INO80;MAVS;ARRB2;USP19;SIAH2;USP25;PRKN;USP30;PSMD6;YOD1;USP13;FKBP8;TRIM4;PSMA6;OGT;STAM
prerank,NF-kB Is Activated And Signals Survival R-HSA-209560,-3.125370e-01,-8.016531e-01,7.285974e-01,1.000000e+00,1.000000e+00,7/11,36.35%,TRAF6;SQSTM1;NFKB1;RPS27A;IRAK1;UBB;NFKBIA
prerank,SARS-CoV-2 Activates/Modulates Innate And Adaptive Immune Responses R-HSA-9705671,-1.933874e-01,-8.014668e-01,8.363636e-01,1.000000e+00,1.000000e+00,34/92,31.43%,NUP98;ATG14;TRAF3;MASP2;NLRP3;IL17RC;IRF3;NUP155;TRAF6;SEC24D;SEH1L;CREBBP;NUP85;NUP54;NUP153;IKBKG;NUP62;TAB3;MAVS;PIK3R4;SEC24C;STAT2;RANBP2;TRIM4;G3BP2;NUP35;TYK2;NUP214;AAAS;MAP3K7;BECN1;NUP58;NUP43;CNBP
prerank,Mitochondrial Protein Import R-HSA-1268020,1.922680e-01,7.997545e-01,8.590786e-01,9.716097e-01,1.000000e+00,13/62,21.76%,FXN;LDHD;HSPA9;TIMM8B;TIMM13;HSPD1;COA4;GFER;COQ2;SLC25A13;TOMM22;CHCHD5;TIMM10B
prerank,Transcriptional Regulation By VENTX R-HSA-8853884,-2.311911e-01,-7.992497e-01,7.990431e-01,1.000000e+00,1.000000e+00,13/37,28.44%,ANAPC4;AGO1;CEBPB;UBE2C;TNRC6C;ANAPC7;EHMT1;AGO4;NFKB1;EHMT2;ANAPC15;CDC23;ANAPC1
prerank,Processing Of Intronless Pre-mRNAs R-HSA-77595,-2.682190e-01,-7.976700e-01,7.765568e-01,1.000000e+00,1.000000e+00,5/19,16.41%,WDR33;CPSF1;CSTF2;CSTF3;PCF11
prerank,p75NTR Signals Via NF-kB R-HSA-193639,-2.896787e-01,-7.963095e-01,7.540107e-01,1.000000e+00,1.000000e+00,9/14,38.46%,PRKCI;TRAF6;SQSTM1;NFKB1;RPS27A;IRAK1;UBB;NFKBIA;RIPK2
prerank,Degradation Of Beta-Catenin By Destruction Complex R-HSA-195253,1.804923e-01,7.962730e-01,8.733154e-01,9.759868e-01,1.000000e+00,11/80,11.97%,TCF7L1;PSMB10;SEM1;UBA52;PSMB1;LEF1;PSME1;HDAC1;PSMB9;PPP2R5A;PSMD10
prerank,Apoptotic Execution Phase R-HSA-75153,2.122172e-01,7.962632e-01,8.015464e-01,9.741145e-01,1.000000e+00,11/38,25.89%,LMNA;KPNB1;TJP2;GSN;CASP7;PRKCD;STK26;TJP1;BIRC2;BCAP31;CASP8
prerank,Regulation Of Expression Of SLITs And ROBOs R-HSA-9010553,-1.788457e-01,-7.961415e-01,9.127424e-01,1.000000e+00,1.000000e+00,61/160,35.63%,RPL15;LDB2;SLIT2;PSMA1;RPL28;PSMD11;LHX2;RSL24D1;PSMD14;RPL9;RPS7;RPS21;RPL26;RPSA;RPL38;RPS25;RPS4Y1;RPL10L;ELOC;GSPT1;RPS3;MAGOHB;UPF3A;RPS13;RPS29;RPL14;PSMD6;RPL13A;RPL18A;PSMA6;RPL22;RPL35A;MAGOH;RPL4;RPS9;RNPS1;UPF2;RPL3;RPLP0;RPL37A;RPL21;RPL31;RPS5;RPL23A;PSMD2;PSMC4;RPL27;RPS27A;RPS24;RPL7A;RPS3A;RPL7;UPF3B;RPL23;RPS12;PSMC6;UBB;PSMA4;PSMD7;RPS15A;RPS14
prerank,COPI-mediated Anterograde Transport R-HSA-6807878,-1.962329e-01,-7.954665e-01,8.624420e-01,1.000000e+00,1.000000e+00,17/77,22.14%,GOSR1;COG2;SPTBN5;ANK1;SPTBN4;COG3;STX5;SPTAN1;ARFGAP1;COPA;SPTB;ARF3;NAPG;ARF5;COG7;SPTBN2;PTGES2
prerank,Presynaptic Function Of Kainate Receptors R-HSA-500657,2.535451e-01,7.953842e-01,7.685393e-01,9.738111e-01,1.000000e+00,8/18,27.85%,GNG8;GNG4;GNG12;PLCB2;GNG7;GNG11;GNB2;GNG10
prerank,APC/C-mediated Degradation Of Cell Cycle Proteins R-HSA-174143,1.797413e-01,7.953055e-01,8.898810e-01,9.720450e-01,1.000000e+00,19/80,22.40%,BUB3;RB1;PSMB10;SEM1;UBA52;PSMB1;PSME1;PSMB9;PSMD10;PSMB2;AURKB;UBE2S;PSME2;PSMD5;CDC27;CDC16;PSMA3;PSMB4;CDC14A
prerank,Early SARS-CoV-2 Infection Events R-HSA-9772572,2.215088e-01,7.944493e-01,8.125000e-01,9.716144e-01,1.000000e+00,14/31,33.77%,RB1;GPC6;NRP1;SDC2;SDC3;ZCRB1;SDC4;GPC4;VCP;CHMP2B;GPC5;PIK3C3;SDC1;GPC1
prerank,Sodium/Calcium Exchangers R-HSA-425561,3.094623e-01,7.941232e-01,7.359813e-01,9.703311e-01,1.000000e+00,1/10,0.66%,SLC24A3
prerank,Retrograde Neurotrophin Signaling R-HSA-177504,-3.012173e-01,-7.936041e-01,7.527675e-01,1.000000e+00,1.000000e+00,3/12,12.31%,SH3GL2;DNM1;CLTA
prerank,Interleukin Receptor SHC Signaling R-HSA-912526,-2.844097e-01,-7.934525e-01,7.481752e-01,1.000000e+00,1.000000e+00,5/17,16.84%,PIK3R1;PIK3R2;CLSTN1;JAK2;GRB2
prerank,Gluconeogenesis R-HSA-70263,2.390975e-01,7.927400e-01,7.985782e-01,9.707862e-01,1.000000e+00,4/24,8.83%,SLC25A1;GOLT1A;PGAM2;G6PC3
prerank,Adherens Junctions Interactions R-HSA-418990,-2.506091e-01,-7.915128e-01,7.572650e-01,1.000000e+00,1.000000e+00,8/25,24.22%,CDH12;PVR;CADM3;NECTIN3;CADM2;NECTIN1;CDH10;CDH13
prerank,Interleukin-1 Family Signaling R-HSA-446652,1.661657e-01,7.892310e-01,9.118541e-01,9.747585e-01,1.000000e+00,26/120,21.74%,PSMB10;IL33;SEM1;ALOX5;S100B;UBA52;PSMB1;USP18;PTPN11;PELI2;PSME1;CASP1;PSMB9;SIGIRR;PSMD10;PSMB2;NLRC5;PSME2;MYD88;TAB2;PSMD5;PSMA3;TNIP2;PSMB4;PELI1;USP14
prerank,Signaling By WNT In Cancer R-HSA-4791275,-2.383402e-01,-7.891886e-01,7.783595e-01,1.000000e+00,1.000000e+00,6/29,20.75%,KREMEN1;GSK3B;PPP2R5E;FZD4;RNF43;PPP2R5D
prerank,Cell Cycle Checkpoints R-HSA-69620,-1.688029e-01,-7.886287e-01,9.327846e-01,1.000000e+00,1.000000e+00,49/213,24.56%,CLIP1;ANAPC4;TOP3A;ORC4;UIMC1;NUP98;PSMA1;ITGB3BP;MAD2L1;RFC5;DSN1;PSMD11;RFC2;ZWILCH;MCM6;PPP2R5E;MCM4;PSMD14;SEH1L;PLK1;MCM8;CENPT;TOPBP1;PIAS4;NUP85;NSD2;UBE2C;HERC2;KNTC1;BARD1;RFC4;CDC7;CDC6;ANAPC7;RNF168;RAD9A;NUDC;RAD50;PPP2R5D;MDC1;RBBP8;CDKN1B;PHF20;RMI2;MAD1L1;PSMD6;DNA2;B9D2;RANBP2
prerank,TNFR1-induced NFkappaB Signaling Pathway R-HSA-5357956,2.351645e-01,7.857242e-01,8.018648e-01,9.786970e-01,1.000000e+00,8/25,24.52%,TNFRSF1A;CYLD;SHARPIN;TAB2;BIRC3;BIRC2;OTUD7B;XIAP
prerank,G1/S-Specific Transcription R-HSA-69205,-2.436795e-01,-7.844805e-01,7.760943e-01,1.000000e+00,1.000000e+00,6/25,18.72%,RBBP4;E2F6;LIN52;LIN9;CDC6;LIN54
prerank,RUNX3 Regulates NOTCH Signaling R-HSA-8941856,2.841364e-01,7.839722e-01,7.620137e-01,9.796651e-01,1.000000e+00,2/12,4.27%,KAT2B;MAML2
prerank,Triglyceride Catabolism R-HSA-163560,2.591684e-01,7.834483e-01,7.369727e-01,9.786336e-01,1.000000e+00,3/16,11.89%,FABP6;PNPLA4;PLIN3
prerank,Degradation Of DVL R-HSA-4641258,1.930480e-01,7.832634e-01,8.693333e-01,9.770997e-01,1.000000e+00,17/53,27.93%,PSMB10;SEM1;UBA52;PSMB1;PSME1;PSMB9;PSMD10;PSMB2;PSME2;PSMD5;PSMA3;PSMB4;PSMA7;PSMD8;PSMB8;PSMC1;KLHL12
prerank,Nucleotide Catabolism R-HSA-8956319,-2.433145e-01,-7.831827e-01,8.172414e-01,1.000000e+00,1.000000e+00,8/26,21.44%,NT5M;ADPRM;ENTPD4;NUDT9;UPP2;ENTPD3;NT5C3A;ENTPD7
prerank,Cell-cell Junction Organization R-HSA-421270,1.971159e-01,7.817817e-01,8.670077e-01,9.776253e-01,1.000000e+00,13/45,20.50%,PARD3;CADM1;CDH11;CLDN14;CDH6;CDH8;CDH19;NECTIN2;PATJ;JUP;PARD6G;CLDN11;CLDN3
prerank,Citric Acid (TCA) Cycle And Respiratory Electron Transport R-HSA-1428517,-1.742037e-01,-7.815552e-01,9.295154e-01,1.000000e+00,1.000000e+00,61/155,37.46%,L2HGDH;NDUFA10;UCP3;CCNI;PDP2;ECSIT;PPARD;NDUFAF5;COX19;PCDHB11;NDUFS1;NDUFAF7;UQCRC2;NDUFB5;PDPR;UQCRC1;NNT;BSG;UQCRH;DLST;LRPPRC;NDUFA8;ATP5F1B;PDPK1;NDUFS2;SDHB;FAHD1;NDUFB4;SDHA;COX5A;NDUFB9;NDUFA9;MPC1;NUBPL;HAGH;NDUFC1;NDUFAF2;ATP5F1A;NDUFAF6;PDK2;UQCR10;COX6A1;NDUFS4;NDUFV2;IDH3B;ATP5PF;CS;NDUFV1;COX7C;SUCLA2;MPC2;MDH2;ACAD9;COX18;NDUFA12;COX6C;SLC25A27;UCP2;ETFA;COA1;COQ10B
prerank,mRNA Splicing - Minor Pathway R-HSA-72165,1.982885e-01,7.811444e-01,8.686327e-01,9.768754e-01,1.000000e+00,13/49,20.11%,GTF2F2;NCBP2;POLR2L;POLR2A;SNRPD3;TXNL4A;SNRPG;POLR2I;POLR2J;POLR2G;SF3B6;POLR2F;ZCRB1
prerank,Transcriptional Regulation By Small RNAs R-HSA-5578749,-2.179106e-01,-7.811211e-01,8.333333e-01,1.000000e+00,1.000000e+00,16/44,30.97%,AGO1;NUP98;NUP155;SEH1L;NUP85;NUP54;NUP153;POLR2H;NUP62;POLR2D;RANBP2;NUP35;NUP214;AAAS;NUP58;NUP43
prerank,Caspase Activation Via Death Receptors In Presence Of Ligand R-HSA-140534,2.695934e-01,7.771016e-01,7.822410e-01,9.813081e-01,1.000000e+00,6/14,25.89%,TNFRSF10B;TLR4;CFLAR;NDUFA2;TNFSF10;CASP8
prerank,ZBP1(DAI) Mediated Induction Of Type I IFNs R-HSA-1606322,-2.714186e-01,-7.770936e-01,7.845884e-01,1.000000e+00,1.000000e+00,5/17,25.13%,TICAM1;IRF3;IKBKG;DTX4;NFKB1
prerank,RNA Polymerase III Transcription Initiation From Type 3 Promoter R-HSA-76071,-2.408371e-01,-7.766123e-01,8.118280e-01,1.000000e+00,1.000000e+00,11/27,30.35%,POLR3A;POLR1D;BDP1;POLR3F;CRCP;POLR2H;SNAPC4;ZNF143;POLR3K;POLR3E;TBP
prerank,RHOBTB3 ATPase Cycle R-HSA-9706019,-3.171098e-01,-7.762625e-01,7.530648e-01,1.000000e+00,1.000000e+00,3/10,20.18%,CUL3;LRRC41;VHL
prerank,COPII-mediated Vesicle Transport R-HSA-204005,1.864046e-01,7.755258e-01,8.963731e-01,9.817673e-01,1.000000e+00,21/62,30.75%,SERPINA1;SEC22B;FOLR2;SEC22C;TRAPPC2L;PREB;SEC23IP;GORASP1;TRAPPC6A;TMED2;LMAN2L;RAB1B;TRAPPC1;TFG;NAPSA;LMAN1;PPP6R3;YKT6;CNIH2;TRAPPC5;RAB1A
prerank,Negative Regulation Of FLT3 R-HSA-9706369,2.776554e-01,7.737791e-01,7.678161e-01,9.825159e-01,1.000000e+00,2/14,6.56%,SOCS6;UBA52
prerank,Disassembly Of Destruction Complex And Recruitment Of AXIN To Membrane R-HSA-4641262,-2.455116e-01,-7.734440e-01,8.049645e-01,1.000000e+00,1.000000e+00,7/24,22.87%,GSK3B;FRAT1;PPP2R5E;DVL3;DVL2;PPP2R5D;CSNK1G2
prerank,HIV Life Cycle R-HSA-162587,-1.759348e-01,-7.725804e-01,9.434229e-01,1.000000e+00,1.000000e+00,48/141,31.89%,NUP98;CCNT2;SGIP1;CDK9;GTF2A1;VTA1;NELFA;NUP155;CHMP5;TAF6;GTF2H4;NMT1;SEH1L;TAF5;GTF2F1;NUP85;NUP54;NUP153;POLR2H;NUP62;TAF15;ELOC;TAF13;POLR2D;TAF4;GTF2B;SUPT16H;RANBP2;CHMP6;NUP35;VPS37A;PPIA;VPS28;SSRP1;VPS4A;MNAT1;CHMP4B;TAF1L;NUP214;VPS37B;XRCC6;AAAS;NUP58;TBP;ERCC3;NUP43;RPS27A;RANBP1
prerank,Regulation Of BACH1 Activity R-HSA-9708530,-3.098490e-01,-7.725058e-01,7.486438e-01,1.000000e+00,1.000000e+00,8/10,43.16%,FBXL17;CUL1;RPS27A;UBB;SKP1;MAFK;SKP2;UBC
prerank,Cargo Recognition For Clathrin-Mediated Endocytosis R-HSA-8856825,-1.868089e-01,-7.723875e-01,9.021084e-01,1.000000e+00,1.000000e+00,23/91,23.42%,GRK3;SYT12;SH3GL1;GRK2;SGIP1;SH3GL2;NLRP3;SNAP91;EPN1;CLTA;REPS1;FCHO2;ITSN1;SLC2A8;FZD4;UBQLN1;GRB2;DVL2;CHRM2;ARRB2;FCHO1;AP2A2;CLTB
prerank,Downregulation Of ERBB2:ERBB3 Signaling R-HSA-1358803,-2.873998e-01,-7.710372e-01,7.636364e-01,1.000000e+00,1.000000e+00,4/13,17.48%,AKT1;AKT3;RNF41;AKT2
prerank,MAP3K8 (TPL2)-dependent MAPK1/3 Activation R-HSA-5684264,-2.733494e-01,-7.708917e-01,7.912281e-01,1.000000e+00,1.000000e+00,8/15,36.36%,CUL1;IKBKG;NFKB1;FBXW11;RPS27A;MAP2K1;UBB;SKP1
prerank,IRAK2 Mediated Activation Of TAK1 Complex Upon TLR7/8 Or 9 Stimulation R-HSA-975163,-2.740299e-01,-7.702567e-01,7.847222e-01,1.000000e+00,1.000000e+00,4/14,19.14%,TICAM1;TRAF6;LY96;TAB3
prerank,Signaling By Erythropoietin R-HSA-9006335,2.346590e-01,7.698227e-01,8.138425e-01,9.866202e-01,1.000000e+00,5/22,14.95%,PLCG2;NRAS;VAV1;STAT5A;SHC1
prerank,Toll Like Receptor 4 (TLR4) Cascade R-HSA-166016,-1.768314e-01,-7.697802e-01,9.129794e-01,1.000000e+00,1.000000e+00,29/119,22.09%,MEF2C;RPS6KA3;MAPK10;TICAM1;DUSP7;SARM1;PELI3;ECSIT;TRAF3;MEF2A;IRF3;PTPN4;DNM1;TRAF6;CUL1;LRRC14;SAA2;LY96;MAPK8;IKBKG;MAPK14;DUSP4;TAB3;NLRX1;VRK3;PPP2R5D;GDNF;CREB1;N4BP1
prerank,Elevation Of Cytosolic Ca2+ Levels R-HSA-139853,2.750907e-01,7.687061e-01,7.780374e-01,9.863578e-01,1.000000e+00,2/12,5.94%,ORAI1;P2RX3
prerank,Downstream Signaling Events Of B Cell Receptor (BCR) R-HSA-1168372,1.742394e-01,7.685272e-01,8.932584e-01,9.847933e-01,1.000000e+00,19/75,24.86%,NFATC1;PSMB10;SEM1;RASGRP3;UBA52;PSMB1;PSME1;PSMB9;PSMD10;NRAS;PSMB2;PSME2;PSMD5;PSMA3;FKBP1A;PSMB4;PSMA7;HRAS;PSMD8
prerank,MyD88:MAL(TIRAP) Cascade Initiated On Plasma Membrane R-HSA-166058,-1.815404e-01,-7.683992e-01,9.077156e-01,1.000000e+00,1.000000e+00,23/97,22.09%,MEF2C;RPS6KA3;MAPK10;DUSP7;PELI3;ECSIT;MEF2A;TRAF6;CUL1;LRRC14;SAA2;LY96;MAPK8;IKBKG;MAPK14;DUSP4;TAB3;NLRX1;VRK3;PPP2R5D;GDNF;CREB1;N4BP1
prerank,Inhibition Of DNA Recombination At Telomere R-HSA-9670095,2.397557e-01,7.669001e-01,8.045977e-01,9.853450e-01,1.000000e+00,6/20,20.00%,POLR2L;POLR2A;POLR2I;POLR2J;POLR2G;POLR2F
prerank,APC/C:Cdc20 Mediated Degradation Of Mitotic Proteins R-HSA-176409,1.759304e-01,7.656629e-01,9.189944e-01,9.854389e-01,1.000000e+00,16/69,21.51%,BUB3;PSMB10;SEM1;UBA52;PSMB1;PSME1;PSMB9;PSMD10;PSMB2;UBE2S;PSME2;PSMD5;CDC27;CDC16;PSMA3;PSMB4
prerank,Assembly Of Pre-Replicative Complex R-HSA-68867,1.703815e-01,7.651815e-01,9.423631e-01,9.842688e-01,1.000000e+00,21/80,24.86%,PSMB10;SEM1;KPNB1;UBA52;PSMB1;CDT1;PSME1;PSMB9;PSMD10;PSMB2;UBE2S;PSME2;MCM5;PSMD5;CDC27;CDC16;PSMA3;PSMB4;GMNN;PSMA7;PSMD8
prerank,Signaling To ERKs R-HSA-187687,2.143500e-01,7.651783e-01,8.434066e-01,9.824461e-01,1.000000e+00,6/31,14.95%,RALA;MAPKAPK3;MAPKAPK2;MAPK3;NRAS;SHC1
prerank,Negative Regulation Of NOTCH4 Signaling R-HSA-9604323,1.892579e-01,7.633638e-01,9.005376e-01,9.831460e-01,1.000000e+00,16/53,27.90%,PSMB10;SEM1;UBA52;PSMB1;PSME1;PSMB9;PSMD10;PSMB2;PSME2;PSMD5;PSMA3;PSMB4;PSMA7;PSMD8;PSMB8;PSMC1
prerank,ER To Golgi Anterograde Transport R-HSA-199977,-1.738637e-01,-7.618316e-01,9.426112e-01,1.000000e+00,1.000000e+00,20/126,17.19%,GOSR1;COG2;SEC16A;SPTBN5;ANK1;SPTBN4;COG3;STX5;PPP6R1;SPTAN1;ARFGAP1;COPA;COL7A1;SEC24D;CNIH3;SPTB;CNIH1;ARF3;NAPG;F8
prerank,FCERI Mediated NF-kB Activation R-HSA-2871837,1.750752e-01,7.607130e-01,9.245810e-01,9.851341e-01,1.000000e+00,18/73,24.86%,PSMB10;SEM1;UBA52;PSMB1;PSME1;PSMB9;PSMD10;PSMB2;PSME2;TAB2;PSMD5;RASGRP4;PSMA3;PSMB4;RASGRP2;PSMA7;UBE2N;PSMD8
prerank,Signaling By ROBO Receptors R-HSA-376176,-1.641353e-01,-7.586198e-01,9.643799e-01,1.000000e+00,1.000000e+00,65/199,32.02%,NCK2;RPL15;LDB2;ARHGAP39;PRKCA;SLIT2;FLRT3;PSMA1;RPL28;PSMD11;LHX2;RSL24D1;NELL2;PSMD14;PPP3CB;RPL9;ABL2;RPS7;RPS21;RPL26;EVL;PFN2;RPSA;RPL38;RPS25;RPS4Y1;RPL10L;ELOC;GSPT1;RPS3;MAGOHB;UPF3A;RPS13;RPS29;RPL14;PSMD6;AKAP5;RPL13A;RPL18A;PSMA6;RPL22;DCC;RPL35A;MAGOH;RPL4;RPS9;RNPS1;UPF2;RPL3;RPLP0;RPL37A;RPL21;RPL31;RPS5;RPL23A;PSMD2;PRKACB;PSMC4;RPL27;SRGAP2;RPS27A;RPS24;RPL7A;RPS3A;RPL7
prerank,Translesion Synthesis By POLK R-HSA-5655862,2.519607e-01,7.583396e-01,7.955056e-01,9.866318e-01,1.000000e+00,2/17,6.56%,SLC19A1;UBA52
prerank,CDK-mediated Phosphorylation And Removal Of Cdc6 R-HSA-69017,1.755639e-01,7.574652e-01,9.226361e-01,9.859367e-01,1.000000e+00,15/68,21.51%,PSMB10;SEM1;UBA52;PSMB1;PSME1;PSMB9;PSMD10;PSMB2;UBE2S;PSME2;PSMD5;CDC27;CDC16;PSMA3;PSMB4
prerank,Mitotic Spindle Checkpoint R-HSA-69618,-1.835662e-01,-7.560312e-01,9.073529e-01,1.000000e+00,1.000000e+00,26/90,28.79%,CLIP1;ANAPC4;NUP98;ITGB3BP;MAD2L1;DSN1;ZWILCH;PPP2R5E;SEH1L;PLK1;CENPT;NUP85;UBE2C;KNTC1;ANAPC7;NUDC;PPP2R5D;MAD1L1;B9D2;RANBP2;ANAPC15;CDC23;KIF2C;ANAPC1;CKAP5;INCENP
prerank,Translesion Synthesis By REV1 R-HSA-110312,2.558283e-01,7.547935e-01,8.043956e-01,9.877257e-01,1.000000e+00,2/16,6.56%,SLC19A1;UBA52
prerank,Assembly Of Active LPL And LIPC Lipase Complexes R-HSA-8963889,2.647447e-01,7.530197e-01,8.104265e-01,9.884117e-01,1.000000e+00,2/13,8.88%,ANGPTL4;LPL
prerank,Striated Muscle Contraction R-HSA-390522,-2.404273e-01,-7.521653e-01,8.277027e-01,1.000000e+00,1.000000e+00,6/24,18.50%,TNNC2;TMOD2;TNNT2;TMOD1;TPM1;MYH3
prerank,Gap-filling DNA Repair Synthesis And Ligation In TC-NER R-HSA-6782210,1.806738e-01,7.520070e-01,9.203297e-01,9.879919e-01,1.000000e+00,13/60,20.73%,SLC19A1;UBA52;GTF2H3;POLR2L;POLR2A;POLE2;POLR2I;POLR2J;TCEA1;POLR2G;LRIG1;POLR2F;POLD4
prerank,Translesion Synthesis By POLI R-HSA-5656121,2.500256e-01,7.503851e-01,8.087912e-01,9.883693e-01,1.000000e+00,2/17,6.56%,SLC19A1;UBA52
prerank,Hedgehog On State R-HSA-5632684,-1.868317e-01,-7.496108e-01,9.116719e-01,1.000000e+00,1.000000e+00,11/76,13.38%,CUL3;NUMB;GRK2;ULK3;PSMA1;EFCAB7;PSMD11;DZIP1;IQCE;GPR161;PSMD14
prerank,Peptide Hormone Metabolism R-HSA-2980736,-1.949859e-01,-7.491378e-01,8.798701e-01,1.000000e+00,1.000000e+00,4/61,2.73%,KIF5A;KIF5C;CHGA;PCSK1
prerank,Protein Folding R-HSA-391251,1.684990e-01,7.489468e-01,9.456193e-01,9.884356e-01,1.000000e+00,18/88,21.12%,TUBB2B;TUBB3;CCT6B;GNG8;GNG4;CCT5;TUBA1C;TBCB;GNG12;TBCA;TUBB4B;TUBB4A;VBP1;GNG7;TUBB6;PDCL;PFDN2;PFDN5
prerank,Caspase Activation Via Extrinsic Apoptotic Signaling Pathway R-HSA-5357769,-2.385522e-01,-7.482260e-01,8.109966e-01,1.000000e+00,1.000000e+00,6/24,17.89%,TICAM1;DAPK3;UNC5A;DAPK1;LY96;TRADD
prerank,Integration Of Provirus R-HSA-162592,-3.026803e-01,-7.472934e-01,7.955801e-01,1.000000e+00,1.000000e+00,3/10,29.62%,SGIP1;PPIA;XRCC6
prerank,Cytoprotection By HMOX1 R-HSA-9707564,-2.002223e-01,-7.472162e-01,8.808777e-01,1.000000e+00,1.000000e+00,11/54,19.17%,NCOR2;NCOR1;NLRP3;COX19;HDAC3;LIN9;NCOA6;CREBBP;ABCC1;NCOA1;CARM1
prerank,ADP Signaling Thru P2Y Purinoceptor 1 R-HSA-418592,2.257101e-01,7.441192e-01,8.425000e-01,9.929563e-01,1.000000e+00,8/23,27.85%,GNG8;GNG4;P2RY1;GNG12;GNG7;GNG11;GNB2;GNG10
prerank,Separation Of Sister Chromatids R-HSA-2467813,-1.670537e-01,-7.439839e-01,9.451477e-01,1.000000e+00,1.000000e+00,21/148,16.43%,PDS5B;CLIP1;PTTG1;ANAPC4;HDAC8;NUP98;PSMA1;ITGB3BP;MAD2L1;DSN1;PSMD11;ZWILCH;SMC1A;PPP2R5E;PSMD14;SEH1L;PLK1;CENPT;NUP85;UBE2C;KNTC1
prerank,Orc1 Removal From Chromatin R-HSA-68949,1.763780e-01,7.428318e-01,9.232877e-01,9.927369e-01,1.000000e+00,14/64,21.51%,PSMB10;SEM1;UBA52;PSMB1;CDT1;PSME1;PSMB9;PSMD10;PSMB2;PSME2;MCM5;PSMD5;PSMA3;PSMB4
prerank,Pre-NOTCH Transcription And Translation R-HSA-1912408,-2.321681e-01,-7.426708e-01,8.226351e-01,1.000000e+00,1.000000e+00,7/28,16.33%,AGO1;PRKCI;MAML1;SNW1;EP300;CREBBP;TNRC6C
prerank,Assembly Of HIV Virion R-HSA-175474,-2.597070e-01,-7.425723e-01,8.181818e-01,1.000000e+00,1.000000e+00,8/17,35.71%,SGIP1;VPS37A;PPIA;VPS28;VPS37B;RPS27A;UBB;FURIN
prerank,Regulation Of APC/C Activators Between G1/S And Early Anaphase R-HSA-176408,1.687857e-01,7.412845e-01,9.237537e-01,9.928329e-01,1.000000e+00,16/74,21.51%,BUB3;PSMB10;SEM1;UBA52;PSMB1;PSME1;PSMB9;PSMD10;PSMB2;UBE2S;PSME2;PSMD5;CDC27;CDC16;PSMA3;PSMB4
prerank,HIV Infection R-HSA-162906,1.420316e-01,7.404450e-01,9.880952e-01,9.920844e-01,1.000000e+00,43/214,22.59%,NUP37;CXCR4;GTF2F2;PSMB10;SEM1;NCBP2;KPNB1;UBA52;GTF2H3;POLR2L;POLR2A;PSMB1;NELFE;PSME1;RNASE1;PSMB9;PSMD10;TAF10;RCC1;CD4;AP2B1;PSMB2;XRCC4;PSME2;CD247;POLR2I;POLR2J;TCEA1;POLR2G;CCR5;NUP93;CD8B;LRIG1;HCK;PSMD5;POLR2F;RNMT;ELOB;PSMA3;PSMB4;B2M;FYN;NUP188
prerank,mTORC1-mediated Signaling R-HSA-166208,2.185489e-01,7.384441e-01,8.648019e-01,9.928261e-01,1.000000e+00,8/24,26.03%,LAMTOR1;LAMTOR4;EIF4EBP1;LAMTOR2;RRAGB;FKBP1A;MTOR;RRAGC
prerank,"TICAM1,TRAF6-dependent Induction Of TAK1 Complex R-HSA-9014325",2.721949e-01,7.383708e-01,8.153846e-01,9.911127e-01,1.000000e+00,2/11,6.56%,TLR3;UBA52
prerank,CLEC7A (Dectin-1) Induces NFAT Activation R-HSA-5607763,-3.016523e-01,-7.376007e-01,8.357143e-01,1.000000e+00,1.000000e+00,4/10,20.69%,ITPR1;PPP3CA;PPP3CB;NFATC3
prerank,Negative Regulation Of MAPK Pathway R-HSA-5675221,-2.120443e-01,-7.375588e-01,8.606272e-01,1.000000e+00,1.000000e+00,19/39,35.19%,DUSP8;DUSP7;PPP2R5E;MARK3;DUSP12;DUSP2;DUSP4;PPP2R5D;MAPK12;DUSP6;RPS27A;PAQR3;KSR1;BRAF;PPP5C;MAP2K1;UBB;DUSP5;PPP2R1A
prerank,TNF Signaling R-HSA-75893,1.925430e-01,7.368275e-01,9.026128e-01,9.911777e-01,1.000000e+00,12/42,25.89%,TNFRSF1A;CYLD;UBA52;SHARPIN;CFLAR;TAB2;BIRC3;BIRC2;OTUD7B;TAX1BP1;XIAP;CASP8
prerank,COPI-dependent Golgi-to-ER Retrograde Traffic R-HSA-6811434,-1.855058e-01,-7.361256e-01,9.212219e-01,1.000000e+00,1.000000e+00,14/69,22.48%,KIF5A;KIF5C;KIFC2;KIF15;ARFGAP1;COPA;KLC4;ARF3;NAPG;KIF27;ARF5;KIF3B;PTGES2;RINT1
prerank,Golgi-to-ER Retrograde Transport R-HSA-8856688,1.596565e-01,7.355455e-01,9.792285e-01,9.909772e-01,1.000000e+00,29/102,27.68%,KIF2A;SEC22B;DYNC1I2;KLC1;COPG2;CAPZA1;KDELR1;ARF4;CAPZB;COPZ1;TMED7;KDELR2;TMED3;KIF6;COPE;RAB18;KIF13B;RAB6A;ACTR1A;KIF20A;DYNC1LI2;TMED2;COPZ2;RAB1B;KIF19;NAPSA;GALNT2;DCTN5;PLA2G6
prerank,Formation Of ATP By Chemiosmotic Coupling R-HSA-163210,2.527691e-01,7.352596e-01,8.268793e-01,9.895610e-01,1.000000e+00,14/14,74.75%,ATP5ME;ATP5PB;ATP5MC1;ATP5F1D;ATP5MC2;ATP5PO;ATP5F1C;ATP5MF;ATP5MC3;ATP5PD;ATP5MG;ATP5PF;ATP5F1A;ATP5F1B
prerank,Keratan Sulfate Biosynthesis R-HSA-2022854,-2.349059e-01,-7.349637e-01,8.527919e-01,1.000000e+00,1.000000e+00,4/23,13.56%,ST3GAL6;ST3GAL2;B3GNT4;ST3GAL1
prerank,APC/C:Cdc20 Mediated Degradation Of Securin R-HSA-174154,1.703110e-01,7.320307e-01,9.289617e-01,9.915169e-01,1.000000e+00,15/65,21.51%,PSMB10;SEM1;UBA52;PSMB1;PSME1;PSMB9;PSMD10;PSMB2;UBE2S;PSME2;PSMD5;CDC27;CDC16;PSMA3;PSMB4
prerank,Cyclin D Associated Events In G1 R-HSA-69231,1.889407e-01,7.318564e-01,9.213198e-01,9.899619e-01,1.000000e+00,10/43,24.55%,RB1;TFDP2;UBA52;PPP2R3B;CDKN1C;CDKN1A;CDK6;CDK4;CDKN2D;CKS1B
prerank,DNA Replication R-HSA-69306,1.545247e-01,7.305904e-01,9.752322e-01,9.897013e-01,1.000000e+00,30/116,25.10%,SLC19A1;PSMB10;SEM1;KPNB1;UBA52;PSMB1;CDT1;GINS2;GINS3;PSME1;PSMB9;PSMD10;POLE2;PSMB2;UBE2S;PSME2;RPA4;MCM5;LRIG1;PSMD5;POLD4;CDC27;CDC16;PSMA3;PSMB4;POLA1;GMNN;PSMA7;PSMD8;PRIM2
prerank,ERCC6 (CSB) And EHMT2 (G9a) Positively Regulate rRNA Expression R-HSA-427389,-2.554100e-01,-7.299330e-01,8.324324e-01,1.000000e+00,1.000000e+00,1/16,0.82%,RBBP4
prerank,Regulation Of Signaling By CBL R-HSA-912631,-2.530690e-01,-7.298613e-01,8.117647e-01,1.000000e+00,1.000000e+00,3/17,9.71%,PIK3R1;PIK3R2;CLSTN1
prerank,Insertion Of Tail-Anchored Proteins Into Endoplasmic Reticulum Membrane R-HSA-9609523,-2.387948e-01,-7.290375e-01,8.387650e-01,1.000000e+00,1.000000e+00,5/20,19.46%,VAPA;STX5;BAG6;UBL4A;STX1A
prerank,Inactivation Of APC/C Via Direct Inhibition Of APC/C Complex R-HSA-141430,-2.399834e-01,-7.279067e-01,8.419301e-01,1.000000e+00,1.000000e+00,8/20,31.05%,ANAPC4;MAD2L1;UBE2C;ANAPC7;ANAPC15;CDC23;ANAPC1;ANAPC11
prerank,PI3K/AKT Signaling In Cancer R-HSA-2219528,-1.810622e-01,-7.276964e-01,9.303406e-01,1.000000e+00,1.000000e+00,15/80,17.48%,FGF17;PIK3R1;FGF9;NRG3;PIK3R2;IRS1;CLSTN1;GSK3B;AKT1;AKT3;NRG4;FGF18;NR4A1;GRB2;AKT2
prerank,TRAF6 Mediated IRF7 Activation R-HSA-933541,2.563920e-01,7.260344e-01,8.145540e-01,9.932771e-01,1.000000e+00,3/13,12.87%,RNF135;IRF7;IFIH1
prerank,DNA Replication Pre-Initiation R-HSA-69002,1.577800e-01,7.256020e-01,9.528024e-01,9.919854e-01,1.000000e+00,25/93,25.10%,PSMB10;SEM1;KPNB1;UBA52;PSMB1;CDT1;PSME1;PSMB9;PSMD10;POLE2;PSMB2;UBE2S;PSME2;RPA4;MCM5;PSMD5;CDC27;CDC16;PSMA3;PSMB4;POLA1;GMNN;PSMA7;PSMD8;PRIM2
prerank,Activation Of APC/C And APC/C:Cdc20 Mediated Degradation Of Mitotic Proteins R-HSA-176814,1.666712e-01,7.241376e-01,9.683908e-01,9.918361e-01,1.000000e+00,16/70,21.51%,BUB3;PSMB10;SEM1;UBA52;PSMB1;PSME1;PSMB9;PSMD10;PSMB2;UBE2S;PSME2;PSMD5;CDC27;CDC16;PSMA3;PSMB4
prerank,APC Truncation Mutants Have Impaired AXIN Binding R-HSA-5467337,-2.710430e-01,-7.239361e-01,8.302920e-01,1.000000e+00,1.000000e+00,6/13,37.03%,GSK3B;PPP2R5E;PPP2R5D;AMER1;PPP2R1A;PPP2R5C
prerank,trans-Golgi Network Vesicle Budding R-HSA-199992,1.691482e-01,7.232785e-01,9.530387e-01,9.910247e-01,1.000000e+00,14/69,19.40%,VAMP8;DTNBP1;SNX2;PIK3C2A;AP3B1;FTL;YIPF6;CLINT1;HIP1R;ARRB1;SH3D19;VAMP2;DNM2;TPD52
prerank,IL-6-type Cytokine Receptor Ligand Interactions R-HSA-6788467,2.648439e-01,7.230636e-01,8.494382e-01,9.895414e-01,1.000000e+00,2/12,13.20%,LIFR;CTF1
prerank,COPI-independent Golgi-to-ER Retrograde Traffic R-HSA-6811436,1.978838e-01,7.226877e-01,8.951407e-01,9.882002e-01,1.000000e+00,10/33,27.68%,DYNC1I2;CAPZA1;CAPZB;RAB18;RAB6A;ACTR1A;DYNC1LI2;GALNT2;DCTN5;PLA2G6
prerank,PERK Regulates Gene Expression R-HSA-381042,2.074513e-01,7.221781e-01,8.921053e-01,9.871024e-01,1.000000e+00,7/29,17.46%,EXOSC7;HSPA5;DDIT3;ATF6;EIF2AK3;ATF3;PARN
prerank,SHC1 Events In ERBB4 Signaling R-HSA-1250347,-2.782529e-01,-7.220527e-01,8.327402e-01,1.000000e+00,1.000000e+00,3/12,16.84%,NRG3;NRG4;GRB2
prerank,Estrogen-dependent Nuclear Events Downstream Of ESR-membrane Signaling R-HSA-9634638,-2.537948e-01,-7.219855e-01,8.584559e-01,1.000000e+00,1.000000e+00,6/18,21.74%,AKT1;SRF;AKT3;AKT2;CDKN1B;CREB1
prerank,Cellular Response To Heat Stress R-HSA-3371556,1.612374e-01,7.214271e-01,9.770115e-01,9.861685e-01,1.000000e+00,25/90,25.39%,BAG3;NUP37;HSBP1;HSPA9;HSPH1;MAPKAPK2;HSPA5;MAPK3;HSPA13;BAG2;HSPA4;DNAJB1;FKBP4;CAMK2D;NUP93;HSPA6;SERPINH1;BAG1;NUP188;ATM;HSPA2;EEF1A1;TNFRSF21;HSPA1A;MTOR
prerank,Unattached Kinetochores Signal Amplification Via A MAD2 Inhibitory Signal R-HSA-141444,-1.812252e-01,-7.211901e-01,9.165402e-01,1.000000e+00,1.000000e+00,12/73,16.43%,CLIP1;NUP98;ITGB3BP;MAD2L1;DSN1;ZWILCH;PPP2R5E;SEH1L;PLK1;CENPT;NUP85;KNTC1
prerank,TRAF6 Mediated NF-kB Activation R-HSA-933542,2.230649e-01,7.208975e-01,8.657074e-01,9.849916e-01,1.000000e+00,5/22,21.97%,RNF135;S100B;IFIH1;MAP3K1;TRIM25
prerank,CD28 Co-Stimulation R-HSA-389356,2.046550e-01,7.185067e-01,9.204819e-01,9.856352e-01,1.000000e+00,7/27,18.29%,PKN1;PRR5;CDC42;RNASE1;VAV1;YES1;MAPKAP1
prerank,Prolonged ERK Activation Events R-HSA-169893,-2.761665e-01,-7.175760e-01,8.625000e-01,1.000000e+00,1.000000e+00,1/12,6.21%,KIDINS220
prerank,Synthesis Of PA R-HSA-1483166,2.084643e-01,7.159604e-01,8.947368e-01,9.866619e-01,1.000000e+00,5/28,12.91%,AGPAT5;GPAM;GPD1;PLD6;PLA2G5
prerank,p75NTR Recruits Signaling Complexes R-HSA-209543,-2.781161e-01,-7.144105e-01,8.372943e-01,1.000000e+00,1.000000e+00,6/11,34.59%,PRKCI;TRAF6;SQSTM1;RPS27A;IRAK1;UBB
prerank,ATF4 Activates Genes In Response To Endoplasmic Reticulum Stress R-HSA-380994,-2.272497e-01,-7.136083e-01,8.566667e-01,1.000000e+00,1.000000e+00,9/24,28.02%,DIS3;NFYC;EXOSC2;CEBPB;NFYA;ATF4;EXOSC5;NFYB;EXOSC9
prerank,Recognition Of DNA Damage By PCNA-containing Replication Complex R-HSA-110314,-2.173713e-01,-7.128073e-01,8.907563e-01,1.000000e+00,1.000000e+00,7/28,20.40%,RFC5;POLE3;RFC2;USP1;RFC4;POLD3;RAD18
prerank,Signaling By ALK Fusions And Activated Point Mutants R-HSA-9725370,-1.927926e-01,-7.125026e-01,9.113924e-01,1.000000e+00,1.000000e+00,9/54,16.98%,BCL11A;PIK3R1;IRS1;LMO7;GCC2;CEBPB;CUL1;GRB2;PPM1B
prerank,Platelet Sensitization By LDL R-HSA-432142,2.442045e-01,7.115215e-01,8.480726e-01,9.893102e-01,1.000000e+00,3/15,11.83%,PTPN11;PECAM1;PPP2R5A
prerank,"Inactivation, Recovery And Regulation Of Phototransduction Cascade R-HSA-2514859",-2.333066e-01,-7.105848e-01,8.802698e-01,1.000000e+00,1.000000e+00,7/20,24.50%,PRKCA;NMT1;GRK4;GUCA1B;GNB5;METAP1;GNB1
prerank,Oncogene Induced Senescence R-HSA-2559585,2.035363e-01,7.099786e-01,8.905473e-01,9.891124e-01,1.000000e+00,8/29,24.32%,RB1;TFDP2;UBA52;MAPK3;MOV10;CDK6;CDK4;CDKN2D
prerank,SARS-CoV-2 Targets Host Intracellular Signaling And Regulatory Pathways R-HSA-9755779,-2.735568e-01,-7.098086e-01,8.589744e-01,1.000000e+00,1.000000e+00,4/12,25.60%,AKT1;AKT3;AKT2;PDPK1
prerank,Surfactant Metabolism R-HSA-5683826,2.266989e-01,7.073911e-01,8.805621e-01,9.899650e-01,1.000000e+00,12/18,40.60%,CTSH;ADA2;LMCD1;CSF2RA;NAPSA;SFTPC;ADGRF5;SFTPD;ADORA2B;DMBT1;ADRA2C;CKAP4
prerank,Regulation Of RAS By GAPs R-HSA-5658442,-1.827146e-01,-7.071368e-01,9.284553e-01,1.000000e+00,1.000000e+00,11/62,18.86%,CUL3;RASA3;SPRED2;RASAL2;PSMA1;PSMD11;PSMD14;KBTBD7;RASA2;DAB2IP;SYNGAP1
prerank,Synthesis Of Active Ubiquitin: Roles Of E1 And E2 Enzymes R-HSA-8866652,1.968649e-01,7.063175e-01,8.830846e-01,9.893391e-01,1.000000e+00,5/29,16.77%,UBA52;UBE2A;UCHL3;UBE2S;USP9X
prerank,MECP2 Regulates Neuronal Receptors And Channels R-HSA-9022699,2.268654e-01,7.046621e-01,8.891509e-01,9.891721e-01,1.000000e+00,3/18,11.02%,OPRM1;OPRK1;HDAC1
prerank,HIV Transcription Initiation R-HSA-167161,1.791784e-01,7.037756e-01,9.414758e-01,9.882151e-01,1.000000e+00,9/44,20.00%,GTF2F2;GTF2H3;POLR2L;POLR2A;TAF10;POLR2I;POLR2J;POLR2G;POLR2F
prerank,"Transport Of Vitamins, Nucleosides, And Related Molecules R-HSA-425397",-2.033322e-01,-7.032988e-01,9.067797e-01,1.000000e+00,1.000000e+00,10/35,23.86%,SLC35A1;SLC29A1;NLRP3;SLCO4A1;SLC35B3;SLC25A5;SLCO2A1;LCN15;SLC25A6;SLC25A4
prerank,mRNA Decay By 5 To 3 Exoribonuclease R-HSA-430039,-2.564023e-01,-7.022482e-01,8.515901e-01,1.000000e+00,1.000000e+00,3/15,16.89%,DCP1A;DCP1B;EDC3
prerank,Autophagy R-HSA-9612973,-1.636757e-01,-7.006498e-01,9.737991e-01,1.000000e+00,1.000000e+00,41/121,32.32%,PCNT;ATG14;ATG16L1;RPTOR;GABARAPL1;ATG10;ULK1;UVRAG;ATG5;RB1CC1;ATG13;ATG4D;WIPI2;PIK3R4;PRKAB2;ATG9A;PEX5;PRKN;USP30;PGAM5;SQSTM1;CHMP6;PARK7;MLST8;PRKAB1;VPS37A;VPS28;ATG7;MAP1LC3B;MTMR14;CHMP4B;VPS37B;HDAC6;BECN1;CSNK2A2;LAMTOR3;ATG4B;PRKAA2;RPS27A;TOMM20;HSF1
prerank,Regulation Of RUNX2 Expression And Activity R-HSA-8939902,1.639571e-01,7.003634e-01,9.719101e-01,9.896633e-01,1.000000e+00,19/66,27.90%,PSMB10;SEM1;UBA52;CBFB;PSMB1;PSME1;PSMB9;PSMD10;PSMB2;PSME2;PSMD5;WWP1;PSMA3;PSMB4;PSMA7;PSMD8;BMP2;PSMB8;PSMC1
prerank,Viral Messenger RNA Synthesis R-HSA-168325,1.784582e-01,6.995935e-01,9.620596e-01,9.886535e-01,1.000000e+00,11/44,23.21%,NUP37;GTF2F2;POLR2L;POLR2A;POLR2I;POLR2J;POLR2G;NUP93;POLR2F;NUP188;PBRM1
prerank,Diseases Associated With N-glycosylation Of Proteins R-HSA-3781860,-2.309954e-01,-6.995880e-01,8.794326e-01,1.000000e+00,1.000000e+00,8/20,25.73%,ALG13;ALG6;RFT1;CTSA;MOGAT2;MOGS;EGFL7;DPAGT1
prerank,Metabolism Of Nitric Oxide: NOS3 Activation And Regulation R-HSA-202131,2.438690e-01,6.978640e-01,8.507109e-01,9.884190e-01,1.000000e+00,4/14,19.15%,DDAH2;DDAH1;NOSTRIN;DNM2
prerank,Cargo Concentration In ER R-HSA-5694530,2.028048e-01,6.964195e-01,9.186603e-01,9.880180e-01,1.000000e+00,4/29,9.45%,SERPINA1;SEC22B;FOLR2;CFAP73
prerank,Chaperonin-mediated Protein Folding R-HSA-390466,1.574346e-01,6.961415e-01,9.766764e-01,9.865367e-01,1.000000e+00,16/82,21.12%,TUBB2B;TUBB3;CCT6B;GNG8;GNG4;CCT5;TUBA1C;GNG12;TUBB4B;TUBB4A;VBP1;GNG7;TUBB6;PDCL;PFDN2;PFDN5
prerank,GRB2 Events In ERBB2 Signaling R-HSA-1963640,-2.639037e-01,-6.942991e-01,8.442478e-01,1.000000e+00,1.000000e+00,3/13,16.84%,NRG3;NRG4;GRB2
prerank,Formation Of TC-NER Pre-Incision Complex R-HSA-6781823,1.711424e-01,6.931938e-01,9.661458e-01,9.873130e-01,1.000000e+00,9/49,20.00%,UBA52;GTF2H3;POLR2L;POLR2A;POLR2I;POLR2J;TCEA1;POLR2G;POLR2F
prerank,ALK Mutants Bind TKIs R-HSA-9700645,-2.662900e-01,-6.931275e-01,8.540541e-01,1.000000e+00,1.000000e+00,1/12,0.43%,BCL11A
prerank,Mitotic G1 Phase And G1/S Transition R-HSA-453279,-1.572260e-01,-6.907634e-01,9.780059e-01,1.000000e+00,1.000000e+00,23/133,18.72%,RBBP4;ORC4;PRIM1;PSMA1;CCND2;E2F6;LIN52;POLE3;PSMD11;AKT1;MCM6;MCM4;PSMD14;AKT3;LIN9;MCM8;JAK2;CUL1;MYC;CDC7;AKT2;CDC6;LIN54
prerank,APC/C:Cdc20 Mediated Degradation Of Cyclin B R-HSA-174048,-2.213977e-01,-6.903381e-01,8.888889e-01,1.000000e+00,1.000000e+00,13/23,40.01%,ANAPC4;UBE2C;ANAPC7;ANAPC15;CDC23;ANAPC1;ANAPC11;RPS27A;UBB;ANAPC2;ANAPC5;UBE2D1;CDC20
prerank,Late Endosomal Microautophagy R-HSA-9615710,1.964314e-01,6.903063e-01,9.429280e-01,9.880025e-01,1.000000e+00,4/28,12.33%,UBA52;RNASE1;PLIN3;IFT88
prerank,TP53 Regulates Metabolic Genes R-HSA-5628897,-1.723234e-01,-6.902216e-01,9.619048e-01,1.000000e+00,1.000000e+00,18/76,27.79%,GLS2;AGO1;TIGAR;RPTOR;COX19;AKT1;SESN1;AKT3;TNRC6C;AKT2;UBL4A;GNPDA1;PRKAB2;AGO4;LRPPRC;MLST8;PRKAB1;COX5A
prerank,ERBB2 Activates PTK6 Signaling R-HSA-8847993,-2.818161e-01,-6.896157e-01,8.724954e-01,1.000000e+00,1.000000e+00,2/10,13.48%,NRG3;NRG4
prerank,Tie2 Signaling R-HSA-210993,-2.440006e-01,-6.893636e-01,8.846787e-01,1.000000e+00,1.000000e+00,2/16,7.81%,PIK3R1;PIK3R2
prerank,RNA Polymerase II Pre-transcription Events R-HSA-674695,-1.723180e-01,-6.891925e-01,9.643963e-01,1.000000e+00,1.000000e+00,19/76,24.54%,LEO1;CCNT2;CDK9;GTF2A1;NELFA;TAF6;GTF2H4;TAF5;GTF2F1;DMAP1;POLR2H;TAF15;ELOC;TAF13;POLR2D;TAF4;GTF2B;SUPT16H;RTF1
prerank,CTNNB1 S33 Mutants Not Phosphorylated R-HSA-5358747,-2.530672e-01,-6.890956e-01,8.579439e-01,1.000000e+00,1.000000e+00,3/14,20.75%,GSK3B;PPP2R5E;PPP2R5D
prerank,Mitotic Anaphase R-HSA-68882,1.352397e-01,6.890321e-01,1.000000e+00,9.873843e-01,1.000000e+00,47/203,25.22%,TUBB2B;CENPM;NUP37;TUBB3;KIF2A;BUB3;PSMB10;LBR;SEM1;DYNC1I2;LMNA;KPNB1;UBA52;PSMB1;TUBA1C;PSME1;PSMB9;PPP2R5A;PSMD10;RCC1;PSMB2;CC2D1B;AURKB;TUBB4B;MAPRE1;UBE2S;PSME2;TUBB4A;NUP93;PSMD5;TUBB6;TAOK1;CDC27;CDC16;RAD21;PSMA3;CENPN;PSMB4;DYNC1LI2;ESPL1;NUP188;CENPQ;CLASP2;PSMA7;PSMD8;NDE1;XPO1
prerank,ISG15 Antiviral Mechanism R-HSA-1169408,-1.736219e-01,-6.889166e-01,9.548193e-01,1.000000e+00,1.000000e+00,13/69,18.41%,NUP98;KPNA5;EIF4A2;SGIP1;IRF3;NUP155;SEH1L;NUP85;EIF4G3;NUP54;NUP153;PPM1B;NUP62
prerank,G1/S Transition R-HSA-69206,-1.596724e-01,-6.887410e-01,9.759760e-01,1.000000e+00,1.000000e+00,21/118,18.72%,RBBP4;ORC4;PRIM1;PSMA1;E2F6;LIN52;POLE3;PSMD11;AKT1;MCM6;MCM4;PSMD14;AKT3;LIN9;MCM8;CUL1;MYC;CDC7;AKT2;CDC6;LIN54
prerank,Association Of TriC/CCT With Target Proteins During Biosynthesis R-HSA-390471,-1.998678e-01,-6.882482e-01,9.218750e-01,1.000000e+00,1.000000e+00,3/34,11.81%,FBXW7;FBXO4;HDAC3
prerank,Mitotic Metaphase And Anaphase R-HSA-2555396,1.338985e-01,6.865109e-01,1.000000e+00,9.877586e-01,1.000000e+00,47/204,25.22%,TUBB2B;CENPM;NUP37;TUBB3;KIF2A;BUB3;PSMB10;LBR;SEM1;DYNC1I2;LMNA;KPNB1;UBA52;PSMB1;TUBA1C;PSME1;PSMB9;PPP2R5A;PSMD10;RCC1;PSMB2;CC2D1B;AURKB;TUBB4B;MAPRE1;UBE2S;PSME2;TUBB4A;NUP93;PSMD5;TUBB6;TAOK1;CDC27;CDC16;RAD21;PSMA3;CENPN;PSMB4;DYNC1LI2;ESPL1;NUP188;CENPQ;CLASP2;PSMA7;PSMD8;NDE1;XPO1
prerank,Mitochondrial Translation Initiation R-HSA-5368286,-1.694409e-01,-6.841268e-01,9.715569e-01,1.000000e+00,1.000000e+00,17/82,23.29%,MRPS30;MRPL45;MRPL16;MRPL33;MRPS11;ERAL1;MRPS17;MRPS36;MRPL39;MRPS5;MRPL9;OXA1L;MTFMT;MRPS31;MRPL58;MRPS27;MRPS7
prerank,ABC Transporters In Lipid Homeostasis R-HSA-1369062,2.275579e-01,6.839941e-01,8.868778e-01,9.880877e-01,1.000000e+00,15/15,77.27%,ABCG8;ABCG1;PEX19;APOA1;ABCD3;ABCA5;ABCA2;ABCA7;ABCA10;ABCA9;ABCA6;PEX3;ABCD2;ABCA3;ABCG4
prerank,Constitutive Signaling By EGFRvIII R-HSA-5637810,-2.576108e-01,-6.837879e-01,8.519196e-01,1.000000e+00,1.000000e+00,1/13,1.62%,PIK3R1
prerank,Pyruvate Metabolism And Citric Acid (TCA) Cycle R-HSA-71406,1.737947e-01,6.820144e-01,9.694656e-01,9.881396e-01,1.000000e+00,12/51,21.63%,LDHD;SUCLG2;SLC16A1;PLPP6;RXRA;SLC16A3;SLC16A8;ADHFE1;IDH2;LDHAL6A;PDK4;LDHA
prerank,Conversion From APC/C:Cdc20 To APC/C:Cdh1 In Late Anaphase R-HSA-176407,-2.267747e-01,-6.812494e-01,8.969072e-01,1.000000e+00,1.000000e+00,11/20,40.01%,ANAPC4;UBE2C;ANAPC7;ANAPC15;CDC23;ANAPC1;ANAPC11;ANAPC2;ANAPC5;UBE2D1;CDC20
prerank,Synthesis Of DNA R-HSA-69239,1.447572e-01,6.796581e-01,9.877301e-01,9.883604e-01,1.000000e+00,28/110,25.10%,SLC19A1;PSMB10;SEM1;UBA52;PSMB1;CDT1;GINS2;GINS3;PSME1;PSMB9;PSMD10;POLE2;PSMB2;UBE2S;PSME2;MCM5;LRIG1;PSMD5;POLD4;CDC27;CDC16;PSMA3;PSMB4;POLA1;GMNN;PSMA7;PSMD8;PRIM2
prerank,Spry Regulation Of FGF Signaling R-HSA-1295596,-2.375165e-01,-6.778178e-01,8.780919e-01,1.000000e+00,1.000000e+00,3/16,16.84%,SPRY2;MKNK1;GRB2
prerank,Acyl Chain Remodelling Of PS R-HSA-1482801,2.502975e-01,6.776250e-01,8.770302e-01,9.882220e-01,1.000000e+00,4/12,21.45%,PLA2G5;PLA1A;MBOAT1;PLA2G12A
prerank,Josephin Domain DUBs R-HSA-5689877,-2.622541e-01,-6.756890e-01,8.725664e-01,1.000000e+00,1.000000e+00,1/11,1.80%,JOSD1
prerank,"TICAM1, RIP1-mediated IKK Complex Recruitment R-HSA-168927",2.191891e-01,6.752830e-01,9.042056e-01,9.882027e-01,1.000000e+00,5/17,24.49%,TLR3;UBA52;BIRC3;BIRC2;UBE2N
prerank,Glucagon-type Ligand Receptors R-HSA-420092,1.971795e-01,6.751132e-01,9.077670e-01,9.866837e-01,1.000000e+00,11/26,27.85%,GNG8;CPAMD8;GNG4;GNG12;ADCYAP1R1;GNG7;GHRHR;GIPR;GNG11;GNB2;GNG10
prerank,Triglyceride Biosynthesis R-HSA-75109,-2.664458e-01,-6.726758e-01,8.813264e-01,1.000000e+00,1.000000e+00,3/11,17.93%,GK;MOGAT1;MOGAT2
prerank,DNA Damage Bypass R-HSA-73893,1.706387e-01,6.716463e-01,9.595687e-01,9.874529e-01,1.000000e+00,15/45,30.76%,SLC19A1;ISG15;UBA52;UFD1;UBA7;POLE2;UBE2L6;POLD4;TRIM25;WDR48;MAD2L2;VCP;DDB1;POLE4;POLD1
prerank,Cooperation Of PDCL (PhLP1) And TRiC/CCT In G-protein Beta Folding R-HSA-6814122,-1.944917e-01,-6.711748e-01,9.264214e-01,1.000000e+00,1.000000e+00,7/35,19.76%,RGS7;RGS6;GNB3;RGS11;GNB5;CCT4;GNA11
prerank,Dual Incision In TC-NER R-HSA-6782135,-1.720657e-01,-6.700793e-01,9.611198e-01,1.000000e+00,1.000000e+00,12/60,19.61%,RFC5;POLE3;RFC2;PRPF19;GTF2H4;PPIE;ZNF830;EP300;RFC4;POLR2H;ERCC4;POLD3
prerank,CS/DS Degradation R-HSA-2024101,2.403979e-01,6.694469e-01,9.232558e-01,9.873232e-01,1.000000e+00,6/13,25.86%,VCAN;BCAN;CSPG4;DCN;BGN;NCAN
prerank,Deregulated CDK5 Triggers Neurodegenerative Pathways In Alzheimers Disease Models R-HSA-8862803,2.220091e-01,6.675944e-01,9.036145e-01,9.870162e-01,1.000000e+00,3/16,16.65%,LMNA;CAPN2;PRDX1
prerank,Extra-nuclear Estrogen Signaling R-HSA-9009391,-1.723601e-01,-6.675352e-01,9.719189e-01,1.000000e+00,1.000000e+00,17/58,26.68%,PIK3R1;PIK3R2;GNB3;AKT1;NANOS3;SRF;AKT3;IGF1R;AKT2;GNB5;GNAI1;CDKN1B;CREB1;GNB1;STRN;PDPK1;PIK3CA
prerank,CTLA4 Inhibitory Signaling R-HSA-389513,-2.295564e-01,-6.651669e-01,9.265233e-01,1.000000e+00,1.000000e+00,5/18,20.75%,AKT1;PPP2R5E;AKT3;AKT2;PPP2R5D
prerank,E2F Mediated Regulation Of DNA Replication R-HSA-113510,-2.207689e-01,-6.626819e-01,9.023091e-01,1.000000e+00,1.000000e+00,2/20,4.59%,ORC4;PRIM1
prerank,Class I Peroxisomal Membrane Protein Import R-HSA-9603798,-2.231246e-01,-6.583248e-01,9.128205e-01,1.000000e+00,1.000000e+00,9/18,38.30%,PEX26;PEX14;PEX12;ABCD2;PEX3;ATAD1;PEX11B;PEX16;GDAP1
prerank,PINK1-PRKN Mediated Mitophagy R-HSA-5205685,-2.143754e-01,-6.576533e-01,9.271186e-01,1.000000e+00,1.000000e+00,10/22,37.45%,ATG5;PRKN;SQSTM1;MAP1LC3B;RPS27A;TOMM20;UBB;TOMM7;PINK1;MFN1
prerank,Processing Of Capped Intronless Pre-mRNA R-HSA-75067,-2.033014e-01,-6.576252e-01,9.405772e-01,1.000000e+00,1.000000e+00,6/28,16.41%,WDR33;CPSF1;SNRPB;CSTF2;CSTF3;PCF11
prerank,Signaling By PDGFR In Disease R-HSA-9671555,-2.271119e-01,-6.563203e-01,9.102113e-01,1.000000e+00,1.000000e+00,7/18,28.75%,PIK3R1;PIK3R2;GRB2;ETV6;STRN;PIK3CA;PIK3CB
prerank,TRAF3-dependent IRF Activation Pathway R-HSA-918233,-2.569877e-01,-6.555369e-01,8.951049e-01,1.000000e+00,1.000000e+00,6/12,24.61%,TRAF3;IRF3;EP300;CREBBP;MAVS;TRIM4
prerank,Phototransduction Cascade R-HSA-2514856,-2.137034e-01,-6.553540e-01,9.203390e-01,1.000000e+00,1.000000e+00,7/21,24.50%,PRKCA;NMT1;GRK4;GUCA1B;GNB5;METAP1;GNB1
prerank,Antiviral Mechanism By IFN-stimulated Genes R-HSA-1169410,-1.628713e-01,-6.527812e-01,9.773414e-01,1.000000e+00,1.000000e+00,14/75,18.41%,NUP98;KPNA5;EIF4A2;SGIP1;IRF3;NUP155;SEH1L;RNASEL;NUP85;EIF4G3;NUP54;NUP153;PPM1B;NUP62
prerank,Aberrant Regulation Of Mitotic Cell Cycle Due To RB1 Defects R-HSA-9687139,1.747901e-01,6.502881e-01,9.722922e-01,9.964115e-01,1.000000e+00,9/34,22.50%,RB1;TFDP2;UBE2S;CDKN1C;CDKN1A;CDK6;CDC27;CDC16;CDK4
prerank,Senescence-Associated Secretory Phenotype (SASP) R-HSA-2559582,-1.803178e-01,-6.482695e-01,9.584665e-01,1.000000e+00,1.000000e+00,22/46,36.97%,RPS6KA3;ANAPC4;CEBPB;UBE2C;ANAPC7;EHMT1;CDKN1B;NFKB1;EHMT2;CDKN2C;ANAPC15;CCNA1;CDC23;RPS6KA2;ANAPC1;ANAPC11;RPS27A;UBB;FOS;ANAPC2;ANAPC5;CDKN2A
prerank,E3 Ubiquitin Ligases Ubiquitinate Target Proteins R-HSA-8866654,1.682421e-01,6.482327e-01,9.780822e-01,9.959955e-01,1.000000e+00,7/44,15.97%,UBA52;UBE2A;PEX10;RNF152;RNF181;DERL1;TMEM129
prerank,InlB-mediated Entry Of Listeria Monocytogenes Into Host Cell R-HSA-8875360,-2.344841e-01,-6.478878e-01,9.214660e-01,1.000000e+00,1.000000e+00,3/15,16.84%,SH3GL1;SH3GL2;GRB2
prerank,Cyclin E Associated Events During G1/S Transition R-HSA-69202,1.484624e-01,6.474449e-01,9.868074e-01,9.947811e-01,1.000000e+00,19/77,24.86%,RB1;PSMB10;TFDP2;SEM1;UBA52;PSMB1;PSME1;PSMB9;PSMD10;PSMB2;PSME2;CDKN1A;PSMD5;PSMA3;PSMB4;CDK4;PSMA7;CKS1B;PSMD8
prerank,Acyl Chain Remodelling Of PC R-HSA-1482788,2.139586e-01,6.464795e-01,9.170507e-01,9.937102e-01,1.000000e+00,6/16,27.68%,LPCAT2;PLA2G5;MBOAT2;PLA2G12A;PLB1;PLA2G6
prerank,Activation Of Kainate Receptors Upon Glutamate Binding R-HSA-451326,-2.029527e-01,-6.461949e-01,9.399657e-01,1.000000e+00,1.000000e+00,3/25,8.63%,PLCB1;NCALD;GNB3
prerank,Signaling By ERBB2 KD Mutants R-HSA-9664565,-2.116769e-01,-6.434742e-01,8.934281e-01,1.000000e+00,1.000000e+00,4/22,16.84%,PIK3R1;NRG3;NRG4;GRB2
prerank,Pyroptosis R-HSA-5620971,2.023825e-01,6.430125e-01,9.322034e-01,9.939956e-01,1.000000e+00,19/19,79.79%,IRF2;CASP1;ELANE;CHMP2B;GZMB;CASP4;CHMP4C;CASP3;IL1B;CHMP2A;CHMP7;CYCS;CASP5;HMGB1;GSDME;BAX;CHMP4B;CHMP6;BAK1
prerank,Mitochondrial Translation Elongation R-HSA-5389840,-1.591903e-01,-6.427603e-01,9.823009e-01,1.000000e+00,1.000000e+00,16/82,23.29%,MRPS30;MRPL45;MRPL16;MRPL33;MRPS11;ERAL1;MRPS17;MRPS36;MRPL39;MRPS5;MRPL9;OXA1L;MRPS31;MRPL58;MRPS27;MRPS7
prerank,Signaling By NTRK2 (TRKB) R-HSA-9006115,-2.042825e-01,-6.397372e-01,9.270665e-01,1.000000e+00,1.000000e+00,4/21,16.84%,PIK3R1;CDK5R1;NTRK2;GRB2
prerank,Removal Of Flap Intermediate R-HSA-69166,-2.333356e-01,-6.394390e-01,9.056604e-01,1.000000e+00,1.000000e+00,3/14,23.85%,PRIM1;POLD3;DNA2
prerank,Signaling By FLT3 ITD And TKD Mutants R-HSA-9703648,2.223902e-01,6.388580e-01,9.203540e-01,9.945154e-01,1.000000e+00,6/14,27.24%,PTPN11;NRAS;STAT5A;CDKN1A;HRAS;GAB2
prerank,Mitochondrial Translation R-HSA-5368287,-1.561439e-01,-6.387560e-01,9.882526e-01,1.000000e+00,1.000000e+00,26/88,31.57%,MRPS30;MRPL45;MRPL16;MRPL33;MRPS11;ERAL1;MRPS17;MRPS36;MRPL39;MRPS5;MRPL9;OXA1L;MTFMT;MRPS31;MRPL58;MRPS27;MRPS7;MRRF;MTRF1L;MTIF3;MRPL18;MRPS18A;MRPL49;MRPS26;MRPS10;MRPL54
prerank,Defective Intrinsic Pathway For Apoptosis R-HSA-9734009,2.014637e-01,6.357492e-01,9.307876e-01,9.945554e-01,1.000000e+00,3/18,16.65%,LMNA;CAPN2;PRDX1
prerank,Aggrephagy R-HSA-9646399,1.962577e-01,6.342237e-01,9.422633e-01,9.936185e-01,1.000000e+00,6/21,27.67%,DYNC1I2;UBA52;IFT88;DYNC1LI2;UBE2N;VCP
prerank,Regulation Of Innate Immune Responses To Cytosolic DNA R-HSA-3134975,2.248014e-01,6.334744e-01,9.099307e-01,9.923670e-01,1.000000e+00,2/12,9.97%,UBA52;TRIM56
prerank,EML4 And NUDC In Mitotic Spindle Formation R-HSA-9648025,-1.583178e-01,-6.312924e-01,9.877489e-01,1.000000e+00,1.000000e+00,12/77,16.43%,CLIP1;NUP98;ITGB3BP;MAD2L1;DSN1;ZWILCH;PPP2R5E;SEH1L;PLK1;CENPT;NUP85;KNTC1
prerank,Growth Hormone Receptor Signaling R-HSA-982772,-2.124702e-01,-6.312765e-01,9.519409e-01,1.000000e+00,1.000000e+00,6/20,27.71%,IRS1;SOCS2;JAK2;ADAM17;SH2B1;PTPN1
prerank,N-glycan Antennae Elongation In medial/trans-Golgi R-HSA-975576,1.811633e-01,6.294582e-01,9.547511e-01,9.927194e-01,1.000000e+00,10/25,32.45%,B4GALT1;ST8SIA2;FUCA1;FUT8;LHB;FUT3;MOGAT3;MAN2A1;B4GALT2;MGAT4A
prerank,Listeria Monocytogenes Entry Into Host Cells R-HSA-8876384,-2.093377e-01,-6.278776e-01,9.439728e-01,1.000000e+00,1.000000e+00,8/19,34.59%,SH3GL1;SH3GL2;GRB2;CBLL1;STAM;RPS27A;SRC;UBB
prerank,Signaling By NODAL R-HSA-1181150,-2.229327e-01,-6.235414e-01,9.269162e-01,1.000000e+00,1.000000e+00,1/15,2.58%,ACVR1B
prerank,Transcription Of HIV Genome R-HSA-167172,-1.588270e-01,-6.232981e-01,9.938272e-01,1.000000e+00,1.000000e+00,21/66,30.45%,CCNT2;CDK9;GTF2A1;NELFA;TAF6;GTF2H4;TAF5;GTF2F1;POLR2H;TAF15;ELOC;TAF13;POLR2D;TAF4;GTF2B;SUPT16H;SSRP1;MNAT1;TAF1L;TBP;ERCC3
prerank,HSF1-dependent Transactivation R-HSA-3371571,-1.865353e-01,-6.229851e-01,9.667774e-01,1.000000e+00,1.000000e+00,5/31,15.12%,CAMK2A;CAMK2G;RPTOR;EP300;CREBBP
prerank,Cyclin A:Cdk2-associated Events At S Phase Entry R-HSA-69656,1.430091e-01,6.197900e-01,9.972678e-01,9.955259e-01,1.000000e+00,19/79,24.86%,RB1;PSMB10;TFDP2;SEM1;UBA52;PSMB1;PSME1;PSMB9;PSMD10;PSMB2;PSME2;CDKN1A;PSMD5;PSMA3;PSMB4;CDK4;PSMA7;CKS1B;PSMD8
prerank,Keratan Sulfate/Keratin Metabolism R-HSA-1638074,-1.886943e-01,-6.191736e-01,9.606557e-01,1.000000e+00,1.000000e+00,4/28,13.56%,ST3GAL6;ST3GAL2;B3GNT4;ST3GAL1
prerank,RIP-mediated NFkB Activation Via ZBP1 R-HSA-1810476,2.160393e-01,6.176980e-01,9.305556e-01,9.948063e-01,1.000000e+00,1/14,1.64%,TLR3
prerank,Membrane Binding And Targetting Of GAG Proteins R-HSA-174490,-2.211280e-01,-6.163492e-01,9.362832e-01,1.000000e+00,1.000000e+00,6/15,34.59%,SGIP1;VPS37A;VPS28;VPS37B;RPS27A;UBB
prerank,Triglyceride Metabolism R-HSA-8979227,1.794813e-01,6.162773e-01,9.787798e-01,9.937998e-01,1.000000e+00,13/27,35.05%,FABP6;PNPLA4;GPAM;PLIN3;LPIN3;LPIN1;LIPE;GPAT2;MOGAT3;GPD2;CAV1;PPP1CA;FABP1
prerank,Regulation Of TP53 Activity Thru Methylation R-HSA-6804760,2.000589e-01,6.157350e-01,9.409190e-01,9.924129e-01,1.000000e+00,3/18,9.98%,UBA52;CHEK2;SETD9
prerank,Mitochondrial Translation Termination R-HSA-5419276,-1.520022e-01,-6.155915e-01,9.882698e-01,1.000000e+00,1.000000e+00,24/82,31.57%,MRPS30;MRPL45;MRPL16;MRPL33;MRPS11;ERAL1;MRPS17;MRPS36;MRPL39;MRPS5;MRPL9;OXA1L;MRPS31;MRPL58;MRPS27;MRPS7;MRRF;MTRF1L;MRPL18;MRPS18A;MRPL49;MRPS26;MRPS10;MRPL54
prerank,Pexophagy R-HSA-9664873,2.305083e-01,6.155269e-01,9.178082e-01,9.908875e-01,1.000000e+00,11/11,76.97%,UBA52;ATM;EPAS1;NBR1;UBC;UBB;RPS27A;MAP1LC3B;SQSTM1;USP30;PEX5
prerank,Regulation Of RUNX1 Expression And Activity R-HSA-8934593,-2.200556e-01,-6.153915e-01,9.294118e-01,1.000000e+00,1.000000e+00,4/16,22.55%,AGO1;CCND2;TNRC6C;AGO4
prerank,APC-Cdc20 Mediated Degradation Of Nek2A R-HSA-179409,-1.968019e-01,-6.147028e-01,9.591141e-01,1.000000e+00,1.000000e+00,12/24,36.60%,ANAPC4;MAD2L1;UBE2C;ANAPC7;ANAPC15;CDC23;ANAPC1;ANAPC11;RPS27A;UBB;ANAPC2;ANAPC5
prerank,"Synthesis, Secretion, And Inactivation Of Glucagon-like Peptide-1 (GLP-1) R-HSA-381771",-2.211601e-01,-6.128234e-01,9.453552e-01,1.000000e+00,1.000000e+00,2/15,8.63%,PCSK1;GNB3
prerank,Protein Ubiquitination R-HSA-8852135,1.446198e-01,6.113929e-01,9.971510e-01,9.910174e-01,1.000000e+00,10/63,16.77%,UBA52;UBE2A;PEX10;RNF152;RNF181;UCHL3;DERL1;TMEM129;UBE2S;USP9X
prerank,G Beta:Gamma Signaling Thru PI3Kgamma R-HSA-392451,-1.996602e-01,-6.089254e-01,9.527145e-01,1.000000e+00,1.000000e+00,7/21,25.60%,GNB3;AKT1;AKT3;AKT2;GNB5;GNB1;PDPK1
prerank,Mucopolysaccharidoses R-HSA-2206281,-2.491441e-01,-6.086157e-01,9.358974e-01,1.000000e+00,1.000000e+00,1/10,1.71%,IDS
prerank,Signaling By ERBB2 In Cancer R-HSA-1227990,-1.982373e-01,-6.079527e-01,9.412811e-01,1.000000e+00,1.000000e+00,4/23,16.84%,PIK3R1;NRG3;NRG4;GRB2
prerank,SRP-dependent Cotranslational Protein Targeting To Membrane R-HSA-1799339,-1.446694e-01,-6.051502e-01,9.970282e-01,1.000000e+00,1.000000e+00,35/106,32.02%,RPL15;RPL28;RSL24D1;RPL9;RPS7;RPS21;RPL26;RPSA;RPL38;RPS25;RPS4Y1;RPL10L;RPS3;RPS13;RPS29;RPL14;RPL13A;RPL18A;RPL22;RPL35A;RPL4;RPS9;RPL3;RPLP0;RPL37A;RPL21;RPL31;RPS5;RPL23A;RPL27;RPS27A;RPS24;RPL7A;RPS3A;RPL7
prerank,Caspase-mediated Cleavage Of Cytoskeletal Proteins R-HSA-264870,2.213803e-01,6.044385e-01,9.340909e-01,9.921375e-01,1.000000e+00,2/12,12.38%,GSN;CASP7
prerank,"Incretin Synthesis, Secretion, And Inactivation R-HSA-400508",-2.126952e-01,-6.030778e-01,9.393939e-01,1.000000e+00,1.000000e+00,2/16,8.63%,PCSK1;GNB3
prerank,Energy Dependent Regulation Of mTOR By LKB1-AMPK R-HSA-380972,-1.824377e-01,-6.003148e-01,9.776248e-01,1.000000e+00,1.000000e+00,10/28,31.25%,RPTOR;STRADA;CAB39L;PPM1A;CAB39;PRKAB2;MLST8;PRKAB1;LAMTOR3;PRKAA2
prerank,Transcription-Coupled Nucleotide Excision Repair (TC-NER) R-HSA-6781827,-1.498110e-01,-6.002437e-01,9.968652e-01,1.000000e+00,1.000000e+00,25/72,34.59%,RFC5;POLE3;RFC2;PRPF19;GTF2H4;PPIE;ZNF830;EP300;RFC4;POLR2H;ERCC4;POLD3;POLR2D;CUL4B;XAB2;MNAT1;ERCC3;COPS3;XPA;RPS27A;PCNA;POLR2B;COPS8;COPS7A;UBB
prerank,Prolactin Receptor Signaling R-HSA-1170546,2.148439e-01,5.999077e-01,9.469214e-01,9.922810e-01,1.000000e+00,2/13,12.93%,PTPN11;STAT5A
prerank,Switching Of Origins To A Post-Replicative State R-HSA-69052,1.333058e-01,5.994561e-01,1.000000e+00,9.908357e-01,1.000000e+00,20/85,24.86%,PSMB10;SEM1;UBA52;PSMB1;CDT1;PSME1;PSMB9;PSMD10;PSMB2;UBE2S;PSME2;MCM5;PSMD5;CDC27;CDC16;PSMA3;PSMB4;GMNN;PSMA7;PSMD8
prerank,Gap-filling DNA Repair Synthesis And Ligation In GG-NER R-HSA-5696397,-1.875381e-01,-5.969819e-01,9.608844e-01,1.000000e+00,1.000000e+00,5/24,19.61%,RFC5;POLE3;RFC2;RFC4;POLD3
prerank,Alpha-protein Kinase 1 Signaling Pathway R-HSA-9645460,-2.329364e-01,-5.958329e-01,9.392789e-01,1.000000e+00,1.000000e+00,6/11,34.59%,TRAF6;TAB3;TIFA;MAP3K7;RPS27A;UBB
prerank,Diseases Of Mitotic Cell Cycle R-HSA-9675126,1.576669e-01,5.896292e-01,9.868766e-01,9.926645e-01,1.000000e+00,9/36,22.50%,RB1;TFDP2;UBE2S;CDKN1C;CDKN1A;CDK6;CDC27;CDC16;CDK4
prerank,IRF3-mediated Induction Of Type I IFN R-HSA-3270619,-2.290048e-01,-5.831506e-01,9.658887e-01,1.000000e+00,1.000000e+00,5/11,32.50%,IRF3;DTX4;XRCC6;DDX41;PRKDC
prerank,rRNA Modification In Nucleus And Cytosol R-HSA-6790901,-1.514056e-01,-5.823964e-01,9.939302e-01,1.000000e+00,1.000000e+00,10/59,21.66%,UTP6;NOP2;UTP4;UTP18;RPS7;BMS1;KRR1;DDX47;WDR46;THUMPD1
prerank,Signaling By ERBB2 ECD Mutants R-HSA-9665348,-2.098340e-01,-5.764412e-01,9.424460e-01,1.000000e+00,1.000000e+00,1/14,1.62%,PIK3R1
prerank,Constitutive Signaling By Ligand-Responsive EGFR Cancer Variants R-HSA-1236382,-1.996879e-01,-5.755656e-01,9.646018e-01,1.000000e+00,1.000000e+00,1/17,1.62%,PIK3R1
prerank,FLT3 Signaling In Disease R-HSA-9682385,1.661647e-01,5.732683e-01,9.953811e-01,9.960126e-01,1.000000e+00,9/26,28.78%,UBA52;PTPN11;NRAS;STAT5A;CDKN1A;HRAS;FLT3LG;GAB2;SPTBN1
prerank,Mismatch Repair R-HSA-5358508,1.961713e-01,5.719172e-01,9.691943e-01,9.947697e-01,1.000000e+00,14/14,80.40%,MSH3;LRIG1;POLD4;POLD1;RPA3;POLR1A;MSH6;POLD2;MLH1;POLR1B;PCNA;MSH2;PMS2;POLD3
prerank,Regulation Of NF-kappa B Signaling R-HSA-9758274,-1.945948e-01,-5.624229e-01,9.742710e-01,1.000000e+00,1.000000e+00,5/17,22.09%,TRAF6;LRRC14;IKBKG;NLRX1;N4BP1
prerank,Activation Of NF-kappaB In B Cells R-HSA-1169091,1.322181e-01,5.603840e-01,1.000000e+00,9.961495e-01,1.000000e+00,12/63,21.51%,PSMB10;SEM1;UBA52;PSMB1;PSME1;PSMB9;PSMD10;PSMB2;PSME2;PSMD5;PSMA3;PSMB4
prerank,Regulation Of TP53 Expression And Degradation R-HSA-6806003,-1.627116e-01,-5.599350e-01,9.834983e-01,1.000000e+00,1.000000e+00,16/32,37.03%,PRDM1;AKT1;AKT3;AKT2;DAXX;PHF20;PDPK1;MLST8;CCNA1;RPS27A;RNF34;UBB;USP2;PPP2R1A;CDKN2A;PPP2R5C
prerank,"WNT5A-dependent Internalization Of FZD2, FZD5 And ROR2 R-HSA-5140745",2.077102e-01,5.564928e-01,9.742489e-01,9.954209e-01,1.000000e+00,2/11,13.86%,FZD2;AP2B1
prerank,Mismatch Repair (MMR) Directed By MSH2:MSH3 (MutSbeta) R-HSA-5358606,1.961588e-01,5.558317e-01,9.834515e-01,9.939786e-01,1.000000e+00,13/13,80.40%,MSH3;LRIG1;POLD4;POLD1;RPA3;POLR1A;POLD2;MLH1;POLR1B;PCNA;MSH2;PMS2;POLD3
prerank,Pyrimidine Salvage R-HSA-73614,-2.184445e-01,-5.503188e-01,9.675676e-01,1.000000e+00,1.000000e+00,5/11,34.84%,PUDP;UPP2;UPP1;UCK2;UCKL1
prerank,Mismatch Repair (MMR) Directed By MSH2:MSH6 (MutSalpha) R-HSA-5358565,-2.009337e-01,-5.456163e-01,9.672414e-01,1.000000e+00,1.000000e+00,6/13,36.20%,POLD3;PMS2;MSH2;PCNA;POLR1B;MLH1
prerank,IRAK2 Mediated Activation Of TAK1 Complex R-HSA-937042,-2.136869e-01,-5.380024e-01,9.620939e-01,1.000000e+00,1.000000e+00,5/10,34.59%,TRAF6;TAB3;MAP3K7;RPS27A;UBB
prerank,Regulation Of TP53 Degradation R-HSA-6804757,1.483691e-01,5.354285e-01,9.925187e-01,9.963828e-01,1.000000e+00,3/31,7.96%,PRR5;UBA52;CHEK2
prerank,Signaling By EGFR In Cancer R-HSA-1643713,-1.810867e-01,-5.348209e-01,9.719790e-01,1.000000e+00,1.000000e+00,1/19,1.62%,PIK3R1
prerank,Downregulation Of TGF-beta Receptor Signaling R-HSA-2173788,1.620600e-01,5.317460e-01,9.821429e-01,9.953984e-01,1.000000e+00,7/25,25.22%,UBA52;SMAD7;BAMBI;TGFBR2;TGFBR1;SMAD2;XPO1
prerank,Aberrant Regulation Of Mitotic Exit In Cancer Due To RB1 Defects R-HSA-9687136,-1.776036e-01,-5.310618e-01,9.775475e-01,1.000000e+00,1.000000e+00,7/20,31.05%,ANAPC4;UBE2C;ANAPC7;ANAPC15;CDC23;ANAPC1;ANAPC11
prerank,Activated TAK1 Mediates P38 MAPK Activation R-HSA-450302,-1.869867e-01,-5.310083e-01,9.733570e-01,1.000000e+00,1.000000e+00,5/16,23.55%,TRAF6;IKBKG;MAPK14;TAB3;MAPK11
prerank,FOXO-mediated Transcription Of Cell Cycle Genes R-HSA-9617828,1.807845e-01,5.303753e-01,9.931507e-01,9.940341e-01,1.000000e+00,1/15,2.47%,FOXO1
prerank,TRP Channels R-HSA-3295583,-1.868517e-01,-5.283922e-01,9.893238e-01,1.000000e+00,1.000000e+00,5/16,28.13%,TRPM7;TRPM2;TRPC4;TRPV3;TRPV1
prerank,Selective Autophagy R-HSA-9663891,-1.372348e-01,-5.220624e-01,1.000000e+00,1.000000e+00,1.000000e+00,25/57,38.94%,PCNT;ULK1;ATG5;PRKAB2;PEX5;PRKN;USP30;PGAM5;SQSTM1;PARK7;PRKAB1;MAP1LC3B;HDAC6;CSNK2A2;PRKAA2;RPS27A;TOMM20;HSF1;SRC;UBB;TOMM7;PINK1;MFN1;HSPA8;CSNK2B
prerank,"Synthesis Of IP2, IP, And Ins In Cytosol R-HSA-1855183",-1.959038e-01,-5.196305e-01,9.851301e-01,1.000000e+00,1.000000e+00,5/14,31.02%,INPP5B;IMPA1;INPP4A;MTMR9;INPP5J
prerank,Constitutive Signaling By NOTCH1 HD Domain Mutants R-HSA-2691232,-1.898986e-01,-5.190208e-01,9.781145e-01,1.000000e+00,1.000000e+00,4/14,22.22%,MIB2;ADAM17;NEURL1;NEURL1B
prerank,Processive Synthesis On Lagging Strand R-HSA-69183,-1.839151e-01,-5.124124e-01,9.877193e-01,1.000000e+00,1.000000e+00,3/15,23.85%,PRIM1;POLD3;DNA2
prerank,NOD1/2 Signaling Pathway R-HSA-168638,-1.535284e-01,-4.966442e-01,9.932432e-01,1.000000e+00,1.000000e+00,6/28,19.14%,CARD9;TRAF6;MAPK13;IKBKG;MAPK14;TAB3
prerank,Zinc Transporters R-HSA-435354,-1.879929e-01,-4.938726e-01,9.927007e-01,9.995121e-01,1.000000e+00,4/12,29.44%,SLC39A14;SLC30A7;SLC30A3;SLC39A4
prerank,Synthesis Of PIPs At Late Endosome Membrane R-HSA-1660517,1.791064e-01,4.761062e-01,9.914163e-01,9.985827e-01,1.000000e+00,11/11,82.10%,PIK3C2A;MTM1;MTMR7;PIK3C3;FIG4;VAC14;PIKFYVE;MTMR4;MTMR9;PIK3R4;MTMR2
prerank,Synthesis Of PIPs At Early Endosome Membrane R-HSA-1660516,-1.640952e-01,-4.638230e-01,9.908592e-01,1.000000e+00,1.000000e+00,4/16,23.78%,MTMR12;MTMR2;PIK3R4;INPP4A
prerank,TAK1-dependent IKK And NF-kappa-B Activation R-HSA-445989,-1.295952e-01,-4.637328e-01,1.000000e+00,9.989547e-01,1.000000e+00,16/38,36.35%,TRAF6;LRRC14;SAA2;IKBKG;TAB3;NLRX1;N4BP1;TIFA;NFKB1;MAP3K7;RPS27A;IRAK1;NKIRAS2;UBB;NFKBIB;NFKBIA
prerank,Cyclin A/B1/B2 Associated Events During G2/M Transition R-HSA-69273,1.388960e-01,4.216062e-01,9.977578e-01,9.993408e-01,1.000000e+00,17/17,86.13%,PPP2R3B;PKMYT1;XPO1;PPP2CB;PPP2R1B;PPP2R2A;PPP2CA;LCMT1;CCNB1;CDK7;CCNH;PPP2R1A;CDC25B;MNAT1;CCNA1;PPME1;PLK1
prerank,STING Mediated Induction Of Host Immune Responses R-HSA-1834941,-1.239663e-01,-3.435000e-01,1.000000e+00,9.999746e-01,1.000000e+00,6/14,36.04%,IRF3;DTX4;XRCC6;DDX41;PRKDC;STAT6
