sub,session,condition,marker,value
sub-001,RW,PVT,n_epochs_total,47.0
sub-001,RW,PVT,global_theta_mean_linear,4.4620097832614955e-13
sub-001,RW,PVT,global_theta_mean_db,-123.5025341605504
sub-001,RW,PVT,global_theta_sd_linear,1.5257681875255076e-13
sub-001,RW,PVT,global_theta_cv_linear,
sub-001,RW,PVT,global_theta_n_epochs_used,47.0
sub-001,RW,PVT,posterior_alpha_mean_linear,5.958855858819555e-13
sub-001,RW,PVT,posterior_alpha_mean_db,-122.24675318940298
sub-001,RW,PVT,posterior_alpha_sd_linear,4.696749347906395e-13
sub-001,RW,PVT,posterior_alpha_cv_linear,
sub-001,RW,PVT,posterior_alpha_n_epochs_used,47.0
sub-001,RW,PVT,frontal_theta_mean_linear,4.0630956069928245e-13
sub-001,RW,PVT,frontal_theta_mean_db,-123.90905685062172
sub-001,RW,PVT,frontal_theta_sd_linear,2.7247492436288495e-13
sub-001,RW,PVT,frontal_theta_cv_linear,
sub-001,RW,PVT,frontal_theta_n_epochs_used,47.0
sub-001,RW,PVT,frontocentral_theta_mean_linear,3.2761005724099467e-13
sub-001,RW,PVT,frontocentral_theta_mean_db,-124.8434852187008
sub-001,RW,PVT,frontocentral_theta_sd_linear,1.6531809146901998e-13
sub-001,RW,PVT,frontocentral_theta_cv_linear,
sub-001,RW,PVT,frontocentral_theta_n_epochs_used,47.0
sub-001,RW,PVT,central_alpha_mean_linear,1.8302720843189239e-13
sub-001,RW,PVT,central_alpha_mean_db,-127.36957786960502
sub-001,RW,PVT,central_alpha_sd_linear,1.259380549294407e-13
sub-001,RW,PVT,central_alpha_cv_linear,
sub-001,RW,PVT,central_alpha_n_epochs_used,47.0
sub-001,RW,PVT,frontal_beta_mean_linear,4.1551210549469597e-13
sub-001,RW,PVT,frontal_beta_mean_db,-123.81184299307455
sub-001,RW,PVT,frontal_beta_sd_linear,3.114852450605301e-13
sub-001,RW,PVT,frontal_beta_cv_linear,
sub-001,RW,PVT,frontal_beta_n_epochs_used,47.0
sub-001,RW,PVT,global_theta_alpha_ratio_mean_linear,1.330330741234436
sub-001,RW,PVT,global_theta_alpha_ratio_sd_linear,0.6123811678171575
sub-001,RW,PVT,global_theta_alpha_ratio_cv_linear,0.46032249638080125
sub-001,RW,PVT,global_theta_alpha_ratio_n_epochs_used,47.0
sub-001,SD,CloseEye,n_epochs_total,346.0
sub-001,SD,CloseEye,global_theta_mean_linear,1.1958792578970908e-12
sub-001,SD,CloseEye,global_theta_mean_db,-119.22232036689985
sub-001,SD,CloseEye,global_theta_sd_linear,7.146919132105488e-13
sub-001,SD,CloseEye,global_theta_cv_linear,
sub-001,SD,CloseEye,global_theta_n_epochs_used,346.0
sub-001,SD,CloseEye,posterior_alpha_mean_linear,8.216567983038116e-13
sub-001,SD,CloseEye,posterior_alpha_mean_db,-120.85192199168361
sub-001,SD,CloseEye,posterior_alpha_sd_linear,1.0867598319567622e-12
sub-001,SD,CloseEye,posterior_alpha_cv_linear,
sub-001,SD,CloseEye,posterior_alpha_n_epochs_used,346.0
sub-001,SD,CloseEye,frontal_theta_mean_linear,1.0806258695835372e-12
sub-001,SD,CloseEye,frontal_theta_mean_db,-119.66235411204367
sub-001,SD,CloseEye,frontal_theta_sd_linear,7.52419198915446e-13
sub-001,SD,CloseEye,frontal_theta_cv_linear,
sub-001,SD,CloseEye,frontal_theta_n_epochs_used,346.0
sub-001,SD,CloseEye,frontocentral_theta_mean_linear,9.51037567378632e-13
sub-001,SD,CloseEye,frontocentral_theta_mean_db,-120.21700941879371
sub-001,SD,CloseEye,frontocentral_theta_sd_linear,6.57006189601643e-13
sub-001,SD,CloseEye,frontocentral_theta_cv_linear,
sub-001,SD,CloseEye,frontocentral_theta_n_epochs_used,346.0
sub-001,SD,CloseEye,central_alpha_mean_linear,3.7673742785742383e-13
sub-001,SD,CloseEye,central_alpha_mean_db,-124.23705339003976
sub-001,SD,CloseEye,central_alpha_sd_linear,3.9752301852721577e-13
sub-001,SD,CloseEye,central_alpha_cv_linear,
sub-001,SD,CloseEye,central_alpha_n_epochs_used,346.0
sub-001,SD,CloseEye,frontal_beta_mean_linear,2.0134450668046875e-13
sub-001,SD,CloseEye,frontal_beta_mean_db,-126.95581534713676
sub-001,SD,CloseEye,frontal_beta_sd_linear,1.808640689795858e-13
sub-001,SD,CloseEye,frontal_beta_cv_linear,
sub-001,SD,CloseEye,frontal_beta_n_epochs_used,346.0
sub-001,SD,CloseEye,global_theta_alpha_ratio_mean_linear,2.7147996897268305
sub-001,SD,CloseEye,global_theta_alpha_ratio_sd_linear,1.4137940320704656
sub-001,SD,CloseEye,global_theta_alpha_ratio_cv_linear,0.5207728722750535
sub-001,SD,CloseEye,global_theta_alpha_ratio_n_epochs_used,346.0
sub-001,SD,OpenEye,n_epochs_total,358.0
sub-001,SD,OpenEye,global_theta_mean_linear,1.08393385853151e-12
sub-001,SD,OpenEye,global_theta_mean_db,-119.64908261152439
sub-001,SD,OpenEye,global_theta_sd_linear,8.431278674563076e-13
sub-001,SD,OpenEye,global_theta_cv_linear,
sub-001,SD,OpenEye,global_theta_n_epochs_used,358.0
sub-001,SD,OpenEye,posterior_alpha_mean_linear,9.293905578905985e-13
sub-001,SD,OpenEye,posterior_alpha_mean_db,-120.31697997306193
sub-001,SD,OpenEye,posterior_alpha_sd_linear,1.5127166876796013e-12
sub-001,SD,OpenEye,posterior_alpha_cv_linear,
sub-001,SD,OpenEye,posterior_alpha_n_epochs_used,358.0
sub-001,SD,OpenEye,frontal_theta_mean_linear,9.646287317364852e-13
sub-001,SD,OpenEye,frontal_theta_mean_db,-120.15539849374092
sub-001,SD,OpenEye,frontal_theta_sd_linear,8.008301154128209e-13
sub-001,SD,OpenEye,frontal_theta_cv_linear,
sub-001,SD,OpenEye,frontal_theta_n_epochs_used,358.0
sub-001,SD,OpenEye,frontocentral_theta_mean_linear,8.92489949372512e-13
sub-001,SD,OpenEye,frontocentral_theta_mean_db,-120.49288630249973
sub-001,SD,OpenEye,frontocentral_theta_sd_linear,7.456516215378658e-13
sub-001,SD,OpenEye,frontocentral_theta_cv_linear,
sub-001,SD,OpenEye,frontocentral_theta_n_epochs_used,358.0
sub-001,SD,OpenEye,central_alpha_mean_linear,3.8348182997840403e-13
sub-001,SD,OpenEye,central_alpha_mean_db,-124.1600381533996
sub-001,SD,OpenEye,central_alpha_sd_linear,5.255341402830384e-13
sub-001,SD,OpenEye,central_alpha_cv_linear,
sub-001,SD,OpenEye,central_alpha_n_epochs_used,358.0
sub-001,SD,OpenEye,frontal_beta_mean_linear,2.435171612383787e-13
sub-001,SD,OpenEye,frontal_beta_mean_db,-126.13074608230413
sub-001,SD,OpenEye,frontal_beta_sd_linear,3.220769661693352e-13
sub-001,SD,OpenEye,frontal_beta_cv_linear,
sub-001,SD,OpenEye,frontal_beta_n_epochs_used,358.0
sub-001,SD,OpenEye,global_theta_alpha_ratio_mean_linear,2.598769014402329
sub-001,SD,OpenEye,global_theta_alpha_ratio_sd_linear,1.4666823662666755
sub-001,SD,OpenEye,global_theta_alpha_ratio_cv_linear,0.5643758095230278
sub-001,SD,OpenEye,global_theta_alpha_ratio_n_epochs_used,358.0
sub-001,SD,PVT,n_epochs_total,40.0
sub-001,SD,PVT,global_theta_mean_linear,8.372439582795397e-13
sub-001,SD,PVT,global_theta_mean_db,-120.77032814212744
sub-001,SD,PVT,global_theta_sd_linear,6.103587017483952e-13
sub-001,SD,PVT,global_theta_cv_linear,
sub-001,SD,PVT,global_theta_n_epochs_used,40.0
sub-001,SD,PVT,posterior_alpha_mean_linear,9.507310758823805e-13
sub-001,SD,PVT,posterior_alpha_mean_db,-120.21840892122002
sub-001,SD,PVT,posterior_alpha_sd_linear,7.407446186232592e-13
sub-001,SD,PVT,posterior_alpha_cv_linear,
sub-001,SD,PVT,posterior_alpha_n_epochs_used,40.0
sub-001,SD,PVT,frontal_theta_mean_linear,7.335015799432828e-13
sub-001,SD,PVT,frontal_theta_mean_db,-121.34467497218336
sub-001,SD,PVT,frontal_theta_sd_linear,5.987278397598607e-13
sub-001,SD,PVT,frontal_theta_cv_linear,
sub-001,SD,PVT,frontal_theta_n_epochs_used,40.0
sub-001,SD,PVT,frontocentral_theta_mean_linear,6.329950413957716e-13
sub-001,SD,PVT,frontocentral_theta_mean_db,-121.98447375149371
sub-001,SD,PVT,frontocentral_theta_sd_linear,6.352945559159583e-13
sub-001,SD,PVT,frontocentral_theta_cv_linear,
sub-001,SD,PVT,frontocentral_theta_n_epochs_used,40.0
sub-001,SD,PVT,central_alpha_mean_linear,2.1922949050173817e-13
sub-001,SD,PVT,central_alpha_mean_db,-126.58661376833038
sub-001,SD,PVT,central_alpha_sd_linear,1.0935096805111432e-13
sub-001,SD,PVT,central_alpha_cv_linear,
sub-001,SD,PVT,central_alpha_n_epochs_used,40.0
sub-001,SD,PVT,frontal_beta_mean_linear,4.687721768813736e-13
sub-001,SD,PVT,frontal_beta_mean_db,-123.28832508227507
sub-001,SD,PVT,frontal_beta_sd_linear,3.1687873310915026e-13
sub-001,SD,PVT,frontal_beta_cv_linear,
sub-001,SD,PVT,frontal_beta_n_epochs_used,40.0
sub-001,SD,PVT,global_theta_alpha_ratio_mean_linear,1.6489053462678793
sub-001,SD,PVT,global_theta_alpha_ratio_sd_linear,1.140860075391959
sub-001,SD,PVT,global_theta_alpha_ratio_cv_linear,0.6918893664661672
sub-001,SD,PVT,global_theta_alpha_ratio_n_epochs_used,40.0
sub-002,RW,CloseEye,n_epochs_total,240.0
sub-002,RW,CloseEye,global_theta_mean_linear,7.280661081333394e-13
sub-002,RW,CloseEye,global_theta_mean_db,-121.37696754774888
sub-002,RW,CloseEye,global_theta_sd_linear,3.4572829729483385e-13
sub-002,RW,CloseEye,global_theta_cv_linear,
sub-002,RW,CloseEye,global_theta_n_epochs_used,240.0
sub-002,RW,CloseEye,posterior_alpha_mean_linear,2.295286448689403e-12
sub-002,RW,CloseEye,posterior_alpha_mean_db,-116.39121096021883
sub-002,RW,CloseEye,posterior_alpha_sd_linear,3.5273504157115927e-12
sub-002,RW,CloseEye,posterior_alpha_cv_linear,
sub-002,RW,CloseEye,posterior_alpha_n_epochs_used,240.0
sub-002,RW,CloseEye,frontal_theta_mean_linear,7.0074598851548e-13
sub-002,RW,CloseEye,frontal_theta_mean_db,-121.54301787106048
sub-002,RW,CloseEye,frontal_theta_sd_linear,4.972972671111553e-13
sub-002,RW,CloseEye,frontal_theta_cv_linear,
sub-002,RW,CloseEye,frontal_theta_n_epochs_used,240.0
sub-002,RW,CloseEye,frontocentral_theta_mean_linear,5.207319882314053e-13
sub-002,RW,CloseEye,frontocentral_theta_mean_db,-122.83200595637615
sub-002,RW,CloseEye,frontocentral_theta_sd_linear,3.3846465743723426e-13
sub-002,RW,CloseEye,frontocentral_theta_cv_linear,
sub-002,RW,CloseEye,frontocentral_theta_n_epochs_used,240.0
sub-002,RW,CloseEye,central_alpha_mean_linear,7.753049878494334e-13
sub-002,RW,CloseEye,central_alpha_mean_db,-121.10403059434971
sub-002,RW,CloseEye,central_alpha_sd_linear,9.888813520885855e-13
sub-002,RW,CloseEye,central_alpha_cv_linear,
sub-002,RW,CloseEye,central_alpha_n_epochs_used,240.0
sub-002,RW,CloseEye,frontal_beta_mean_linear,1.7819401046726886e-13
sub-002,RW,CloseEye,frontal_beta_mean_db,-127.48566067473746
sub-002,RW,CloseEye,frontal_beta_sd_linear,1.2642814816671062e-13
sub-002,RW,CloseEye,frontal_beta_cv_linear,
sub-002,RW,CloseEye,frontal_beta_n_epochs_used,240.0
sub-002,RW,CloseEye,global_theta_alpha_ratio_mean_linear,1.5847633181614813
sub-002,RW,CloseEye,global_theta_alpha_ratio_sd_linear,1.3851106711970416
sub-002,RW,CloseEye,global_theta_alpha_ratio_cv_linear,0.8740173723884136
sub-002,RW,CloseEye,global_theta_alpha_ratio_n_epochs_used,240.0
sub-002,RW,OpenEye,n_epochs_total,16.0
sub-002,RW,OpenEye,global_theta_mean_linear,1.066594969695692e-12
sub-002,RW,OpenEye,global_theta_mean_db,-119.71910066512395
sub-002,RW,OpenEye,global_theta_sd_linear,3.848216638589494e-13
sub-002,RW,OpenEye,global_theta_cv_linear,
sub-002,RW,OpenEye,global_theta_n_epochs_used,16.0
sub-002,RW,OpenEye,posterior_alpha_mean_linear,3.57200276663914e-13
sub-002,RW,OpenEye,posterior_alpha_mean_db,-124.46818328995508
sub-002,RW,OpenEye,posterior_alpha_sd_linear,1.1602655430396503e-13
sub-002,RW,OpenEye,posterior_alpha_cv_linear,
sub-002,RW,OpenEye,posterior_alpha_n_epochs_used,16.0
sub-002,RW,OpenEye,frontal_theta_mean_linear,3.513042440227986e-13
sub-002,RW,OpenEye,frontal_theta_mean_db,-124.54042191045181
sub-002,RW,OpenEye,frontal_theta_sd_linear,2.2030384031768145e-13
sub-002,RW,OpenEye,frontal_theta_cv_linear,
sub-002,RW,OpenEye,frontal_theta_n_epochs_used,16.0
sub-002,RW,OpenEye,frontocentral_theta_mean_linear,2.5376145754430426e-13
sub-002,RW,OpenEye,frontocentral_theta_mean_db,-125.95194492664518
sub-002,RW,OpenEye,frontocentral_theta_sd_linear,1.4738223076655027e-13
sub-002,RW,OpenEye,frontocentral_theta_cv_linear,
sub-002,RW,OpenEye,frontocentral_theta_n_epochs_used,16.0
sub-002,RW,OpenEye,central_alpha_mean_linear,1.9707169422102845e-13
sub-002,RW,OpenEye,central_alpha_mean_db,-127.04886696990512
sub-002,RW,OpenEye,central_alpha_sd_linear,8.467220494459891e-14
sub-002,RW,OpenEye,central_alpha_cv_linear,
sub-002,RW,OpenEye,central_alpha_n_epochs_used,16.0
sub-002,RW,OpenEye,frontal_beta_mean_linear,1.7857354876097184e-13
sub-002,RW,OpenEye,frontal_beta_mean_db,-127.47643189122081
sub-002,RW,OpenEye,frontal_beta_sd_linear,6.882482013627647e-14
sub-002,RW,OpenEye,frontal_beta_cv_linear,
sub-002,RW,OpenEye,frontal_beta_n_epochs_used,16.0
sub-002,RW,OpenEye,global_theta_alpha_ratio_mean_linear,1.5753451760714945
sub-002,RW,OpenEye,global_theta_alpha_ratio_sd_linear,0.8807323188260735
sub-002,RW,OpenEye,global_theta_alpha_ratio_cv_linear,0.5590725970433941
sub-002,RW,OpenEye,global_theta_alpha_ratio_n_epochs_used,16.0
sub-002,RW,PVT,n_epochs_total,56.0
sub-002,RW,PVT,global_theta_mean_linear,4.240041318688082e-13
sub-002,RW,PVT,global_theta_mean_db,-123.7240253726369
sub-002,RW,PVT,global_theta_sd_linear,2.0827961344697554e-13
sub-002,RW,PVT,global_theta_cv_linear,
sub-002,RW,PVT,global_theta_n_epochs_used,56.0
sub-002,RW,PVT,posterior_alpha_mean_linear,3.617507031592606e-13
sub-002,RW,PVT,posterior_alpha_mean_db,-124.41324125436886
sub-002,RW,PVT,posterior_alpha_sd_linear,2.7092210132854054e-13
sub-002,RW,PVT,posterior_alpha_cv_linear,
sub-002,RW,PVT,posterior_alpha_n_epochs_used,56.0
sub-002,RW,PVT,frontal_theta_mean_linear,5.43735346055785e-13
sub-002,RW,PVT,frontal_theta_mean_db,-122.6443511817991
sub-002,RW,PVT,frontal_theta_sd_linear,4.630507102736823e-13
sub-002,RW,PVT,frontal_theta_cv_linear,
sub-002,RW,PVT,frontal_theta_n_epochs_used,56.0
sub-002,RW,PVT,frontocentral_theta_mean_linear,3.413697609018497e-13
sub-002,RW,PVT,frontocentral_theta_mean_db,-124.66492556208665
sub-002,RW,PVT,frontocentral_theta_sd_linear,2.2411625266300134e-13
sub-002,RW,PVT,frontocentral_theta_cv_linear,
sub-002,RW,PVT,frontocentral_theta_n_epochs_used,56.0
sub-002,RW,PVT,central_alpha_mean_linear,1.8667059308318819e-13
sub-002,RW,PVT,central_alpha_mean_db,-127.28407806563403
sub-002,RW,PVT,central_alpha_sd_linear,9.808746532031273e-14
sub-002,RW,PVT,central_alpha_cv_linear,
sub-002,RW,PVT,central_alpha_n_epochs_used,56.0
sub-002,RW,PVT,frontal_beta_mean_linear,3.100152702296632e-13
sub-002,RW,PVT,frontal_beta_mean_db,-125.08305967153868
sub-002,RW,PVT,frontal_beta_sd_linear,2.0918372992442005e-13
sub-002,RW,PVT,frontal_beta_cv_linear,
sub-002,RW,PVT,frontal_beta_n_epochs_used,56.0
sub-002,RW,PVT,global_theta_alpha_ratio_mean_linear,1.5206922757744497
sub-002,RW,PVT,global_theta_alpha_ratio_sd_linear,0.6240981519377293
sub-002,RW,PVT,global_theta_alpha_ratio_cv_linear,0.41040397316405913
sub-002,RW,PVT,global_theta_alpha_ratio_n_epochs_used,56.0
sub-002,SD,CloseEye,n_epochs_total,121.0
sub-002,SD,CloseEye,global_theta_mean_linear,1.3003061194328842e-12
sub-002,SD,CloseEye,global_theta_mean_db,-118.85880238351795
sub-002,SD,CloseEye,global_theta_sd_linear,5.412820504729314e-13
sub-002,SD,CloseEye,global_theta_cv_linear,
sub-002,SD,CloseEye,global_theta_n_epochs_used,121.0
sub-002,SD,CloseEye,posterior_alpha_mean_linear,1.0734560564272896e-12
sub-002,SD,CloseEye,posterior_alpha_mean_db,-119.69125904762977
sub-002,SD,CloseEye,posterior_alpha_sd_linear,1.6891022782182181e-12
sub-002,SD,CloseEye,posterior_alpha_cv_linear,
sub-002,SD,CloseEye,posterior_alpha_n_epochs_used,121.0
sub-002,SD,CloseEye,frontal_theta_mean_linear,8.503752963755682e-13
sub-002,SD,CloseEye,frontal_theta_mean_db,-120.70275979251086
sub-002,SD,CloseEye,frontal_theta_sd_linear,5.176740764910661e-13
sub-002,SD,CloseEye,frontal_theta_cv_linear,
sub-002,SD,CloseEye,frontal_theta_n_epochs_used,121.0
sub-002,SD,CloseEye,frontocentral_theta_mean_linear,5.37889518591332e-13
sub-002,SD,CloseEye,frontocentral_theta_mean_db,-122.69127675527615
sub-002,SD,CloseEye,frontocentral_theta_sd_linear,2.977406104887735e-13
sub-002,SD,CloseEye,frontocentral_theta_cv_linear,
sub-002,SD,CloseEye,frontocentral_theta_n_epochs_used,121.0
sub-002,SD,CloseEye,central_alpha_mean_linear,4.0974608892838815e-13
sub-002,SD,CloseEye,central_alpha_mean_db,-123.8724989930097
sub-002,SD,CloseEye,central_alpha_sd_linear,5.966099024105762e-13
sub-002,SD,CloseEye,central_alpha_cv_linear,
sub-002,SD,CloseEye,central_alpha_n_epochs_used,121.0
sub-002,SD,CloseEye,frontal_beta_mean_linear,1.8319167389054378e-13
sub-002,SD,CloseEye,frontal_beta_mean_db,-127.36568184238155
sub-002,SD,CloseEye,frontal_beta_sd_linear,9.605137246157406e-14
sub-002,SD,CloseEye,frontal_beta_cv_linear,
sub-002,SD,CloseEye,frontal_beta_n_epochs_used,121.0
sub-002,SD,CloseEye,global_theta_alpha_ratio_mean_linear,2.116571691178375
sub-002,SD,CloseEye,global_theta_alpha_ratio_sd_linear,1.277003224056544
sub-002,SD,CloseEye,global_theta_alpha_ratio_cv_linear,0.6033356816492184
sub-002,SD,CloseEye,global_theta_alpha_ratio_n_epochs_used,121.0
sub-002,SD,OpenEye,n_epochs_total,342.0
sub-002,SD,OpenEye,global_theta_mean_linear,9.305997792464045e-13
sub-002,SD,OpenEye,global_theta_mean_db,-120.31133442889501
sub-002,SD,OpenEye,global_theta_sd_linear,5.759244446486043e-13
sub-002,SD,OpenEye,global_theta_cv_linear,
sub-002,SD,OpenEye,global_theta_n_epochs_used,342.0
sub-002,SD,OpenEye,posterior_alpha_mean_linear,6.794008897074467e-13
sub-002,SD,OpenEye,posterior_alpha_mean_db,-121.67731974009511
sub-002,SD,OpenEye,posterior_alpha_sd_linear,1.1525779824973364e-12
sub-002,SD,OpenEye,posterior_alpha_cv_linear,
sub-002,SD,OpenEye,posterior_alpha_n_epochs_used,342.0
sub-002,SD,OpenEye,frontal_theta_mean_linear,6.885655214569092e-13
sub-002,SD,OpenEye,frontal_theta_mean_db,-121.61914701332964
sub-002,SD,OpenEye,frontal_theta_sd_linear,5.862673844725252e-13
sub-002,SD,OpenEye,frontal_theta_cv_linear,
sub-002,SD,OpenEye,frontal_theta_n_epochs_used,342.0
sub-002,SD,OpenEye,frontocentral_theta_mean_linear,5.106642797011903e-13
sub-002,SD,OpenEye,frontocentral_theta_mean_db,-122.91675722602298
sub-002,SD,OpenEye,frontocentral_theta_sd_linear,4.149546326352619e-13
sub-002,SD,OpenEye,frontocentral_theta_cv_linear,
sub-002,SD,OpenEye,frontocentral_theta_n_epochs_used,342.0
sub-002,SD,OpenEye,central_alpha_mean_linear,2.498305039037199e-13
sub-002,SD,OpenEye,central_alpha_mean_db,-126.0196871481117
sub-002,SD,OpenEye,central_alpha_sd_linear,1.903041400807998e-13
sub-002,SD,OpenEye,central_alpha_cv_linear,
sub-002,SD,OpenEye,central_alpha_n_epochs_used,342.0
sub-002,SD,OpenEye,frontal_beta_mean_linear,1.5908367545772276e-13
sub-002,SD,OpenEye,frontal_beta_mean_db,-127.97768630055461
sub-002,SD,OpenEye,frontal_beta_sd_linear,1.2464707099506315e-13
sub-002,SD,OpenEye,frontal_beta_cv_linear,
sub-002,SD,OpenEye,frontal_beta_n_epochs_used,342.0
sub-002,SD,OpenEye,global_theta_alpha_ratio_mean_linear,1.8614438380353182
sub-002,SD,OpenEye,global_theta_alpha_ratio_sd_linear,1.3026056529571304
sub-002,SD,OpenEye,global_theta_alpha_ratio_cv_linear,0.6997824088702993
sub-002,SD,OpenEye,global_theta_alpha_ratio_n_epochs_used,342.0
sub-002,SD,PVT,n_epochs_total,30.0
sub-002,SD,PVT,global_theta_mean_linear,7.637649341460283e-13
sub-002,SD,PVT,global_theta_mean_db,-121.16914043393945
sub-002,SD,PVT,global_theta_sd_linear,3.5381982369624936e-13
sub-002,SD,PVT,global_theta_cv_linear,
sub-002,SD,PVT,global_theta_n_epochs_used,30.0
sub-002,SD,PVT,posterior_alpha_mean_linear,1.446179235429737e-12
sub-002,SD,PVT,posterior_alpha_mean_db,-118.39711202527073
sub-002,SD,PVT,posterior_alpha_sd_linear,1.4548550316631326e-12
sub-002,SD,PVT,posterior_alpha_cv_linear,
sub-002,SD,PVT,posterior_alpha_n_epochs_used,30.0
sub-002,SD,PVT,frontal_theta_mean_linear,7.709499292984609e-13
sub-002,SD,PVT,frontal_theta_mean_db,-121.12848762041268
sub-002,SD,PVT,frontal_theta_sd_linear,5.16116355741094e-13
sub-002,SD,PVT,frontal_theta_cv_linear,
sub-002,SD,PVT,frontal_theta_n_epochs_used,30.0
sub-002,SD,PVT,frontocentral_theta_mean_linear,5.013113532028518e-13
sub-002,SD,PVT,frontocentral_theta_mean_db,-122.99700141405921
sub-002,SD,PVT,frontocentral_theta_sd_linear,2.6446173287829595e-13
sub-002,SD,PVT,frontocentral_theta_cv_linear,
sub-002,SD,PVT,frontocentral_theta_n_epochs_used,30.0
sub-002,SD,PVT,central_alpha_mean_linear,3.60926547468057e-13
sub-002,SD,PVT,central_alpha_mean_db,-124.42314073884478
sub-002,SD,PVT,central_alpha_sd_linear,3.2084591379964777e-13
sub-002,SD,PVT,central_alpha_cv_linear,
sub-002,SD,PVT,central_alpha_n_epochs_used,30.0
sub-002,SD,PVT,frontal_beta_mean_linear,3.5440735310868523e-13
sub-002,SD,PVT,frontal_beta_mean_db,-124.5022526553261
sub-002,SD,PVT,frontal_beta_sd_linear,2.0018522784082885e-13
sub-002,SD,PVT,frontal_beta_cv_linear,
sub-002,SD,PVT,frontal_beta_n_epochs_used,30.0
sub-002,SD,PVT,global_theta_alpha_ratio_mean_linear,1.3606082859566364
sub-002,SD,PVT,global_theta_alpha_ratio_sd_linear,0.9332559613631667
sub-002,SD,PVT,global_theta_alpha_ratio_cv_linear,0.6859108319386716
sub-002,SD,PVT,global_theta_alpha_ratio_n_epochs_used,30.0
sub-003,RW,CloseEye,n_epochs_total,306.0
sub-003,RW,CloseEye,global_theta_mean_linear,7.768179707839399e-13
sub-003,RW,CloseEye,global_theta_mean_db,-121.09556615671292
sub-003,RW,CloseEye,global_theta_sd_linear,3.822386837172639e-13
sub-003,RW,CloseEye,global_theta_cv_linear,
sub-003,RW,CloseEye,global_theta_n_epochs_used,306.0
sub-003,RW,CloseEye,posterior_alpha_mean_linear,1.3358659379855927e-11
sub-003,RW,CloseEye,posterior_alpha_mean_db,-108.74229904998346
sub-003,RW,CloseEye,posterior_alpha_sd_linear,7.722049557504694e-12
sub-003,RW,CloseEye,posterior_alpha_cv_linear,
sub-003,RW,CloseEye,posterior_alpha_n_epochs_used,306.0
sub-003,RW,CloseEye,frontal_theta_mean_linear,7.488270811015944e-13
sub-003,RW,CloseEye,frontal_theta_mean_db,-121.25489698557374
sub-003,RW,CloseEye,frontal_theta_sd_linear,4.816059905785445e-13
sub-003,RW,CloseEye,frontal_theta_cv_linear,
sub-003,RW,CloseEye,frontal_theta_n_epochs_used,306.0
sub-003,RW,CloseEye,frontocentral_theta_mean_linear,6.213638128669377e-13
sub-003,RW,CloseEye,frontocentral_theta_mean_db,-122.0649887530721
sub-003,RW,CloseEye,frontocentral_theta_sd_linear,3.936171634653177e-13
sub-003,RW,CloseEye,frontocentral_theta_cv_linear,
sub-003,RW,CloseEye,frontocentral_theta_n_epochs_used,306.0
sub-003,RW,CloseEye,central_alpha_mean_linear,3.0022143432815386e-12
sub-003,RW,CloseEye,central_alpha_mean_db,-115.2252618515155
sub-003,RW,CloseEye,central_alpha_sd_linear,1.793411102507242e-12
sub-003,RW,CloseEye,central_alpha_cv_linear,
sub-003,RW,CloseEye,central_alpha_n_epochs_used,306.0
sub-003,RW,CloseEye,frontal_beta_mean_linear,2.5033421184647417e-13
sub-003,RW,CloseEye,frontal_beta_mean_db,-126.01094748345992
sub-003,RW,CloseEye,frontal_beta_sd_linear,9.319400212938493e-14
sub-003,RW,CloseEye,frontal_beta_cv_linear,
sub-003,RW,CloseEye,frontal_beta_n_epochs_used,306.0
sub-003,RW,CloseEye,global_theta_alpha_ratio_mean_linear,0.21011962509965806
sub-003,RW,CloseEye,global_theta_alpha_ratio_sd_linear,0.28360747274200804
sub-003,RW,CloseEye,global_theta_alpha_ratio_cv_linear,1.3497429029177783
sub-003,RW,CloseEye,global_theta_alpha_ratio_n_epochs_used,306.0
sub-003,RW,OpenEye,n_epochs_total,183.0
sub-003,RW,OpenEye,global_theta_mean_linear,4.820506534022362e-13
sub-003,RW,OpenEye,global_theta_mean_db,-123.16707323274989
sub-003,RW,OpenEye,global_theta_sd_linear,2.1196852883231608e-13
sub-003,RW,OpenEye,global_theta_cv_linear,
sub-003,RW,OpenEye,global_theta_n_epochs_used,183.0
sub-003,RW,OpenEye,posterior_alpha_mean_linear,7.4563164321189e-12
sub-003,RW,OpenEye,posterior_alpha_mean_db,-111.27462736782624
sub-003,RW,OpenEye,posterior_alpha_sd_linear,6.689134299276884e-12
sub-003,RW,OpenEye,posterior_alpha_cv_linear,
sub-003,RW,OpenEye,posterior_alpha_n_epochs_used,183.0
sub-003,RW,OpenEye,frontal_theta_mean_linear,4.782943640332988e-13
sub-003,RW,OpenEye,frontal_theta_mean_db,-123.20103165392143
sub-003,RW,OpenEye,frontal_theta_sd_linear,2.6311005332267815e-13
sub-003,RW,OpenEye,frontal_theta_cv_linear,
sub-003,RW,OpenEye,frontal_theta_n_epochs_used,183.0
sub-003,RW,OpenEye,frontocentral_theta_mean_linear,3.973238956770095e-13
sub-003,RW,OpenEye,frontocentral_theta_mean_db,-124.00612677175823
sub-003,RW,OpenEye,frontocentral_theta_sd_linear,2.0790134060240742e-13
sub-003,RW,OpenEye,frontocentral_theta_cv_linear,
sub-003,RW,OpenEye,frontocentral_theta_n_epochs_used,183.0
sub-003,RW,OpenEye,central_alpha_mean_linear,1.6788156675034958e-12
sub-003,RW,OpenEye,central_alpha_mean_db,-117.74939549260012
sub-003,RW,OpenEye,central_alpha_sd_linear,1.4938926267480947e-12
sub-003,RW,OpenEye,central_alpha_cv_linear,
sub-003,RW,OpenEye,central_alpha_n_epochs_used,183.0
sub-003,RW,OpenEye,frontal_beta_mean_linear,3.3956786336194983e-13
sub-003,RW,OpenEye,frontal_beta_mean_db,-124.68789524170283
sub-003,RW,OpenEye,frontal_beta_sd_linear,1.087193052439974e-13
sub-003,RW,OpenEye,frontal_beta_cv_linear,
sub-003,RW,OpenEye,frontal_beta_n_epochs_used,183.0
sub-003,RW,OpenEye,global_theta_alpha_ratio_mean_linear,0.2582592427435467
sub-003,RW,OpenEye,global_theta_alpha_ratio_sd_linear,0.23574155448720893
sub-003,RW,OpenEye,global_theta_alpha_ratio_cv_linear,0.9128097487736452
sub-003,RW,OpenEye,global_theta_alpha_ratio_n_epochs_used,183.0
sub-003,RW,PVT,n_epochs_total,18.0
sub-003,RW,PVT,global_theta_mean_linear,6.777283900404322e-13
sub-003,RW,PVT,global_theta_mean_db,-121.68802056497071
sub-003,RW,PVT,global_theta_sd_linear,1.9132833002191788e-13
sub-003,RW,PVT,global_theta_cv_linear,
sub-003,RW,PVT,global_theta_n_epochs_used,18.0
sub-003,RW,PVT,posterior_alpha_mean_linear,1.6250268565470178e-12
sub-003,RW,PVT,posterior_alpha_mean_db,-117.89080118919499
sub-003,RW,PVT,posterior_alpha_sd_linear,1.5516423211350161e-12
sub-003,RW,PVT,posterior_alpha_cv_linear,
sub-003,RW,PVT,posterior_alpha_n_epochs_used,18.0
sub-003,RW,PVT,frontal_theta_mean_linear,5.842567899652333e-13
sub-003,RW,PVT,frontal_theta_mean_db,-122.33231211098922
sub-003,RW,PVT,frontal_theta_sd_linear,2.438957731486987e-13
sub-003,RW,PVT,frontal_theta_cv_linear,
sub-003,RW,PVT,frontal_theta_n_epochs_used,18.0
sub-003,RW,PVT,frontocentral_theta_mean_linear,4.663552882831684e-13
sub-003,RW,PVT,frontocentral_theta_mean_db,-123.31076363786462
sub-003,RW,PVT,frontocentral_theta_sd_linear,1.8372399011844912e-13
sub-003,RW,PVT,frontocentral_theta_cv_linear,
sub-003,RW,PVT,frontocentral_theta_n_epochs_used,18.0
sub-003,RW,PVT,central_alpha_mean_linear,3.7372703085094005e-13
sub-003,RW,PVT,central_alpha_mean_db,-124.27187536180115
sub-003,RW,PVT,central_alpha_sd_linear,1.5339151137022227e-13
sub-003,RW,PVT,central_alpha_cv_linear,
sub-003,RW,PVT,central_alpha_n_epochs_used,18.0
sub-003,RW,PVT,frontal_beta_mean_linear,3.9376050160334676e-13
sub-003,RW,PVT,frontal_beta_mean_db,-124.0452301739609
sub-003,RW,PVT,frontal_beta_sd_linear,2.696676472384331e-13
sub-003,RW,PVT,frontal_beta_cv_linear,
sub-003,RW,PVT,frontal_beta_n_epochs_used,18.0
sub-003,RW,PVT,global_theta_alpha_ratio_mean_linear,0.9134181708870608
sub-003,RW,PVT,global_theta_alpha_ratio_sd_linear,0.48605739131246706
sub-003,RW,PVT,global_theta_alpha_ratio_cv_linear,0.5321301971039564
sub-003,RW,PVT,global_theta_alpha_ratio_n_epochs_used,18.0
sub-003,SD,CloseEye,n_epochs_total,198.0
sub-003,SD,CloseEye,global_theta_mean_linear,1.3430933895186404e-12
sub-003,SD,CloseEye,global_theta_mean_db,-118.7182199536254
sub-003,SD,CloseEye,global_theta_sd_linear,9.549938755926232e-13
sub-003,SD,CloseEye,global_theta_cv_linear,
sub-003,SD,CloseEye,global_theta_n_epochs_used,198.0
sub-003,SD,CloseEye,posterior_alpha_mean_linear,2.3677801508157733e-12
sub-003,SD,CloseEye,posterior_alpha_mean_db,-116.25617899306106
sub-003,SD,CloseEye,posterior_alpha_sd_linear,3.935937641899792e-12
sub-003,SD,CloseEye,posterior_alpha_cv_linear,
sub-003,SD,CloseEye,posterior_alpha_n_epochs_used,198.0
sub-003,SD,CloseEye,frontal_theta_mean_linear,1.4261834795133406e-12
sub-003,SD,CloseEye,frontal_theta_mean_db,-118.4575698791358
sub-003,SD,CloseEye,frontal_theta_sd_linear,1.3106958409956795e-12
sub-003,SD,CloseEye,frontal_theta_cv_linear,
sub-003,SD,CloseEye,frontal_theta_n_epochs_used,198.0
sub-003,SD,CloseEye,frontocentral_theta_mean_linear,1.2076711489678528e-12
sub-003,SD,CloseEye,frontocentral_theta_mean_db,-119.17971465957189
sub-003,SD,CloseEye,frontocentral_theta_sd_linear,1.0906763479633249e-12
sub-003,SD,CloseEye,frontocentral_theta_cv_linear,
sub-003,SD,CloseEye,frontocentral_theta_n_epochs_used,198.0
sub-003,SD,CloseEye,central_alpha_mean_linear,8.214353145733783e-13
sub-003,SD,CloseEye,central_alpha_mean_db,-120.85309250636308
sub-003,SD,CloseEye,central_alpha_sd_linear,9.171764164681357e-13
sub-003,SD,CloseEye,central_alpha_cv_linear,
sub-003,SD,CloseEye,central_alpha_n_epochs_used,198.0
sub-003,SD,CloseEye,frontal_beta_mean_linear,1.7413613173015362e-13
sub-003,SD,CloseEye,frontal_beta_mean_db,-127.58557682047987
sub-003,SD,CloseEye,frontal_beta_sd_linear,1.2300332600713347e-13
sub-003,SD,CloseEye,frontal_beta_cv_linear,
sub-003,SD,CloseEye,frontal_beta_n_epochs_used,198.0
sub-003,SD,CloseEye,global_theta_alpha_ratio_mean_linear,1.847750558937194
sub-003,SD,CloseEye,global_theta_alpha_ratio_sd_linear,1.430454907404198
sub-003,SD,CloseEye,global_theta_alpha_ratio_cv_linear,0.7741601811377504
sub-003,SD,CloseEye,global_theta_alpha_ratio_n_epochs_used,198.0
sub-003,SD,OpenEye,n_epochs_total,463.0
sub-003,SD,OpenEye,global_theta_mean_linear,9.890112434593431e-13
sub-003,SD,OpenEye,global_theta_mean_db,-120.04701277895674
sub-003,SD,OpenEye,global_theta_sd_linear,1.0370058396665299e-12
sub-003,SD,OpenEye,global_theta_cv_linear,
sub-003,SD,OpenEye,global_theta_n_epochs_used,463.0
sub-003,SD,OpenEye,posterior_alpha_mean_linear,4.78088500570535e-12
sub-003,SD,OpenEye,posterior_alpha_mean_db,-113.20471532221686
sub-003,SD,OpenEye,posterior_alpha_sd_linear,5.656830345538043e-12
sub-003,SD,OpenEye,posterior_alpha_cv_linear,
sub-003,SD,OpenEye,posterior_alpha_n_epochs_used,463.0
sub-003,SD,OpenEye,frontal_theta_mean_linear,1.1322362251766742e-12
sub-003,SD,OpenEye,frontal_theta_mean_db,-119.45977792438741
sub-003,SD,OpenEye,frontal_theta_sd_linear,1.3483077640631505e-12
sub-003,SD,OpenEye,frontal_theta_cv_linear,
sub-003,SD,OpenEye,frontal_theta_n_epochs_used,463.0
sub-003,SD,OpenEye,frontocentral_theta_mean_linear,8.854814383077144e-13
sub-003,SD,OpenEye,frontocentral_theta_mean_db,-120.52711647512824
sub-003,SD,OpenEye,frontocentral_theta_sd_linear,1.094280737485503e-12
sub-003,SD,OpenEye,frontocentral_theta_cv_linear,
sub-003,SD,OpenEye,frontocentral_theta_n_epochs_used,463.0
sub-003,SD,OpenEye,central_alpha_mean_linear,1.387653283153213e-12
sub-003,SD,OpenEye,central_alpha_mean_db,-118.57649544614955
sub-003,SD,OpenEye,central_alpha_sd_linear,1.3598076000918371e-12
sub-003,SD,OpenEye,central_alpha_cv_linear,
sub-003,SD,OpenEye,central_alpha_n_epochs_used,463.0
sub-003,SD,OpenEye,frontal_beta_mean_linear,2.5392598760557465e-13
sub-003,SD,OpenEye,frontal_beta_mean_db,-125.94913248555926
sub-003,SD,OpenEye,frontal_beta_sd_linear,1.2135526114874285e-13
sub-003,SD,OpenEye,frontal_beta_cv_linear,
sub-003,SD,OpenEye,frontal_beta_n_epochs_used,463.0
sub-003,SD,OpenEye,global_theta_alpha_ratio_mean_linear,0.8964623256199676
sub-003,SD,OpenEye,global_theta_alpha_ratio_sd_linear,1.015725842857844
sub-003,SD,OpenEye,global_theta_alpha_ratio_cv_linear,1.1330379580150196
sub-003,SD,OpenEye,global_theta_alpha_ratio_n_epochs_used,463.0
sub-004,RW,CloseEye,n_epochs_total,402.0
sub-004,RW,CloseEye,global_theta_mean_linear,2.962471032105452e-12
sub-004,RW,CloseEye,global_theta_mean_db,-115.28313337380979
sub-004,RW,CloseEye,global_theta_sd_linear,1.473589076531346e-12
sub-004,RW,CloseEye,global_theta_cv_linear,
sub-004,RW,CloseEye,global_theta_n_epochs_used,402.0
sub-004,RW,CloseEye,posterior_alpha_mean_linear,2.521657635019689e-11
sub-004,RW,CloseEye,posterior_alpha_mean_db,-105.98310053676275
sub-004,RW,CloseEye,posterior_alpha_sd_linear,7.614765130857404e-12
sub-004,RW,CloseEye,posterior_alpha_cv_linear,
sub-004,RW,CloseEye,posterior_alpha_n_epochs_used,402.0
sub-004,RW,CloseEye,frontal_theta_mean_linear,2.6742495865292333e-12
sub-004,RW,CloseEye,frontal_theta_mean_db,-115.72762004427119
sub-004,RW,CloseEye,frontal_theta_sd_linear,1.8057469331163682e-12
sub-004,RW,CloseEye,frontal_theta_cv_linear,
sub-004,RW,CloseEye,frontal_theta_n_epochs_used,402.0
sub-004,RW,CloseEye,frontocentral_theta_mean_linear,2.0582732946094947e-12
sub-004,RW,CloseEye,frontocentral_theta_mean_db,-116.86450111982381
sub-004,RW,CloseEye,frontocentral_theta_sd_linear,1.162549950526719e-12
sub-004,RW,CloseEye,frontocentral_theta_cv_linear,
sub-004,RW,CloseEye,frontocentral_theta_n_epochs_used,402.0
sub-004,RW,CloseEye,central_alpha_mean_linear,6.880382490754642e-12
sub-004,RW,CloseEye,central_alpha_mean_db,-111.62373402631252
sub-004,RW,CloseEye,central_alpha_sd_linear,2.3625993928788127e-12
sub-004,RW,CloseEye,central_alpha_cv_linear,
sub-004,RW,CloseEye,central_alpha_n_epochs_used,402.0
sub-004,RW,CloseEye,frontal_beta_mean_linear,3.777153529232336e-13
sub-004,RW,CloseEye,frontal_beta_mean_db,-124.22580131802155
sub-004,RW,CloseEye,frontal_beta_sd_linear,1.286793872337866e-13
sub-004,RW,CloseEye,frontal_beta_cv_linear,
sub-004,RW,CloseEye,frontal_beta_n_epochs_used,402.0
sub-004,RW,CloseEye,global_theta_alpha_ratio_mean_linear,0.24875561063377194
sub-004,RW,CloseEye,global_theta_alpha_ratio_sd_linear,0.13052552144650756
sub-004,RW,CloseEye,global_theta_alpha_ratio_cv_linear,0.5247138792727469
sub-004,RW,CloseEye,global_theta_alpha_ratio_n_epochs_used,402.0
sub-004,RW,PVT,n_epochs_total,52.0
sub-004,RW,PVT,global_theta_mean_linear,1.360673855662289e-12
sub-004,RW,PVT,global_theta_mean_db,-118.66175094244576
sub-004,RW,PVT,global_theta_sd_linear,7.315940959318306e-13
sub-004,RW,PVT,global_theta_cv_linear,
sub-004,RW,PVT,global_theta_n_epochs_used,52.0
sub-004,RW,PVT,posterior_alpha_mean_linear,3.0633910595775246e-12
sub-004,RW,PVT,posterior_alpha_mean_db,-115.13766081509414
sub-004,RW,PVT,posterior_alpha_sd_linear,1.8968303874375656e-12
sub-004,RW,PVT,posterior_alpha_cv_linear,
sub-004,RW,PVT,posterior_alpha_n_epochs_used,52.0
sub-004,RW,PVT,frontal_theta_mean_linear,1.5322994359663164e-12
sub-004,RW,PVT,frontal_theta_mean_db,-118.14593429482841
sub-004,RW,PVT,frontal_theta_sd_linear,1.065877638576628e-12
sub-004,RW,PVT,frontal_theta_cv_linear,
sub-004,RW,PVT,frontal_theta_n_epochs_used,52.0
sub-004,RW,PVT,frontocentral_theta_mean_linear,1.0343542876272028e-12
sub-004,RW,PVT,frontocentral_theta_mean_db,-119.85237461069559
sub-004,RW,PVT,frontocentral_theta_sd_linear,6.394500420837825e-13
sub-004,RW,PVT,frontocentral_theta_cv_linear,
sub-004,RW,PVT,frontocentral_theta_n_epochs_used,52.0
sub-004,RW,PVT,central_alpha_mean_linear,1.7632816971024698e-12
sub-004,RW,PVT,central_alpha_mean_db,-117.5362361453284
sub-004,RW,PVT,central_alpha_sd_linear,1.220460967000078e-12
sub-004,RW,PVT,central_alpha_cv_linear,
sub-004,RW,PVT,central_alpha_n_epochs_used,52.0
sub-004,RW,PVT,frontal_beta_mean_linear,4.02798079743532e-13
sub-004,RW,PVT,frontal_beta_mean_db,-123.94673267319747
sub-004,RW,PVT,frontal_beta_sd_linear,1.489448458986443e-13
sub-004,RW,PVT,frontal_beta_cv_linear,
sub-004,RW,PVT,frontal_beta_n_epochs_used,52.0
sub-004,RW,PVT,global_theta_alpha_ratio_mean_linear,0.5375892915606233
sub-004,RW,PVT,global_theta_alpha_ratio_sd_linear,0.25592540415464937
sub-004,RW,PVT,global_theta_alpha_ratio_cv_linear,0.4760612016874389
sub-004,RW,PVT,global_theta_alpha_ratio_n_epochs_used,52.0
sub-004,SD,CloseEye,n_epochs_total,309.0
sub-004,SD,CloseEye,global_theta_mean_linear,2.300916223261652e-12
sub-004,SD,CloseEye,global_theta_mean_db,-116.38057285213421
sub-004,SD,CloseEye,global_theta_sd_linear,1.2092345180609303e-12
sub-004,SD,CloseEye,global_theta_cv_linear,
sub-004,SD,CloseEye,global_theta_n_epochs_used,309.0
sub-004,SD,CloseEye,posterior_alpha_mean_linear,1.4108676490657094e-11
sub-004,SD,CloseEye,posterior_alpha_mean_db,-108.50506889770082
sub-004,SD,CloseEye,posterior_alpha_sd_linear,7.875677901252433e-12
sub-004,SD,CloseEye,posterior_alpha_cv_linear,
sub-004,SD,CloseEye,posterior_alpha_n_epochs_used,309.0
sub-004,SD,CloseEye,frontal_theta_mean_linear,1.599910588501573e-12
sub-004,SD,CloseEye,frontal_theta_mean_db,-117.95844017694745
sub-004,SD,CloseEye,frontal_theta_sd_linear,1.086375849387789e-12
sub-004,SD,CloseEye,frontal_theta_cv_linear,
sub-004,SD,CloseEye,frontal_theta_n_epochs_used,309.0
sub-004,SD,CloseEye,frontocentral_theta_mean_linear,1.54436935704896e-12
sub-004,SD,CloseEye,frontocentral_theta_mean_db,-118.11186387097456
sub-004,SD,CloseEye,frontocentral_theta_sd_linear,1.031677744081229e-12
sub-004,SD,CloseEye,frontocentral_theta_cv_linear,
sub-004,SD,CloseEye,frontocentral_theta_n_epochs_used,309.0
sub-004,SD,CloseEye,central_alpha_mean_linear,7.399109689224625e-12
sub-004,SD,CloseEye,central_alpha_mean_db,-111.308075015414
sub-004,SD,CloseEye,central_alpha_sd_linear,3.8432759500975595e-12
sub-004,SD,CloseEye,central_alpha_cv_linear,
sub-004,SD,CloseEye,central_alpha_n_epochs_used,309.0
sub-004,SD,CloseEye,frontal_beta_mean_linear,2.4684831401695947e-13
sub-004,SD,CloseEye,frontal_beta_mean_db,-126.0717935439202
sub-004,SD,CloseEye,frontal_beta_sd_linear,1.1313681435174166e-13
sub-004,SD,CloseEye,frontal_beta_cv_linear,
sub-004,SD,CloseEye,frontal_beta_n_epochs_used,309.0
sub-004,SD,CloseEye,global_theta_alpha_ratio_mean_linear,0.28813755028283305
sub-004,SD,CloseEye,global_theta_alpha_ratio_sd_linear,0.21121932904700136
sub-004,SD,CloseEye,global_theta_alpha_ratio_cv_linear,0.7330503394634622
sub-004,SD,CloseEye,global_theta_alpha_ratio_n_epochs_used,309.0
sub-004,SD,OpenEye,n_epochs_total,282.0
sub-004,SD,OpenEye,global_theta_mean_linear,1.1363602150718355e-12
sub-004,SD,OpenEye,global_theta_mean_db,-119.44399126915798
sub-004,SD,OpenEye,global_theta_sd_linear,6.356862047662533e-13
sub-004,SD,OpenEye,global_theta_cv_linear,
sub-004,SD,OpenEye,global_theta_n_epochs_used,282.0
sub-004,SD,OpenEye,posterior_alpha_mean_linear,3.0166495060849096e-12
sub-004,SD,OpenEye,posterior_alpha_mean_db,-115.20443180383238
sub-004,SD,OpenEye,posterior_alpha_sd_linear,2.8887718679551235e-12
sub-004,SD,OpenEye,posterior_alpha_cv_linear,
sub-004,SD,OpenEye,posterior_alpha_n_epochs_used,282.0
sub-004,SD,OpenEye,frontal_theta_mean_linear,8.268788404427084e-13
sub-004,SD,OpenEye,frontal_theta_mean_db,-120.8244151445313
sub-004,SD,OpenEye,frontal_theta_sd_linear,5.864613577512592e-13
sub-004,SD,OpenEye,frontal_theta_cv_linear,
sub-004,SD,OpenEye,frontal_theta_n_epochs_used,282.0
sub-004,SD,OpenEye,frontocentral_theta_mean_linear,7.845184958811049e-13
sub-004,SD,OpenEye,frontocentral_theta_mean_db,-121.05273910721236
sub-004,SD,OpenEye,frontocentral_theta_sd_linear,5.539643415623806e-13
sub-004,SD,OpenEye,frontocentral_theta_cv_linear,
sub-004,SD,OpenEye,frontocentral_theta_n_epochs_used,282.0
sub-004,SD,OpenEye,central_alpha_mean_linear,1.867590769728798e-12
sub-004,SD,OpenEye,central_alpha_mean_db,-117.28666649398916
sub-004,SD,OpenEye,central_alpha_sd_linear,1.3128315119852362e-12
sub-004,SD,OpenEye,central_alpha_cv_linear,
sub-004,SD,OpenEye,central_alpha_n_epochs_used,282.0
sub-004,SD,OpenEye,frontal_beta_mean_linear,1.7496115543919135e-13
sub-004,SD,OpenEye,frontal_beta_mean_db,-127.56507544731706
sub-004,SD,OpenEye,frontal_beta_sd_linear,7.539779664705885e-14
sub-004,SD,OpenEye,frontal_beta_cv_linear,
sub-004,SD,OpenEye,frontal_beta_n_epochs_used,282.0
sub-004,SD,OpenEye,global_theta_alpha_ratio_mean_linear,0.5520786418781934
sub-004,SD,OpenEye,global_theta_alpha_ratio_sd_linear,0.43431448496172476
sub-004,SD,OpenEye,global_theta_alpha_ratio_cv_linear,0.7866895257606226
sub-004,SD,OpenEye,global_theta_alpha_ratio_n_epochs_used,282.0
sub-004,SD,PVT,n_epochs_total,51.0
sub-004,SD,PVT,global_theta_mean_linear,1.6895696151969138e-12
sub-004,SD,PVT,global_theta_mean_db,-117.72166837739016
sub-004,SD,PVT,global_theta_sd_linear,8.02042947425099e-13
sub-004,SD,PVT,global_theta_cv_linear,
sub-004,SD,PVT,global_theta_n_epochs_used,51.0
sub-004,SD,PVT,posterior_alpha_mean_linear,2.957968468608068e-12
sub-004,SD,PVT,posterior_alpha_mean_db,-115.28973860030538
sub-004,SD,PVT,posterior_alpha_sd_linear,5.1169678502737145e-12
sub-004,SD,PVT,posterior_alpha_cv_linear,
sub-004,SD,PVT,posterior_alpha_n_epochs_used,51.0
sub-004,SD,PVT,frontal_theta_mean_linear,1.4473548741468667e-12
sub-004,SD,PVT,frontal_theta_mean_db,-118.39358350224413
sub-004,SD,PVT,frontal_theta_sd_linear,9.962766496410294e-13
sub-004,SD,PVT,frontal_theta_cv_linear,
sub-004,SD,PVT,frontal_theta_n_epochs_used,51.0
sub-004,SD,PVT,frontocentral_theta_mean_linear,1.377914483107487e-12
sub-004,SD,PVT,frontocentral_theta_mean_db,-118.60707756089474
sub-004,SD,PVT,frontocentral_theta_sd_linear,9.25976562361516e-13
sub-004,SD,PVT,frontocentral_theta_cv_linear,
sub-004,SD,PVT,frontocentral_theta_n_epochs_used,51.0
sub-004,SD,PVT,central_alpha_mean_linear,1.725216705623481e-12
sub-004,SD,PVT,central_alpha_mean_db,-117.63100452721348
sub-004,SD,PVT,central_alpha_sd_linear,1.6170237404711973e-12
sub-004,SD,PVT,central_alpha_cv_linear,
sub-004,SD,PVT,central_alpha_n_epochs_used,51.0
sub-004,SD,PVT,frontal_beta_mean_linear,2.2008288722756734e-13
sub-004,SD,PVT,frontal_beta_mean_db,-126.56975780454033
sub-004,SD,PVT,frontal_beta_sd_linear,1.0087812921751864e-13
sub-004,SD,PVT,frontal_beta_cv_linear,
sub-004,SD,PVT,frontal_beta_n_epochs_used,51.0
sub-004,SD,PVT,global_theta_alpha_ratio_mean_linear,0.9216675948014642
sub-004,SD,PVT,global_theta_alpha_ratio_sd_linear,0.5181291662096666
sub-004,SD,PVT,global_theta_alpha_ratio_cv_linear,0.5621648945152253
sub-004,SD,PVT,global_theta_alpha_ratio_n_epochs_used,51.0
sub-005,RW,CloseEye,n_epochs_total,374.0
sub-005,RW,CloseEye,global_theta_mean_linear,2.7476441037580553e-12
sub-005,RW,CloseEye,global_theta_mean_db,-115.6100442606778
sub-005,RW,CloseEye,global_theta_sd_linear,1.5431541081882305e-12
sub-005,RW,CloseEye,global_theta_cv_linear,
sub-005,RW,CloseEye,global_theta_n_epochs_used,374.0
sub-005,RW,CloseEye,posterior_alpha_mean_linear,1.9369119187355887e-11
sub-005,RW,CloseEye,posterior_alpha_mean_db,-107.12885149760469
sub-005,RW,CloseEye,posterior_alpha_sd_linear,6.30685248442748e-12
sub-005,RW,CloseEye,posterior_alpha_cv_linear,
sub-005,RW,CloseEye,posterior_alpha_n_epochs_used,374.0
sub-005,RW,CloseEye,frontal_theta_mean_linear,2.8445401138169042e-12
sub-005,RW,CloseEye,frontal_theta_mean_db,-115.45954037740916
sub-005,RW,CloseEye,frontal_theta_sd_linear,2.0076910834092022e-12
sub-005,RW,CloseEye,frontal_theta_cv_linear,
sub-005,RW,CloseEye,frontal_theta_n_epochs_used,374.0
sub-005,RW,CloseEye,frontocentral_theta_mean_linear,2.5610266145068045e-12
sub-005,RW,CloseEye,frontocentral_theta_mean_db,-115.91548255956499
sub-005,RW,CloseEye,frontocentral_theta_sd_linear,1.6571487853318445e-12
sub-005,RW,CloseEye,frontocentral_theta_cv_linear,
sub-005,RW,CloseEye,frontocentral_theta_n_epochs_used,374.0
sub-005,RW,CloseEye,central_alpha_mean_linear,6.7191298261584396e-12
sub-005,RW,CloseEye,central_alpha_mean_db,-111.72672615714913
sub-005,RW,CloseEye,central_alpha_sd_linear,2.69406146114865e-12
sub-005,RW,CloseEye,central_alpha_cv_linear,
sub-005,RW,CloseEye,central_alpha_n_epochs_used,374.0
sub-005,RW,CloseEye,frontal_beta_mean_linear,2.798208569766498e-13
sub-005,RW,CloseEye,frontal_beta_mean_db,-125.52775431183144
sub-005,RW,CloseEye,frontal_beta_sd_linear,8.607746514294644e-14
sub-005,RW,CloseEye,frontal_beta_cv_linear,
sub-005,RW,CloseEye,frontal_beta_n_epochs_used,374.0
sub-005,RW,CloseEye,global_theta_alpha_ratio_mean_linear,0.27835088477793984
sub-005,RW,CloseEye,global_theta_alpha_ratio_sd_linear,0.16368604587808264
sub-005,RW,CloseEye,global_theta_alpha_ratio_cv_linear,0.5880564957020575
sub-005,RW,CloseEye,global_theta_alpha_ratio_n_epochs_used,374.0
sub-005,RW,OpenEye,n_epochs_total,436.0
sub-005,RW,OpenEye,global_theta_mean_linear,1.2396898326178621e-12
sub-005,RW,OpenEye,global_theta_mean_db,-119.06609179834413
sub-005,RW,OpenEye,global_theta_sd_linear,7.678956154143357e-13
sub-005,RW,OpenEye,global_theta_cv_linear,
sub-005,RW,OpenEye,global_theta_n_epochs_used,436.0
sub-005,RW,OpenEye,posterior_alpha_mean_linear,2.6946045103803477e-12
sub-005,RW,OpenEye,posterior_alpha_mean_db,-115.69469181733953
sub-005,RW,OpenEye,posterior_alpha_sd_linear,2.4674855572117236e-12
sub-005,RW,OpenEye,posterior_alpha_cv_linear,
sub-005,RW,OpenEye,posterior_alpha_n_epochs_used,436.0
sub-005,RW,OpenEye,frontal_theta_mean_linear,1.3321732500032583e-12
sub-005,RW,OpenEye,frontal_theta_mean_db,-118.75366909701448
sub-005,RW,OpenEye,frontal_theta_sd_linear,9.874743985052549e-13
sub-005,RW,OpenEye,frontal_theta_cv_linear,
sub-005,RW,OpenEye,frontal_theta_n_epochs_used,436.0
sub-005,RW,OpenEye,frontocentral_theta_mean_linear,1.082292626681581e-12
sub-005,RW,OpenEye,frontocentral_theta_mean_db,-119.65566208955572
sub-005,RW,OpenEye,frontocentral_theta_sd_linear,7.998254005682332e-13
sub-005,RW,OpenEye,frontocentral_theta_cv_linear,
sub-005,RW,OpenEye,frontocentral_theta_n_epochs_used,436.0
sub-005,RW,OpenEye,central_alpha_mean_linear,1.6884702625972007e-12
sub-005,RW,OpenEye,central_alpha_mean_db,-117.72449475033872
sub-005,RW,OpenEye,central_alpha_sd_linear,1.3028959418549495e-12
sub-005,RW,OpenEye,central_alpha_cv_linear,
sub-005,RW,OpenEye,central_alpha_n_epochs_used,436.0
sub-005,RW,OpenEye,frontal_beta_mean_linear,2.2724484412888696e-13
sub-005,RW,OpenEye,frontal_beta_mean_db,-126.43081812575046
sub-005,RW,OpenEye,frontal_beta_sd_linear,7.528978889269559e-14
sub-005,RW,OpenEye,frontal_beta_cv_linear,
sub-005,RW,OpenEye,frontal_beta_n_epochs_used,436.0
sub-005,RW,OpenEye,global_theta_alpha_ratio_mean_linear,0.8543233269737632
sub-005,RW,OpenEye,global_theta_alpha_ratio_sd_linear,0.5431945634350652
sub-005,RW,OpenEye,global_theta_alpha_ratio_cv_linear,0.6358184849747722
sub-005,RW,OpenEye,global_theta_alpha_ratio_n_epochs_used,436.0
sub-005,RW,PVT,n_epochs_total,25.0
sub-005,RW,PVT,global_theta_mean_linear,2.1866924163991004e-12
sub-005,RW,PVT,global_theta_mean_db,-116.60168203629239
sub-005,RW,PVT,global_theta_sd_linear,8.813863553682429e-13
sub-005,RW,PVT,global_theta_cv_linear,
sub-005,RW,PVT,global_theta_n_epochs_used,25.0
sub-005,RW,PVT,posterior_alpha_mean_linear,1.2318409772069042e-12
sub-005,RW,PVT,posterior_alpha_mean_db,-119.09367076810314
sub-005,RW,PVT,posterior_alpha_sd_linear,1.7659728632455658e-12
sub-005,RW,PVT,posterior_alpha_cv_linear,
sub-005,RW,PVT,posterior_alpha_n_epochs_used,25.0
sub-005,RW,PVT,frontal_theta_mean_linear,3.338825608917354e-12
sub-005,RW,PVT,frontal_theta_mean_db,-114.76377382828203
sub-005,RW,PVT,frontal_theta_sd_linear,1.967408623073175e-12
sub-005,RW,PVT,frontal_theta_cv_linear,
sub-005,RW,PVT,frontal_theta_n_epochs_used,25.0
sub-005,RW,PVT,frontocentral_theta_mean_linear,1.594009396821718e-12
sub-005,RW,PVT,frontocentral_theta_mean_db,-117.97448629967437
sub-005,RW,PVT,frontocentral_theta_sd_linear,7.572261462427593e-13
sub-005,RW,PVT,frontocentral_theta_cv_linear,
sub-005,RW,PVT,frontocentral_theta_n_epochs_used,25.0
sub-005,RW,PVT,central_alpha_mean_linear,4.938437336366155e-13
sub-005,RW,PVT,central_alpha_mean_db,-123.06215226733073
sub-005,RW,PVT,central_alpha_sd_linear,3.769988065637401e-13
sub-005,RW,PVT,central_alpha_cv_linear,
sub-005,RW,PVT,central_alpha_n_epochs_used,25.0
sub-005,RW,PVT,frontal_beta_mean_linear,3.21235118223644e-13
sub-005,RW,PVT,frontal_beta_mean_db,-124.92876892682816
sub-005,RW,PVT,frontal_beta_sd_linear,1.2427209885617626e-13
sub-005,RW,PVT,frontal_beta_cv_linear,
sub-005,RW,PVT,frontal_beta_n_epochs_used,25.0
sub-005,RW,PVT,global_theta_alpha_ratio_mean_linear,3.5054933311672998
sub-005,RW,PVT,global_theta_alpha_ratio_sd_linear,2.0213802672282264
sub-005,RW,PVT,global_theta_alpha_ratio_cv_linear,0.5766321816265226
sub-005,RW,PVT,global_theta_alpha_ratio_n_epochs_used,25.0
sub-005,SD,CloseEye,n_epochs_total,336.0
sub-005,SD,CloseEye,global_theta_mean_linear,3.646323955071588e-12
sub-005,SD,CloseEye,global_theta_mean_db,-114.38118303620337
sub-005,SD,CloseEye,global_theta_sd_linear,4.565840712760468e-12
sub-005,SD,CloseEye,global_theta_cv_linear,
sub-005,SD,CloseEye,global_theta_n_epochs_used,336.0
sub-005,SD,CloseEye,posterior_alpha_mean_linear,1.7303673871574047e-11
sub-005,SD,CloseEye,posterior_alpha_mean_db,-107.61856105864682
sub-005,SD,CloseEye,posterior_alpha_sd_linear,1.1544908408982328e-11
sub-005,SD,CloseEye,posterior_alpha_cv_linear,
sub-005,SD,CloseEye,posterior_alpha_n_epochs_used,336.0
sub-005,SD,CloseEye,frontal_theta_mean_linear,3.8333209394156665e-12
sub-005,SD,CloseEye,frontal_theta_mean_db,-114.16399662806
sub-005,SD,CloseEye,frontal_theta_sd_linear,6.952042602864365e-12
sub-005,SD,CloseEye,frontal_theta_cv_linear,
sub-005,SD,CloseEye,frontal_theta_n_epochs_used,336.0
sub-005,SD,CloseEye,frontocentral_theta_mean_linear,3.2697295277967043e-12
sub-005,SD,CloseEye,frontocentral_theta_mean_db,-114.85458679142309
sub-005,SD,CloseEye,frontocentral_theta_sd_linear,4.778223033951061e-12
sub-005,SD,CloseEye,frontocentral_theta_cv_linear,
sub-005,SD,CloseEye,frontocentral_theta_n_epochs_used,336.0
sub-005,SD,CloseEye,central_alpha_mean_linear,4.818767870570824e-12
sub-005,SD,CloseEye,central_alpha_mean_db,-113.17043982557082
sub-005,SD,CloseEye,central_alpha_sd_linear,2.9796743676293664e-12
sub-005,SD,CloseEye,central_alpha_cv_linear,
sub-005,SD,CloseEye,central_alpha_n_epochs_used,336.0
sub-005,SD,CloseEye,frontal_beta_mean_linear,2.819303191229219e-13
sub-005,SD,CloseEye,frontal_beta_mean_db,-125.49516307082187
sub-005,SD,CloseEye,frontal_beta_sd_linear,1.2865130522342025e-13
sub-005,SD,CloseEye,frontal_beta_cv_linear,
sub-005,SD,CloseEye,frontal_beta_n_epochs_used,336.0
sub-005,SD,CloseEye,global_theta_alpha_ratio_mean_linear,0.5881625803696106
sub-005,SD,CloseEye,global_theta_alpha_ratio_sd_linear,0.7392280662292923
sub-005,SD,CloseEye,global_theta_alpha_ratio_cv_linear,1.256843075199972
sub-005,SD,CloseEye,global_theta_alpha_ratio_n_epochs_used,336.0
sub-005,SD,OpenEye,n_epochs_total,235.0
sub-005,SD,OpenEye,global_theta_mean_linear,2.1299302756880828e-12
sub-005,SD,OpenEye,global_theta_mean_db,-116.71589340459137
sub-005,SD,OpenEye,global_theta_sd_linear,1.918474325057666e-12
sub-005,SD,OpenEye,global_theta_cv_linear,
sub-005,SD,OpenEye,global_theta_n_epochs_used,235.0
sub-005,SD,OpenEye,posterior_alpha_mean_linear,4.139214462369735e-12
sub-005,SD,OpenEye,posterior_alpha_mean_db,-113.83058774475111
sub-005,SD,OpenEye,posterior_alpha_sd_linear,6.114475430420563e-12
sub-005,SD,OpenEye,posterior_alpha_cv_linear,
sub-005,SD,OpenEye,posterior_alpha_n_epochs_used,235.0
sub-005,SD,OpenEye,frontal_theta_mean_linear,1.8181008958354078e-12
sub-005,SD,OpenEye,frontal_theta_mean_db,-117.40328982062385
sub-005,SD,OpenEye,frontal_theta_sd_linear,2.440577081081925e-12
sub-005,SD,OpenEye,frontal_theta_cv_linear,
sub-005,SD,OpenEye,frontal_theta_n_epochs_used,235.0
sub-005,SD,OpenEye,frontocentral_theta_mean_linear,1.407088041208722e-12
sub-005,SD,OpenEye,frontocentral_theta_mean_db,-118.51610199850043
sub-005,SD,OpenEye,frontocentral_theta_sd_linear,1.6561779154100799e-12
sub-005,SD,OpenEye,frontocentral_theta_cv_linear,
sub-005,SD,OpenEye,frontocentral_theta_n_epochs_used,235.0
sub-005,SD,OpenEye,central_alpha_mean_linear,1.4485299359613569e-12
sub-005,SD,OpenEye,central_alpha_mean_db,-118.39005957310717
sub-005,SD,OpenEye,central_alpha_sd_linear,1.4321084299290204e-12
sub-005,SD,OpenEye,central_alpha_cv_linear,
sub-005,SD,OpenEye,central_alpha_n_epochs_used,235.0
sub-005,SD,OpenEye,frontal_beta_mean_linear,2.414918462432658e-13
sub-005,SD,OpenEye,frontal_beta_mean_db,-126.1669839077824
sub-005,SD,OpenEye,frontal_beta_sd_linear,1.1098588084257525e-13
sub-005,SD,OpenEye,frontal_beta_cv_linear,
sub-005,SD,OpenEye,frontal_beta_n_epochs_used,235.0
sub-005,SD,OpenEye,global_theta_alpha_ratio_mean_linear,1.2177590401297786
sub-005,SD,OpenEye,global_theta_alpha_ratio_sd_linear,0.8080523798438477
sub-005,SD,OpenEye,global_theta_alpha_ratio_cv_linear,0.6635568722673839
sub-005,SD,OpenEye,global_theta_alpha_ratio_n_epochs_used,235.0
sub-005,SD,PVT,n_epochs_total,15.0
sub-005,SD,PVT,global_theta_mean_linear,1.939663908193229e-12
sub-005,SD,PVT,global_theta_mean_db,-117.12223801784393
sub-005,SD,PVT,global_theta_sd_linear,1.1559059725438239e-12
sub-005,SD,PVT,global_theta_cv_linear,
sub-005,SD,PVT,global_theta_n_epochs_used,15.0
sub-005,SD,PVT,posterior_alpha_mean_linear,7.875660685743744e-12
sub-005,SD,PVT,posterior_alpha_mean_db,-111.03700759006955
sub-005,SD,PVT,posterior_alpha_sd_linear,1.0376683020952755e-11
sub-005,SD,PVT,posterior_alpha_cv_linear,
sub-005,SD,PVT,posterior_alpha_n_epochs_used,15.0
sub-005,SD,PVT,frontal_theta_mean_linear,2.0615465634682285e-12
sub-005,SD,PVT,frontal_theta_mean_db,-116.85760077110643
sub-005,SD,PVT,frontal_theta_sd_linear,1.118858421448973e-12
sub-005,SD,PVT,frontal_theta_cv_linear,
sub-005,SD,PVT,frontal_theta_n_epochs_used,15.0
sub-005,SD,PVT,frontocentral_theta_mean_linear,1.7086994016414709e-12
sub-005,SD,PVT,frontocentral_theta_mean_db,-117.6727789997429
sub-005,SD,PVT,frontocentral_theta_sd_linear,8.893956783378429e-13
sub-005,SD,PVT,frontocentral_theta_cv_linear,
sub-005,SD,PVT,frontocentral_theta_n_epochs_used,15.0
sub-005,SD,PVT,central_alpha_mean_linear,2.388769859822755e-12
sub-005,SD,PVT,central_alpha_mean_db,-116.21785321940513
sub-005,SD,PVT,central_alpha_sd_linear,2.6614286168146737e-12
sub-005,SD,PVT,central_alpha_cv_linear,
sub-005,SD,PVT,central_alpha_n_epochs_used,15.0
sub-005,SD,PVT,frontal_beta_mean_linear,2.5514854832893653e-13
sub-005,SD,PVT,frontal_beta_mean_db,-125.92829115145675
sub-005,SD,PVT,frontal_beta_sd_linear,1.4320254902174701e-13
sub-005,SD,PVT,frontal_beta_cv_linear,
sub-005,SD,PVT,frontal_beta_n_epochs_used,15.0
sub-005,SD,PVT,global_theta_alpha_ratio_mean_linear,1.8146771076637795
sub-005,SD,PVT,global_theta_alpha_ratio_sd_linear,1.696485758037153
sub-005,SD,PVT,global_theta_alpha_ratio_cv_linear,0.9348692121989755
sub-005,SD,PVT,global_theta_alpha_ratio_n_epochs_used,15.0
sub-006,RW,CloseEye,n_epochs_total,330.0
sub-006,RW,CloseEye,global_theta_mean_linear,9.457002164518691e-13
sub-006,RW,CloseEye,global_theta_mean_db,-120.24144553853327
sub-006,RW,CloseEye,global_theta_sd_linear,4.383645786472738e-13
sub-006,RW,CloseEye,global_theta_cv_linear,
sub-006,RW,CloseEye,global_theta_n_epochs_used,330.0
sub-006,RW,CloseEye,posterior_alpha_mean_linear,1.027439027468512e-11
sub-006,RW,CloseEye,posterior_alpha_mean_db,-109.88234555901474
sub-006,RW,CloseEye,posterior_alpha_sd_linear,4.6393893786534525e-12
sub-006,RW,CloseEye,posterior_alpha_cv_linear,
sub-006,RW,CloseEye,posterior_alpha_n_epochs_used,330.0
sub-006,RW,CloseEye,frontal_theta_mean_linear,7.215373379782156e-13
sub-006,RW,CloseEye,frontal_theta_mean_db,-121.41607561756076
sub-006,RW,CloseEye,frontal_theta_sd_linear,4.660948408413714e-13
sub-006,RW,CloseEye,frontal_theta_cv_linear,
sub-006,RW,CloseEye,frontal_theta_n_epochs_used,330.0
sub-006,RW,CloseEye,frontocentral_theta_mean_linear,7.108448717933996e-13
sub-006,RW,CloseEye,frontocentral_theta_mean_db,-121.48089527181547
sub-006,RW,CloseEye,frontocentral_theta_sd_linear,3.949085301218879e-13
sub-006,RW,CloseEye,frontocentral_theta_cv_linear,
sub-006,RW,CloseEye,frontocentral_theta_n_epochs_used,330.0
sub-006,RW,CloseEye,central_alpha_mean_linear,1.5321263069471211e-12
sub-006,RW,CloseEye,central_alpha_mean_db,-118.14642494521092
sub-006,RW,CloseEye,central_alpha_sd_linear,7.156757644445532e-13
sub-006,RW,CloseEye,central_alpha_cv_linear,
sub-006,RW,CloseEye,central_alpha_n_epochs_used,330.0
sub-006,RW,CloseEye,frontal_beta_mean_linear,2.730269505425459e-13
sub-006,RW,CloseEye,frontal_beta_mean_db,-125.63441426460459
sub-006,RW,CloseEye,frontal_beta_sd_linear,1.787438294237663e-13
sub-006,RW,CloseEye,frontal_beta_cv_linear,
sub-006,RW,CloseEye,frontal_beta_n_epochs_used,330.0
sub-006,RW,CloseEye,global_theta_alpha_ratio_mean_linear,0.23992120609577539
sub-006,RW,CloseEye,global_theta_alpha_ratio_sd_linear,0.18055563595450294
sub-006,RW,CloseEye,global_theta_alpha_ratio_cv_linear,0.7525622219589286
sub-006,RW,CloseEye,global_theta_alpha_ratio_n_epochs_used,330.0
sub-006,RW,OpenEye,n_epochs_total,299.0
sub-006,RW,OpenEye,global_theta_mean_linear,6.072235829879078e-13
sub-006,RW,OpenEye,global_theta_mean_db,-122.16492589652606
sub-006,RW,OpenEye,global_theta_sd_linear,1.8775164674988345e-13
sub-006,RW,OpenEye,global_theta_cv_linear,
sub-006,RW,OpenEye,global_theta_n_epochs_used,299.0
sub-006,RW,OpenEye,posterior_alpha_mean_linear,6.972613839508318e-13
sub-006,RW,OpenEye,posterior_alpha_mean_db,-121.56466106294202
sub-006,RW,OpenEye,posterior_alpha_sd_linear,3.507449759791803e-13
sub-006,RW,OpenEye,posterior_alpha_cv_linear,
sub-006,RW,OpenEye,posterior_alpha_n_epochs_used,299.0
sub-006,RW,OpenEye,frontal_theta_mean_linear,4.4879095469661347e-13
sub-006,RW,OpenEye,frontal_theta_mean_db,-123.47741085626511
sub-006,RW,OpenEye,frontal_theta_sd_linear,2.0520039459946562e-13
sub-006,RW,OpenEye,frontal_theta_cv_linear,
sub-006,RW,OpenEye,frontal_theta_n_epochs_used,299.0
sub-006,RW,OpenEye,frontocentral_theta_mean_linear,4.4930046987810546e-13
sub-006,RW,OpenEye,frontocentral_theta_mean_db,-123.47248551604004
sub-006,RW,OpenEye,frontocentral_theta_sd_linear,1.7474726551208828e-13
sub-006,RW,OpenEye,frontocentral_theta_cv_linear,
sub-006,RW,OpenEye,frontocentral_theta_n_epochs_used,299.0
sub-006,RW,OpenEye,central_alpha_mean_linear,4.1745539050131437e-13
sub-006,RW,OpenEye,central_alpha_mean_db,-123.79158986725676
sub-006,RW,OpenEye,central_alpha_sd_linear,2.2568371989552762e-13
sub-006,RW,OpenEye,central_alpha_cv_linear,
sub-006,RW,OpenEye,central_alpha_n_epochs_used,299.0
sub-006,RW,OpenEye,frontal_beta_mean_linear,3.3213299534915806e-13
sub-006,RW,OpenEye,frontal_beta_mean_db,-124.78397731038626
sub-006,RW,OpenEye,frontal_beta_sd_linear,2.353282462647272e-13
sub-006,RW,OpenEye,frontal_beta_cv_linear,
sub-006,RW,OpenEye,frontal_beta_n_epochs_used,299.0
sub-006,RW,OpenEye,global_theta_alpha_ratio_mean_linear,1.13890147073642
sub-006,RW,OpenEye,global_theta_alpha_ratio_sd_linear,0.4369657995662744
sub-006,RW,OpenEye,global_theta_alpha_ratio_cv_linear,0.3836730488052929
sub-006,RW,OpenEye,global_theta_alpha_ratio_n_epochs_used,299.0
sub-006,RW,PVT,n_epochs_total,44.0
sub-006,RW,PVT,global_theta_mean_linear,5.455368054695222e-13
sub-006,RW,PVT,global_theta_mean_db,-122.62999213003462
sub-006,RW,PVT,global_theta_sd_linear,2.0560348862928344e-13
sub-006,RW,PVT,global_theta_cv_linear,
sub-006,RW,PVT,global_theta_n_epochs_used,44.0
sub-006,RW,PVT,posterior_alpha_mean_linear,7.272867604362779e-13
sub-006,RW,PVT,posterior_alpha_mean_db,-121.38161746042857
sub-006,RW,PVT,posterior_alpha_sd_linear,3.5427645437129583e-13
sub-006,RW,PVT,posterior_alpha_cv_linear,
sub-006,RW,PVT,posterior_alpha_n_epochs_used,44.0
sub-006,RW,PVT,frontal_theta_mean_linear,5.494095378613426e-13
sub-006,RW,PVT,frontal_theta_mean_db,-122.599283201684
sub-006,RW,PVT,frontal_theta_sd_linear,3.450858287130504e-13
sub-006,RW,PVT,frontal_theta_cv_linear,
sub-006,RW,PVT,frontal_theta_n_epochs_used,44.0
sub-006,RW,PVT,frontocentral_theta_mean_linear,4.332372441279939e-13
sub-006,RW,PVT,frontocentral_theta_mean_db,-123.63051685982278
sub-006,RW,PVT,frontocentral_theta_sd_linear,2.112393568559188e-13
sub-006,RW,PVT,frontocentral_theta_cv_linear,
sub-006,RW,PVT,frontocentral_theta_n_epochs_used,44.0
sub-006,RW,PVT,central_alpha_mean_linear,3.4599365640306013e-13
sub-006,RW,PVT,central_alpha_mean_db,-124.60653240601275
sub-006,RW,PVT,central_alpha_sd_linear,2.1590187403643954e-13
sub-006,RW,PVT,central_alpha_cv_linear,
sub-006,RW,PVT,central_alpha_n_epochs_used,44.0
sub-006,RW,PVT,frontal_beta_mean_linear,3.1258751213537936e-13
sub-006,RW,PVT,frontal_beta_mean_db,-125.04719987146147
sub-006,RW,PVT,frontal_beta_sd_linear,2.0982693565107208e-13
sub-006,RW,PVT,frontal_beta_cv_linear,
sub-006,RW,PVT,frontal_beta_n_epochs_used,44.0
sub-006,RW,PVT,global_theta_alpha_ratio_mean_linear,1.1561986202116887
sub-006,RW,PVT,global_theta_alpha_ratio_sd_linear,0.6625846564065652
sub-006,RW,PVT,global_theta_alpha_ratio_cv_linear,0.5730716546654001
sub-006,RW,PVT,global_theta_alpha_ratio_n_epochs_used,44.0
sub-006,SD,CloseEye,n_epochs_total,209.0
sub-006,SD,CloseEye,global_theta_mean_linear,1.011509966561004e-12
sub-006,SD,CloseEye,global_theta_mean_db,-119.94934508726192
sub-006,SD,CloseEye,global_theta_sd_linear,3.912406562369652e-13
sub-006,SD,CloseEye,global_theta_cv_linear,
sub-006,SD,CloseEye,global_theta_n_epochs_used,209.0
sub-006,SD,CloseEye,posterior_alpha_mean_linear,9.966922623629743e-12
sub-006,SD,CloseEye,posterior_alpha_mean_db,-110.01429238121113
sub-006,SD,CloseEye,posterior_alpha_sd_linear,5.337505435727269e-12
sub-006,SD,CloseEye,posterior_alpha_cv_linear,
sub-006,SD,CloseEye,posterior_alpha_n_epochs_used,209.0
sub-006,SD,CloseEye,frontal_theta_mean_linear,7.095373060089752e-13
sub-006,SD,CloseEye,frontal_theta_mean_db,-121.48888877219478
sub-006,SD,CloseEye,frontal_theta_sd_linear,4.041775775321438e-13
sub-006,SD,CloseEye,frontal_theta_cv_linear,
sub-006,SD,CloseEye,frontal_theta_n_epochs_used,209.0
sub-006,SD,CloseEye,frontocentral_theta_mean_linear,7.021461764054035e-13
sub-006,SD,CloseEye,frontocentral_theta_mean_db,-121.53435146521197
sub-006,SD,CloseEye,frontocentral_theta_sd_linear,3.3452540027056385e-13
sub-006,SD,CloseEye,frontocentral_theta_cv_linear,
sub-006,SD,CloseEye,frontocentral_theta_n_epochs_used,209.0
sub-006,SD,CloseEye,central_alpha_mean_linear,1.8229903063382822e-12
sub-006,SD,CloseEye,central_alpha_mean_db,-117.39162745787141
sub-006,SD,CloseEye,central_alpha_sd_linear,9.239803404530346e-13
sub-006,SD,CloseEye,central_alpha_cv_linear,
sub-006,SD,CloseEye,central_alpha_n_epochs_used,209.0
sub-006,SD,CloseEye,frontal_beta_mean_linear,2.334004718409855e-13
sub-006,SD,CloseEye,frontal_beta_mean_db,-126.31485302411697
sub-006,SD,CloseEye,frontal_beta_sd_linear,1.149112984053982e-13
sub-006,SD,CloseEye,frontal_beta_cv_linear,
sub-006,SD,CloseEye,frontal_beta_n_epochs_used,209.0
sub-006,SD,CloseEye,global_theta_alpha_ratio_mean_linear,0.3198301452914206
sub-006,SD,CloseEye,global_theta_alpha_ratio_sd_linear,0.37225695020642424
sub-006,SD,CloseEye,global_theta_alpha_ratio_cv_linear,1.163920773844609
sub-006,SD,CloseEye,global_theta_alpha_ratio_n_epochs_used,209.0
sub-006,SD,OpenEye,n_epochs_total,349.0
sub-006,SD,OpenEye,global_theta_mean_linear,8.287985835297759e-13
sub-006,SD,OpenEye,global_theta_mean_db,-120.81434662967682
sub-006,SD,OpenEye,global_theta_sd_linear,3.571820897556261e-13
sub-006,SD,OpenEye,global_theta_cv_linear,
sub-006,SD,OpenEye,global_theta_n_epochs_used,349.0
sub-006,SD,OpenEye,posterior_alpha_mean_linear,1.5905607193740493e-12
sub-006,SD,OpenEye,posterior_alpha_mean_db,-117.98389123211186
sub-006,SD,OpenEye,posterior_alpha_sd_linear,1.3388561311104256e-12
sub-006,SD,OpenEye,posterior_alpha_cv_linear,
sub-006,SD,OpenEye,posterior_alpha_n_epochs_used,349.0
sub-006,SD,OpenEye,frontal_theta_mean_linear,6.314273129715893e-13
sub-006,SD,OpenEye,frontal_theta_mean_db,-121.99523941226131
sub-006,SD,OpenEye,frontal_theta_sd_linear,3.723359877969462e-13
sub-006,SD,OpenEye,frontal_theta_cv_linear,
sub-006,SD,OpenEye,frontal_theta_n_epochs_used,349.0
sub-006,SD,OpenEye,frontocentral_theta_mean_linear,5.501335252984824e-13
sub-006,SD,OpenEye,frontocentral_theta_mean_db,-122.59356633865261
sub-006,SD,OpenEye,frontocentral_theta_sd_linear,2.6534428934735705e-13
sub-006,SD,OpenEye,frontocentral_theta_cv_linear,
sub-006,SD,OpenEye,frontocentral_theta_n_epochs_used,349.0
sub-006,SD,OpenEye,central_alpha_mean_linear,7.903530937458152e-13
sub-006,SD,OpenEye,central_alpha_mean_db,-121.02056847274679
sub-006,SD,OpenEye,central_alpha_sd_linear,5.548608109274041e-13
sub-006,SD,OpenEye,central_alpha_cv_linear,
sub-006,SD,OpenEye,central_alpha_n_epochs_used,349.0
sub-006,SD,OpenEye,frontal_beta_mean_linear,2.417625460367771e-13
sub-006,SD,OpenEye,frontal_beta_mean_db,-126.16212288616057
sub-006,SD,OpenEye,frontal_beta_sd_linear,1.0895602544056766e-13
sub-006,SD,OpenEye,frontal_beta_cv_linear,
sub-006,SD,OpenEye,frontal_beta_n_epochs_used,349.0
sub-006,SD,OpenEye,global_theta_alpha_ratio_mean_linear,0.8752175289653618
sub-006,SD,OpenEye,global_theta_alpha_ratio_sd_linear,0.4811535131718894
sub-006,SD,OpenEye,global_theta_alpha_ratio_cv_linear,0.5497530582376302
sub-006,SD,OpenEye,global_theta_alpha_ratio_n_epochs_used,349.0
sub-006,SD,PVT,n_epochs_total,39.0
sub-006,SD,PVT,global_theta_mean_linear,9.49489436896038e-13
sub-006,SD,PVT,global_theta_mean_db,-120.22408311577732
sub-006,SD,PVT,global_theta_sd_linear,5.825142168574322e-13
sub-006,SD,PVT,global_theta_cv_linear,
sub-006,SD,PVT,global_theta_n_epochs_used,39.0
sub-006,SD,PVT,posterior_alpha_mean_linear,9.430238466275186e-13
sub-006,SD,PVT,posterior_alpha_mean_db,-120.25375077904293
sub-006,SD,PVT,posterior_alpha_sd_linear,6.340944742080549e-13
sub-006,SD,PVT,posterior_alpha_cv_linear,
sub-006,SD,PVT,posterior_alpha_n_epochs_used,39.0
sub-006,SD,PVT,frontal_theta_mean_linear,7.276193054358057e-13
sub-006,SD,PVT,frontal_theta_mean_db,-121.37963274959745
sub-006,SD,PVT,frontal_theta_sd_linear,4.725044160614063e-13
sub-006,SD,PVT,frontal_theta_cv_linear,
sub-006,SD,PVT,frontal_theta_n_epochs_used,39.0
sub-006,SD,PVT,frontocentral_theta_mean_linear,5.589803498604556e-13
sub-006,SD,PVT,frontocentral_theta_mean_db,-122.52430977639924
sub-006,SD,PVT,frontocentral_theta_sd_linear,2.9814980115289695e-13
sub-006,SD,PVT,frontocentral_theta_cv_linear,
sub-006,SD,PVT,frontocentral_theta_n_epochs_used,39.0
sub-006,SD,PVT,central_alpha_mean_linear,6.702349006168169e-13
sub-006,SD,PVT,central_alpha_mean_db,-121.7362910603458
sub-006,SD,PVT,central_alpha_sd_linear,5.132131932125881e-13
sub-006,SD,PVT,central_alpha_cv_linear,
sub-006,SD,PVT,central_alpha_n_epochs_used,39.0
sub-006,SD,PVT,frontal_beta_mean_linear,2.1561753454294125e-13
sub-006,SD,PVT,frontal_beta_mean_db,-126.6586891447507
sub-006,SD,PVT,frontal_beta_sd_linear,7.446568411103897e-14
sub-006,SD,PVT,frontal_beta_cv_linear,
sub-006,SD,PVT,frontal_beta_n_epochs_used,39.0
sub-006,SD,PVT,global_theta_alpha_ratio_mean_linear,1.387358392861761
sub-006,SD,PVT,global_theta_alpha_ratio_sd_linear,0.953247455718612
sub-006,SD,PVT,global_theta_alpha_ratio_cv_linear,0.6870953177082882
sub-006,SD,PVT,global_theta_alpha_ratio_n_epochs_used,39.0
sub-007,RW,CloseEye,n_epochs_total,312.0
sub-007,RW,CloseEye,global_theta_mean_linear,5.093405375013521e-13
sub-007,RW,CloseEye,global_theta_mean_db,-122.92802470353628
sub-007,RW,CloseEye,global_theta_sd_linear,1.9437635286250674e-13
sub-007,RW,CloseEye,global_theta_cv_linear,
sub-007,RW,CloseEye,global_theta_n_epochs_used,312.0
sub-007,RW,CloseEye,posterior_alpha_mean_linear,4.450781919772103e-12
sub-007,RW,CloseEye,posterior_alpha_mean_db,-113.5154201890411
sub-007,RW,CloseEye,posterior_alpha_sd_linear,2.0634382120150663e-12
sub-007,RW,CloseEye,posterior_alpha_cv_linear,
sub-007,RW,CloseEye,posterior_alpha_n_epochs_used,312.0
sub-007,RW,CloseEye,frontal_theta_mean_linear,5.130665340773358e-13
sub-007,RW,CloseEye,frontal_theta_mean_db,-122.8963839923126
sub-007,RW,CloseEye,frontal_theta_sd_linear,3.3717710794199716e-13
sub-007,RW,CloseEye,frontal_theta_cv_linear,
sub-007,RW,CloseEye,frontal_theta_n_epochs_used,312.0
sub-007,RW,CloseEye,frontocentral_theta_mean_linear,5.383519544342422e-13
sub-007,RW,CloseEye,frontocentral_theta_mean_db,-122.68754617033653
sub-007,RW,CloseEye,frontocentral_theta_sd_linear,3.0904903832582517e-13
sub-007,RW,CloseEye,frontocentral_theta_cv_linear,
sub-007,RW,CloseEye,frontocentral_theta_n_epochs_used,312.0
sub-007,RW,CloseEye,central_alpha_mean_linear,1.1256197896895655e-12
sub-007,RW,CloseEye,central_alpha_mean_db,-119.4852261775994
sub-007,RW,CloseEye,central_alpha_sd_linear,5.299070683877901e-13
sub-007,RW,CloseEye,central_alpha_cv_linear,
sub-007,RW,CloseEye,central_alpha_n_epochs_used,312.0
sub-007,RW,CloseEye,frontal_beta_mean_linear,1.0090132886278037e-13
sub-007,RW,CloseEye,frontal_beta_mean_db,-129.95148450790612
sub-007,RW,CloseEye,frontal_beta_sd_linear,6.054780017988755e-14
sub-007,RW,CloseEye,frontal_beta_cv_linear,
sub-007,RW,CloseEye,frontal_beta_n_epochs_used,312.0
sub-007,RW,CloseEye,global_theta_alpha_ratio_mean_linear,0.25517500246382596
sub-007,RW,CloseEye,global_theta_alpha_ratio_sd_linear,0.23150127819094343
sub-007,RW,CloseEye,global_theta_alpha_ratio_cv_linear,0.9072255352432542
sub-007,RW,CloseEye,global_theta_alpha_ratio_n_epochs_used,312.0
sub-007,RW,OpenEye,n_epochs_total,301.0
sub-007,RW,OpenEye,global_theta_mean_linear,3.9718046494543674e-13
sub-007,RW,OpenEye,global_theta_mean_db,-124.00769394698692
sub-007,RW,OpenEye,global_theta_sd_linear,1.6778793715830535e-13
sub-007,RW,OpenEye,global_theta_cv_linear,
sub-007,RW,OpenEye,global_theta_n_epochs_used,301.0
sub-007,RW,OpenEye,posterior_alpha_mean_linear,1.2302070127166633e-12
sub-007,RW,OpenEye,posterior_alpha_mean_db,-119.0994342129637
sub-007,RW,OpenEye,posterior_alpha_sd_linear,2.283729393788803e-12
sub-007,RW,OpenEye,posterior_alpha_cv_linear,
sub-007,RW,OpenEye,posterior_alpha_n_epochs_used,301.0
sub-007,RW,OpenEye,frontal_theta_mean_linear,4.644951266294591e-13
sub-007,RW,OpenEye,frontal_theta_mean_db,-123.3281128010438
sub-007,RW,OpenEye,frontal_theta_sd_linear,2.531675034476996e-13
sub-007,RW,OpenEye,frontal_theta_cv_linear,
sub-007,RW,OpenEye,frontal_theta_n_epochs_used,301.0
sub-007,RW,OpenEye,frontocentral_theta_mean_linear,4.3921007226019504e-13
sub-007,RW,OpenEye,frontocentral_theta_mean_db,-123.57108204885768
sub-007,RW,OpenEye,frontocentral_theta_sd_linear,1.9932320110470393e-13
sub-007,RW,OpenEye,frontocentral_theta_cv_linear,
sub-007,RW,OpenEye,frontocentral_theta_n_epochs_used,301.0
sub-007,RW,OpenEye,central_alpha_mean_linear,4.0337448306556127e-13
sub-007,RW,OpenEye,central_alpha_mean_db,-123.94052578857412
sub-007,RW,OpenEye,central_alpha_sd_linear,5.191232863104247e-13
sub-007,RW,OpenEye,central_alpha_cv_linear,
sub-007,RW,OpenEye,central_alpha_n_epochs_used,301.0
sub-007,RW,OpenEye,frontal_beta_mean_linear,1.255759165709564e-13
sub-007,RW,OpenEye,frontal_beta_mean_db,-129.00326397501556
sub-007,RW,OpenEye,frontal_beta_sd_linear,5.955160129993188e-14
sub-007,RW,OpenEye,frontal_beta_cv_linear,
sub-007,RW,OpenEye,frontal_beta_n_epochs_used,301.0
sub-007,RW,OpenEye,global_theta_alpha_ratio_mean_linear,0.9577877316854501
sub-007,RW,OpenEye,global_theta_alpha_ratio_sd_linear,0.6610846879286145
sub-007,RW,OpenEye,global_theta_alpha_ratio_cv_linear,0.6902204591462894
sub-007,RW,OpenEye,global_theta_alpha_ratio_n_epochs_used,301.0
sub-007,SD,CloseEye,n_epochs_total,94.0
sub-007,SD,CloseEye,global_theta_mean_linear,2.144525952561367e-12
sub-007,SD,CloseEye,global_theta_mean_db,-116.68623729059455
sub-007,SD,CloseEye,global_theta_sd_linear,1.5136707461283115e-12
sub-007,SD,CloseEye,global_theta_cv_linear,
sub-007,SD,CloseEye,global_theta_n_epochs_used,94.0
sub-007,SD,CloseEye,posterior_alpha_mean_linear,1.2938612117649842e-12
sub-007,SD,CloseEye,posterior_alpha_mean_db,-118.88037781921659
sub-007,SD,CloseEye,posterior_alpha_sd_linear,1.8714919018362093e-12
sub-007,SD,CloseEye,posterior_alpha_cv_linear,
sub-007,SD,CloseEye,posterior_alpha_n_epochs_used,94.0
sub-007,SD,CloseEye,frontal_theta_mean_linear,1.4408490416744755e-12
sub-007,SD,CloseEye,frontal_theta_mean_db,-118.41314595440402
sub-007,SD,CloseEye,frontal_theta_sd_linear,1.2356411911462623e-12
sub-007,SD,CloseEye,frontal_theta_cv_linear,
sub-007,SD,CloseEye,frontal_theta_n_epochs_used,94.0
sub-007,SD,CloseEye,frontocentral_theta_mean_linear,1.5661621746960686e-12
sub-007,SD,CloseEye,frontocentral_theta_mean_db,-118.05101700863347
sub-007,SD,CloseEye,frontocentral_theta_sd_linear,1.5369269820683357e-12
sub-007,SD,CloseEye,frontocentral_theta_cv_linear,
sub-007,SD,CloseEye,frontocentral_theta_n_epochs_used,94.0
sub-007,SD,CloseEye,central_alpha_mean_linear,5.326599870005245e-13
sub-007,SD,CloseEye,central_alpha_mean_db,-122.73368923606276
sub-007,SD,CloseEye,central_alpha_sd_linear,4.722988544370887e-13
sub-007,SD,CloseEye,central_alpha_cv_linear,
sub-007,SD,CloseEye,central_alpha_n_epochs_used,94.0
sub-007,SD,CloseEye,frontal_beta_mean_linear,1.7131841509002002e-13
sub-007,SD,CloseEye,frontal_beta_mean_db,-127.65633430432376
sub-007,SD,CloseEye,frontal_beta_sd_linear,1.1931844972945754e-13
sub-007,SD,CloseEye,frontal_beta_cv_linear,
sub-007,SD,CloseEye,frontal_beta_n_epochs_used,94.0
sub-007,SD,CloseEye,global_theta_alpha_ratio_mean_linear,2.607907007564985
sub-007,SD,CloseEye,global_theta_alpha_ratio_sd_linear,1.3698579418549273
sub-007,SD,CloseEye,global_theta_alpha_ratio_cv_linear,0.5252710077012945
sub-007,SD,CloseEye,global_theta_alpha_ratio_n_epochs_used,94.0
sub-007,SD,OpenEye,n_epochs_total,275.0
sub-007,SD,OpenEye,global_theta_mean_linear,1.0498848193541253e-12
sub-007,SD,OpenEye,global_theta_mean_db,-119.78766502771799
sub-007,SD,OpenEye,global_theta_sd_linear,6.617407090002712e-13
sub-007,SD,OpenEye,global_theta_cv_linear,
sub-007,SD,OpenEye,global_theta_n_epochs_used,275.0
sub-007,SD,OpenEye,posterior_alpha_mean_linear,1.9576230325969152e-12
sub-007,SD,OpenEye,posterior_alpha_mean_db,-117.08221676566734
sub-007,SD,OpenEye,posterior_alpha_sd_linear,2.2229718183731173e-12
sub-007,SD,OpenEye,posterior_alpha_cv_linear,
sub-007,SD,OpenEye,posterior_alpha_n_epochs_used,275.0
sub-007,SD,OpenEye,frontal_theta_mean_linear,1.2231793291008627e-12
sub-007,SD,OpenEye,frontal_theta_mean_db,-119.1243103618699
sub-007,SD,OpenEye,frontal_theta_sd_linear,1.0797176217777064e-12
sub-007,SD,OpenEye,frontal_theta_cv_linear,
sub-007,SD,OpenEye,frontal_theta_n_epochs_used,275.0
sub-007,SD,OpenEye,frontocentral_theta_mean_linear,1.1029347670317077e-12
sub-007,SD,OpenEye,frontocentral_theta_mean_db,-119.57362749039461
sub-007,SD,OpenEye,frontocentral_theta_sd_linear,8.917199669199778e-13
sub-007,SD,OpenEye,frontocentral_theta_cv_linear,
sub-007,SD,OpenEye,frontocentral_theta_n_epochs_used,275.0
sub-007,SD,OpenEye,central_alpha_mean_linear,6.884019863095512e-13
sub-007,SD,OpenEye,central_alpha_mean_db,-121.6201782579131
sub-007,SD,OpenEye,central_alpha_sd_linear,6.9232902761576e-13
sub-007,SD,OpenEye,central_alpha_cv_linear,
sub-007,SD,OpenEye,central_alpha_n_epochs_used,275.0
sub-007,SD,OpenEye,frontal_beta_mean_linear,2.565380115676584e-13
sub-007,SD,OpenEye,frontal_beta_mean_db,-125.9047253797514
sub-007,SD,OpenEye,frontal_beta_sd_linear,1.9628292094985666e-13
sub-007,SD,OpenEye,frontal_beta_cv_linear,
sub-007,SD,OpenEye,frontal_beta_n_epochs_used,275.0
sub-007,SD,OpenEye,global_theta_alpha_ratio_mean_linear,1.592396098131278
sub-007,SD,OpenEye,global_theta_alpha_ratio_sd_linear,1.3548505222223202
sub-007,SD,OpenEye,global_theta_alpha_ratio_cv_linear,0.8508250703529577
sub-007,SD,OpenEye,global_theta_alpha_ratio_n_epochs_used,275.0
sub-008,RW,CloseEye,n_epochs_total,1.0
sub-008,RW,CloseEye,global_theta_mean_linear,7.503120671954594e-13
sub-008,RW,CloseEye,global_theta_mean_db,-121.24629564273464
sub-008,RW,CloseEye,global_theta_sd_linear,
sub-008,RW,CloseEye,global_theta_cv_linear,
sub-008,RW,CloseEye,global_theta_n_epochs_used,1.0
sub-008,RW,CloseEye,posterior_alpha_mean_linear,1.8543603173834102e-13
sub-008,RW,CloseEye,posterior_alpha_mean_db,-127.31286153709448
sub-008,RW,CloseEye,posterior_alpha_sd_linear,
sub-008,RW,CloseEye,posterior_alpha_cv_linear,
sub-008,RW,CloseEye,posterior_alpha_n_epochs_used,1.0
sub-008,RW,CloseEye,frontal_theta_mean_linear,2.1075416194204317e-13
sub-008,RW,CloseEye,frontal_theta_mean_db,-126.75766520759288
sub-008,RW,CloseEye,frontal_theta_sd_linear,
sub-008,RW,CloseEye,frontal_theta_cv_linear,
sub-008,RW,CloseEye,frontal_theta_n_epochs_used,1.0
sub-008,RW,CloseEye,frontocentral_theta_mean_linear,1.3191149160152818e-13
sub-008,RW,CloseEye,frontocentral_theta_mean_db,-128.78986942105652
sub-008,RW,CloseEye,frontocentral_theta_sd_linear,
sub-008,RW,CloseEye,frontocentral_theta_cv_linear,
sub-008,RW,CloseEye,frontocentral_theta_n_epochs_used,1.0
sub-008,RW,CloseEye,central_alpha_mean_linear,1.1852080618085314e-13
sub-008,RW,CloseEye,central_alpha_mean_db,-129.2539252871575
sub-008,RW,CloseEye,central_alpha_sd_linear,
sub-008,RW,CloseEye,central_alpha_cv_linear,
sub-008,RW,CloseEye,central_alpha_n_epochs_used,1.0
sub-008,RW,CloseEye,frontal_beta_mean_linear,5.362770942415338e-14
sub-008,RW,CloseEye,frontal_beta_mean_db,-132.68816276099665
sub-008,RW,CloseEye,frontal_beta_sd_linear,
sub-008,RW,CloseEye,frontal_beta_cv_linear,
sub-008,RW,CloseEye,frontal_beta_n_epochs_used,1.0
sub-008,RW,CloseEye,global_theta_alpha_ratio_mean_linear,3.652158816879016
sub-008,RW,CloseEye,global_theta_alpha_ratio_sd_linear,
sub-008,RW,CloseEye,global_theta_alpha_ratio_cv_linear,
sub-008,RW,CloseEye,global_theta_alpha_ratio_n_epochs_used,1.0
sub-008,SD,CloseEye,n_epochs_total,394.0
sub-008,SD,CloseEye,global_theta_mean_linear,5.660500932715281e-13
sub-008,SD,CloseEye,global_theta_mean_db,-122.46974806313062
sub-008,SD,CloseEye,global_theta_sd_linear,3.0108545351757887e-13
sub-008,SD,CloseEye,global_theta_cv_linear,
sub-008,SD,CloseEye,global_theta_n_epochs_used,394.0
sub-008,SD,CloseEye,posterior_alpha_mean_linear,2.067215539105454e-12
sub-008,SD,CloseEye,posterior_alpha_mean_db,-116.84567593001216
sub-008,SD,CloseEye,posterior_alpha_sd_linear,4.010984762111615e-12
sub-008,SD,CloseEye,posterior_alpha_cv_linear,
sub-008,SD,CloseEye,posterior_alpha_n_epochs_used,394.0
sub-008,SD,CloseEye,frontal_theta_mean_linear,6.365533450849035e-13
sub-008,SD,CloseEye,frontal_theta_mean_db,-121.96013729705754
sub-008,SD,CloseEye,frontal_theta_sd_linear,4.261286829461638e-13
sub-008,SD,CloseEye,frontal_theta_cv_linear,
sub-008,SD,CloseEye,frontal_theta_n_epochs_used,394.0
sub-008,SD,CloseEye,frontocentral_theta_mean_linear,5.758994958841822e-13
sub-008,SD,CloseEye,frontocentral_theta_mean_db,-122.3948588672336
sub-008,SD,CloseEye,frontocentral_theta_sd_linear,4.1382097273524704e-13
sub-008,SD,CloseEye,frontocentral_theta_cv_linear,
sub-008,SD,CloseEye,frontocentral_theta_n_epochs_used,394.0
sub-008,SD,CloseEye,central_alpha_mean_linear,4.595897102184861e-13
sub-008,SD,CloseEye,central_alpha_mean_db,-123.37419930435837
sub-008,SD,CloseEye,central_alpha_sd_linear,5.923976137655872e-13
sub-008,SD,CloseEye,central_alpha_cv_linear,
sub-008,SD,CloseEye,central_alpha_n_epochs_used,394.0
sub-008,SD,CloseEye,frontal_beta_mean_linear,2.2244045386134556e-13
sub-008,SD,CloseEye,frontal_beta_mean_db,-126.52352922079632
sub-008,SD,CloseEye,frontal_beta_sd_linear,3.0243114765381055e-13
sub-008,SD,CloseEye,frontal_beta_cv_linear,
sub-008,SD,CloseEye,frontal_beta_n_epochs_used,394.0
sub-008,SD,CloseEye,global_theta_alpha_ratio_mean_linear,1.3510076723922624
sub-008,SD,CloseEye,global_theta_alpha_ratio_sd_linear,1.1008505655811405
sub-008,SD,CloseEye,global_theta_alpha_ratio_cv_linear,0.8148366497666422
sub-008,SD,CloseEye,global_theta_alpha_ratio_n_epochs_used,394.0
sub-008,SD,OpenEye,n_epochs_total,22.0
sub-008,SD,OpenEye,global_theta_mean_linear,7.770099711397795e-13
sub-008,SD,OpenEye,global_theta_mean_db,-121.09449318243533
sub-008,SD,OpenEye,global_theta_sd_linear,3.1014665704174714e-13
sub-008,SD,OpenEye,global_theta_cv_linear,
sub-008,SD,OpenEye,global_theta_n_epochs_used,22.0
sub-008,SD,OpenEye,posterior_alpha_mean_linear,7.928483313179132e-13
sub-008,SD,OpenEye,posterior_alpha_mean_db,-121.00688272305587
sub-008,SD,OpenEye,posterior_alpha_sd_linear,7.19633593428508e-13
sub-008,SD,OpenEye,posterior_alpha_cv_linear,
sub-008,SD,OpenEye,posterior_alpha_n_epochs_used,22.0
sub-008,SD,OpenEye,frontal_theta_mean_linear,4.0712666072514035e-13
sub-008,SD,OpenEye,frontal_theta_mean_db,-123.90033659662414
sub-008,SD,OpenEye,frontal_theta_sd_linear,1.666299126579448e-13
sub-008,SD,OpenEye,frontal_theta_cv_linear,
sub-008,SD,OpenEye,frontal_theta_n_epochs_used,22.0
sub-008,SD,OpenEye,frontocentral_theta_mean_linear,3.940492187616698e-13
sub-008,SD,OpenEye,frontocentral_theta_mean_db,-124.0420487551647
sub-008,SD,OpenEye,frontocentral_theta_sd_linear,1.542354221511627e-13
sub-008,SD,OpenEye,frontocentral_theta_cv_linear,
sub-008,SD,OpenEye,frontocentral_theta_n_epochs_used,22.0
sub-008,SD,OpenEye,central_alpha_mean_linear,2.2815916996473577e-13
sub-008,SD,OpenEye,central_alpha_mean_db,-126.41339621723304
sub-008,SD,OpenEye,central_alpha_sd_linear,1.3933086523315796e-13
sub-008,SD,OpenEye,central_alpha_cv_linear,
sub-008,SD,OpenEye,central_alpha_n_epochs_used,22.0
sub-008,SD,OpenEye,frontal_beta_mean_linear,1.633375734923207e-13
sub-008,SD,OpenEye,frontal_beta_mean_db,-127.86323912170359
sub-008,SD,OpenEye,frontal_beta_sd_linear,5.288743764283786e-14
sub-008,SD,OpenEye,frontal_beta_cv_linear,
sub-008,SD,OpenEye,frontal_beta_n_epochs_used,22.0
sub-008,SD,OpenEye,global_theta_alpha_ratio_mean_linear,1.1178602009025047
sub-008,SD,OpenEye,global_theta_alpha_ratio_sd_linear,0.518947608786721
sub-008,SD,OpenEye,global_theta_alpha_ratio_cv_linear,0.464233012650194
sub-008,SD,OpenEye,global_theta_alpha_ratio_n_epochs_used,22.0
sub-008,SD,PVT,n_epochs_total,19.0
sub-008,SD,PVT,global_theta_mean_linear,5.075761956838343e-13
sub-008,SD,PVT,global_theta_mean_db,-122.94308808452855
sub-008,SD,PVT,global_theta_sd_linear,2.4845075221528045e-13
sub-008,SD,PVT,global_theta_cv_linear,
sub-008,SD,PVT,global_theta_n_epochs_used,19.0
sub-008,SD,PVT,posterior_alpha_mean_linear,3.973636915329634e-13
sub-008,SD,PVT,posterior_alpha_mean_db,-124.00569204827354
sub-008,SD,PVT,posterior_alpha_sd_linear,2.276342296386334e-13
sub-008,SD,PVT,posterior_alpha_cv_linear,
sub-008,SD,PVT,posterior_alpha_n_epochs_used,19.0
sub-008,SD,PVT,frontal_theta_mean_linear,6.439471700688468e-13
sub-008,SD,PVT,frontal_theta_mean_db,-121.91000034276927
sub-008,SD,PVT,frontal_theta_sd_linear,5.903048598430374e-13
sub-008,SD,PVT,frontal_theta_cv_linear,
sub-008,SD,PVT,frontal_theta_n_epochs_used,19.0
sub-008,SD,PVT,frontocentral_theta_mean_linear,5.32587785953085e-13
sub-008,SD,PVT,frontocentral_theta_mean_db,-122.73427770854062
sub-008,SD,PVT,frontocentral_theta_sd_linear,5.063485881902968e-13
sub-008,SD,PVT,frontocentral_theta_cv_linear,
sub-008,SD,PVT,frontocentral_theta_n_epochs_used,19.0
sub-008,SD,PVT,central_alpha_mean_linear,2.252557998387974e-13
sub-008,SD,PVT,central_alpha_mean_db,-126.468961256643
sub-008,SD,PVT,central_alpha_sd_linear,1.1463401081282578e-13
sub-008,SD,PVT,central_alpha_cv_linear,
sub-008,SD,PVT,central_alpha_n_epochs_used,19.0
sub-008,SD,PVT,frontal_beta_mean_linear,5.503076834440996e-13
sub-008,SD,PVT,frontal_beta_mean_db,-122.59219224595844
sub-008,SD,PVT,frontal_beta_sd_linear,4.3651184066417645e-13
sub-008,SD,PVT,frontal_beta_cv_linear,
sub-008,SD,PVT,frontal_beta_n_epochs_used,19.0
sub-008,SD,PVT,global_theta_alpha_ratio_mean_linear,1.4115073281394248
sub-008,SD,PVT,global_theta_alpha_ratio_sd_linear,0.8338612042747768
sub-008,SD,PVT,global_theta_alpha_ratio_cv_linear,0.5907593872530077
sub-008,SD,PVT,global_theta_alpha_ratio_n_epochs_used,19.0
sub-009,RW,CloseEye,n_epochs_total,329.0
sub-009,RW,CloseEye,global_theta_mean_linear,7.074005780529669e-13
sub-009,RW,CloseEye,global_theta_mean_db,-121.50198291168708
sub-009,RW,CloseEye,global_theta_sd_linear,3.0132167064392904e-13
sub-009,RW,CloseEye,global_theta_cv_linear,
sub-009,RW,CloseEye,global_theta_n_epochs_used,329.0
sub-009,RW,CloseEye,posterior_alpha_mean_linear,3.722682144297474e-12
sub-009,RW,CloseEye,posterior_alpha_mean_db,-114.29118140458057
sub-009,RW,CloseEye,posterior_alpha_sd_linear,1.4904358161339921e-12
sub-009,RW,CloseEye,posterior_alpha_cv_linear,
sub-009,RW,CloseEye,posterior_alpha_n_epochs_used,329.0
sub-009,RW,CloseEye,frontal_theta_mean_linear,6.293546374785598e-13
sub-009,RW,CloseEye,frontal_theta_mean_db,-122.00951365512407
sub-009,RW,CloseEye,frontal_theta_sd_linear,3.390398912309584e-13
sub-009,RW,CloseEye,frontal_theta_cv_linear,
sub-009,RW,CloseEye,frontal_theta_n_epochs_used,329.0
sub-009,RW,CloseEye,frontocentral_theta_mean_linear,3.6663331398049766e-13
sub-009,RW,CloseEye,frontocentral_theta_mean_db,-124.35505132887195
sub-009,RW,CloseEye,frontocentral_theta_sd_linear,1.8780481625561162e-13
sub-009,RW,CloseEye,frontocentral_theta_cv_linear,
sub-009,RW,CloseEye,frontocentral_theta_n_epochs_used,329.0
sub-009,RW,CloseEye,central_alpha_mean_linear,8.52209272183163e-13
sub-009,RW,CloseEye,central_alpha_mean_db,-120.69340603469307
sub-009,RW,CloseEye,central_alpha_sd_linear,3.891015673983423e-13
sub-009,RW,CloseEye,central_alpha_cv_linear,
sub-009,RW,CloseEye,central_alpha_n_epochs_used,329.0
sub-009,RW,CloseEye,frontal_beta_mean_linear,1.817402594877133e-13
sub-009,RW,CloseEye,frontal_beta_mean_db,-127.40018572565411
sub-009,RW,CloseEye,frontal_beta_sd_linear,1.023518310241527e-13
sub-009,RW,CloseEye,frontal_beta_cv_linear,
sub-009,RW,CloseEye,frontal_beta_n_epochs_used,329.0
sub-009,RW,CloseEye,global_theta_alpha_ratio_mean_linear,0.48360930799736435
sub-009,RW,CloseEye,global_theta_alpha_ratio_sd_linear,0.2678268306176816
sub-009,RW,CloseEye,global_theta_alpha_ratio_cv_linear,0.5538082625554864
sub-009,RW,CloseEye,global_theta_alpha_ratio_n_epochs_used,329.0
sub-009,RW,OpenEye,n_epochs_total,432.0
sub-009,RW,OpenEye,global_theta_mean_linear,3.65637133358453e-13
sub-009,RW,OpenEye,global_theta_mean_db,-124.3668604575877
sub-009,RW,OpenEye,global_theta_sd_linear,1.6631791931381472e-13
sub-009,RW,OpenEye,global_theta_cv_linear,
sub-009,RW,OpenEye,global_theta_n_epochs_used,432.0
sub-009,RW,OpenEye,posterior_alpha_mean_linear,4.089270529629347e-12
sub-009,RW,OpenEye,posterior_alpha_mean_db,-113.8833057607124
sub-009,RW,OpenEye,posterior_alpha_sd_linear,2.4067908132257263e-12
sub-009,RW,OpenEye,posterior_alpha_cv_linear,
sub-009,RW,OpenEye,posterior_alpha_n_epochs_used,432.0
sub-009,RW,OpenEye,frontal_theta_mean_linear,3.8309556255779007e-13
sub-009,RW,OpenEye,frontal_theta_mean_db,-124.16441231572712
sub-009,RW,OpenEye,frontal_theta_sd_linear,2.0659211437181089e-13
sub-009,RW,OpenEye,frontal_theta_cv_linear,
sub-009,RW,OpenEye,frontal_theta_n_epochs_used,432.0
sub-009,RW,OpenEye,frontocentral_theta_mean_linear,2.4722133920465924e-13
sub-009,RW,OpenEye,frontocentral_theta_mean_db,-126.06524153949826
sub-009,RW,OpenEye,frontocentral_theta_sd_linear,1.9214281694658273e-13
sub-009,RW,OpenEye,frontocentral_theta_cv_linear,
sub-009,RW,OpenEye,frontocentral_theta_n_epochs_used,432.0
sub-009,RW,OpenEye,central_alpha_mean_linear,5.415636636392451e-13
sub-009,RW,OpenEye,central_alpha_mean_db,-122.66172455398379
sub-009,RW,OpenEye,central_alpha_sd_linear,3.3399345432432596e-13
sub-009,RW,OpenEye,central_alpha_cv_linear,
sub-009,RW,OpenEye,central_alpha_n_epochs_used,432.0
sub-009,RW,OpenEye,frontal_beta_mean_linear,1.3828996224553158e-13
sub-009,RW,OpenEye,frontal_beta_mean_db,-128.58512578347668
sub-009,RW,OpenEye,frontal_beta_sd_linear,1.1150311092110493e-13
sub-009,RW,OpenEye,frontal_beta_cv_linear,
sub-009,RW,OpenEye,frontal_beta_n_epochs_used,432.0
sub-009,RW,OpenEye,global_theta_alpha_ratio_mean_linear,0.32321404815948634
sub-009,RW,OpenEye,global_theta_alpha_ratio_sd_linear,0.41359685710363825
sub-009,RW,OpenEye,global_theta_alpha_ratio_cv_linear,1.279637625464699
sub-009,RW,OpenEye,global_theta_alpha_ratio_n_epochs_used,432.0
sub-009,RW,PVT,n_epochs_total,33.0
sub-009,RW,PVT,global_theta_mean_linear,3.993919688566092e-13
sub-009,RW,PVT,global_theta_mean_db,-123.98359290560406
sub-009,RW,PVT,global_theta_sd_linear,1.507865132604126e-13
sub-009,RW,PVT,global_theta_cv_linear,
sub-009,RW,PVT,global_theta_n_epochs_used,33.0
sub-009,RW,PVT,posterior_alpha_mean_linear,7.325063289329017e-13
sub-009,RW,PVT,posterior_alpha_mean_db,-121.35056990892652
sub-009,RW,PVT,posterior_alpha_sd_linear,5.314104586640845e-13
sub-009,RW,PVT,posterior_alpha_cv_linear,
sub-009,RW,PVT,posterior_alpha_n_epochs_used,33.0
sub-009,RW,PVT,frontal_theta_mean_linear,3.488788232989894e-13
sub-009,RW,PVT,frontal_theta_mean_db,-124.57049071479685
sub-009,RW,PVT,frontal_theta_sd_linear,2.340499214128897e-13
sub-009,RW,PVT,frontal_theta_cv_linear,
sub-009,RW,PVT,frontal_theta_n_epochs_used,33.0
sub-009,RW,PVT,frontocentral_theta_mean_linear,2.6191889363424906e-13
sub-009,RW,PVT,frontocentral_theta_mean_db,-125.81465150503162
sub-009,RW,PVT,frontocentral_theta_sd_linear,1.4233647890643482e-13
sub-009,RW,PVT,frontocentral_theta_cv_linear,
sub-009,RW,PVT,frontocentral_theta_n_epochs_used,33.0
sub-009,RW,PVT,central_alpha_mean_linear,2.0269366146328136e-13
sub-009,RW,PVT,central_alpha_mean_db,-126.92684336432569
sub-009,RW,PVT,central_alpha_sd_linear,1.1160263193952709e-13
sub-009,RW,PVT,central_alpha_cv_linear,
sub-009,RW,PVT,central_alpha_n_epochs_used,33.0
sub-009,RW,PVT,frontal_beta_mean_linear,4.89520803059861e-13
sub-009,RW,PVT,frontal_beta_mean_db,-123.10031897839397
sub-009,RW,PVT,frontal_beta_sd_linear,2.4073930826552926e-13
sub-009,RW,PVT,frontal_beta_cv_linear,
sub-009,RW,PVT,frontal_beta_n_epochs_used,33.0
sub-009,RW,PVT,global_theta_alpha_ratio_mean_linear,1.0393341864334953
sub-009,RW,PVT,global_theta_alpha_ratio_sd_linear,0.5130091552580243
sub-009,RW,PVT,global_theta_alpha_ratio_cv_linear,0.4935940354453553
sub-009,RW,PVT,global_theta_alpha_ratio_n_epochs_used,33.0
sub-009,SD,CloseEye,n_epochs_total,359.0
sub-009,SD,CloseEye,global_theta_mean_linear,1.4100197697682007e-12
sub-009,SD,CloseEye,global_theta_mean_db,-118.50706412420082
sub-009,SD,CloseEye,global_theta_sd_linear,9.308095213611948e-13
sub-009,SD,CloseEye,global_theta_cv_linear,
sub-009,SD,CloseEye,global_theta_n_epochs_used,359.0
sub-009,SD,CloseEye,posterior_alpha_mean_linear,1.1457569539446685e-12
sub-009,SD,CloseEye,posterior_alpha_mean_db,-119.40823341267057
sub-009,SD,CloseEye,posterior_alpha_sd_linear,1.2423491969594145e-12
sub-009,SD,CloseEye,posterior_alpha_cv_linear,
sub-009,SD,CloseEye,posterior_alpha_n_epochs_used,359.0
sub-009,SD,CloseEye,frontal_theta_mean_linear,1.6850996261164324e-12
sub-009,SD,CloseEye,frontal_theta_mean_db,-117.73317194800684
sub-009,SD,CloseEye,frontal_theta_sd_linear,1.4644184006524587e-12
sub-009,SD,CloseEye,frontal_theta_cv_linear,
sub-009,SD,CloseEye,frontal_theta_n_epochs_used,359.0
sub-009,SD,CloseEye,frontocentral_theta_mean_linear,1.7552909590749694e-12
sub-009,SD,CloseEye,frontocentral_theta_mean_db,-117.55595949220272
sub-009,SD,CloseEye,frontocentral_theta_sd_linear,1.7923909978176752e-12
sub-009,SD,CloseEye,frontocentral_theta_cv_linear,
sub-009,SD,CloseEye,frontocentral_theta_n_epochs_used,359.0
sub-009,SD,CloseEye,central_alpha_mean_linear,3.623578503403437e-13
sub-009,SD,CloseEye,central_alpha_mean_db,-124.40596281201363
sub-009,SD,CloseEye,central_alpha_sd_linear,3.148714890609689e-13
sub-009,SD,CloseEye,central_alpha_cv_linear,
sub-009,SD,CloseEye,central_alpha_n_epochs_used,359.0
sub-009,SD,CloseEye,frontal_beta_mean_linear,1.3648398435712266e-13
sub-009,SD,CloseEye,frontal_beta_mean_db,-128.64212331904662
sub-009,SD,CloseEye,frontal_beta_sd_linear,3.3389053645834233e-13
sub-009,SD,CloseEye,frontal_beta_cv_linear,
sub-009,SD,CloseEye,frontal_beta_n_epochs_used,359.0
sub-009,SD,CloseEye,global_theta_alpha_ratio_mean_linear,3.729916579107128
sub-009,SD,CloseEye,global_theta_alpha_ratio_sd_linear,2.7759874170725185
sub-009,SD,CloseEye,global_theta_alpha_ratio_cv_linear,0.7442491965160888
sub-009,SD,CloseEye,global_theta_alpha_ratio_n_epochs_used,359.0
sub-009,SD,OpenEye,n_epochs_total,326.0
sub-009,SD,OpenEye,global_theta_mean_linear,9.117053061790193e-13
sub-009,SD,OpenEye,global_theta_mean_db,-120.40039758612795
sub-009,SD,OpenEye,global_theta_sd_linear,6.307530951875668e-13
sub-009,SD,OpenEye,global_theta_cv_linear,
sub-009,SD,OpenEye,global_theta_n_epochs_used,326.0
sub-009,SD,OpenEye,posterior_alpha_mean_linear,3.116262206868984e-12
sub-009,SD,OpenEye,posterior_alpha_mean_db,-115.06335063386217
sub-009,SD,OpenEye,posterior_alpha_sd_linear,3.2748472717742783e-12
sub-009,SD,OpenEye,posterior_alpha_cv_linear,
sub-009,SD,OpenEye,posterior_alpha_n_epochs_used,326.0
sub-009,SD,OpenEye,frontal_theta_mean_linear,9.96171642684955e-13
sub-009,SD,OpenEye,frontal_theta_mean_db,-120.01569032624747
sub-009,SD,OpenEye,frontal_theta_sd_linear,8.558502071723594e-13
sub-009,SD,OpenEye,frontal_theta_cv_linear,
sub-009,SD,OpenEye,frontal_theta_n_epochs_used,326.0
sub-009,SD,OpenEye,frontocentral_theta_mean_linear,9.504789213804695e-13
sub-009,SD,OpenEye,frontocentral_theta_mean_db,-120.21956064813175
sub-009,SD,OpenEye,frontocentral_theta_sd_linear,1.0341293400327903e-12
sub-009,SD,OpenEye,frontocentral_theta_cv_linear,
sub-009,SD,OpenEye,frontocentral_theta_n_epochs_used,326.0
sub-009,SD,OpenEye,central_alpha_mean_linear,4.408353949611136e-13
sub-009,SD,OpenEye,central_alpha_mean_db,-123.55504848032965
sub-009,SD,OpenEye,central_alpha_sd_linear,3.2695114776864187e-13
sub-009,SD,OpenEye,central_alpha_cv_linear,
sub-009,SD,OpenEye,central_alpha_n_epochs_used,326.0
sub-009,SD,OpenEye,frontal_beta_mean_linear,5.329547233133878e-13
sub-009,SD,OpenEye,frontal_beta_mean_db,-122.73128782335247
sub-009,SD,OpenEye,frontal_beta_sd_linear,7.137307059536649e-13
sub-009,SD,OpenEye,frontal_beta_cv_linear,
sub-009,SD,OpenEye,frontal_beta_n_epochs_used,326.0
sub-009,SD,OpenEye,global_theta_alpha_ratio_mean_linear,1.4975904998341454
sub-009,SD,OpenEye,global_theta_alpha_ratio_sd_linear,1.7461618949858893
sub-009,SD,OpenEye,global_theta_alpha_ratio_cv_linear,1.1659808840796415
sub-009,SD,OpenEye,global_theta_alpha_ratio_n_epochs_used,326.0
sub-010,RW,CloseEye,n_epochs_total,739.0
sub-010,RW,CloseEye,global_theta_mean_linear,9.48790049353829e-13
sub-010,RW,CloseEye,global_theta_mean_db,-120.22728253003599
sub-010,RW,CloseEye,global_theta_sd_linear,6.099033210442768e-13
sub-010,RW,CloseEye,global_theta_cv_linear,
sub-010,RW,CloseEye,global_theta_n_epochs_used,739.0
sub-010,RW,CloseEye,posterior_alpha_mean_linear,3.5374106571438835e-12
sub-010,RW,CloseEye,posterior_alpha_mean_db,-114.51287260144315
sub-010,RW,CloseEye,posterior_alpha_sd_linear,3.2102659550295363e-12
sub-010,RW,CloseEye,posterior_alpha_cv_linear,
sub-010,RW,CloseEye,posterior_alpha_n_epochs_used,739.0
sub-010,RW,CloseEye,frontal_theta_mean_linear,1.51470121394323e-12
sub-010,RW,CloseEye,frontal_theta_mean_db,-118.19609366655547
sub-010,RW,CloseEye,frontal_theta_sd_linear,1.8613267309869493e-12
sub-010,RW,CloseEye,frontal_theta_cv_linear,
sub-010,RW,CloseEye,frontal_theta_n_epochs_used,739.0
sub-010,RW,CloseEye,frontocentral_theta_mean_linear,8.843521679659531e-13
sub-010,RW,CloseEye,frontocentral_theta_mean_db,-120.53265725492543
sub-010,RW,CloseEye,frontocentral_theta_sd_linear,7.336178475815185e-13
sub-010,RW,CloseEye,frontocentral_theta_cv_linear,
sub-010,RW,CloseEye,frontocentral_theta_n_epochs_used,739.0
sub-010,RW,CloseEye,central_alpha_mean_linear,1.018952782795987e-12
sub-010,RW,CloseEye,central_alpha_mean_db,-119.91751311515678
sub-010,RW,CloseEye,central_alpha_sd_linear,9.535899573131094e-13
sub-010,RW,CloseEye,central_alpha_cv_linear,
sub-010,RW,CloseEye,central_alpha_n_epochs_used,739.0
sub-010,RW,CloseEye,frontal_beta_mean_linear,2.675959421219491e-13
sub-010,RW,CloseEye,frontal_beta_mean_db,-125.7216025901217
sub-010,RW,CloseEye,frontal_beta_sd_linear,1.6534319686095114e-13
sub-010,RW,CloseEye,frontal_beta_cv_linear,
sub-010,RW,CloseEye,frontal_beta_n_epochs_used,739.0
sub-010,RW,CloseEye,global_theta_alpha_ratio_mean_linear,0.9301117962105627
sub-010,RW,CloseEye,global_theta_alpha_ratio_sd_linear,0.7737231682561551
sub-010,RW,CloseEye,global_theta_alpha_ratio_cv_linear,0.8318603972215358
sub-010,RW,CloseEye,global_theta_alpha_ratio_n_epochs_used,739.0
sub-010,RW,OpenEye,n_epochs_total,322.0
sub-010,RW,OpenEye,global_theta_mean_linear,1.5054442202610367e-12
sub-010,RW,OpenEye,global_theta_mean_db,-118.22271280053675
sub-010,RW,OpenEye,global_theta_sd_linear,8.344255078190036e-13
sub-010,RW,OpenEye,global_theta_cv_linear,
sub-010,RW,OpenEye,global_theta_n_epochs_used,322.0
sub-010,RW,OpenEye,posterior_alpha_mean_linear,1.7382919436005992e-12
sub-010,RW,OpenEye,posterior_alpha_mean_db,-117.59821810602793
sub-010,RW,OpenEye,posterior_alpha_sd_linear,1.5227936653114356e-12
sub-010,RW,OpenEye,posterior_alpha_cv_linear,
sub-010,RW,OpenEye,posterior_alpha_n_epochs_used,322.0
sub-010,RW,OpenEye,frontal_theta_mean_linear,1.3635633545023956e-12
sub-010,RW,OpenEye,frontal_theta_mean_db,-118.65253963488883
sub-010,RW,OpenEye,frontal_theta_sd_linear,1.1330803284444346e-12
sub-010,RW,OpenEye,frontal_theta_cv_linear,
sub-010,RW,OpenEye,frontal_theta_n_epochs_used,322.0
sub-010,RW,OpenEye,frontocentral_theta_mean_linear,8.257247315965471e-13
sub-010,RW,OpenEye,frontocentral_theta_mean_db,-120.8304793760304
sub-010,RW,OpenEye,frontocentral_theta_sd_linear,5.45220270948018e-13
sub-010,RW,OpenEye,frontocentral_theta_cv_linear,
sub-010,RW,OpenEye,frontocentral_theta_n_epochs_used,322.0
sub-010,RW,OpenEye,central_alpha_mean_linear,6.689951706907923e-13
sub-010,RW,OpenEye,central_alpha_mean_db,-121.74432895546211
sub-010,RW,OpenEye,central_alpha_sd_linear,5.868213813155551e-13
sub-010,RW,OpenEye,central_alpha_cv_linear,
sub-010,RW,OpenEye,central_alpha_n_epochs_used,322.0
sub-010,RW,OpenEye,frontal_beta_mean_linear,3.9119506014514167e-13
sub-010,RW,OpenEye,frontal_beta_mean_db,-124.07360199791316
sub-010,RW,OpenEye,frontal_beta_sd_linear,1.2316122445753663e-13
sub-010,RW,OpenEye,frontal_beta_cv_linear,
sub-010,RW,OpenEye,frontal_beta_n_epochs_used,322.0
sub-010,RW,OpenEye,global_theta_alpha_ratio_mean_linear,1.1905981608003118
sub-010,RW,OpenEye,global_theta_alpha_ratio_sd_linear,0.6128731263001966
sub-010,RW,OpenEye,global_theta_alpha_ratio_cv_linear,0.5147606862488578
sub-010,RW,OpenEye,global_theta_alpha_ratio_n_epochs_used,322.0
sub-010,SD,CloseEye,n_epochs_total,344.0
sub-010,SD,CloseEye,global_theta_mean_linear,7.391552129249935e-13
sub-010,SD,CloseEye,global_theta_mean_db,-121.31133912000891
sub-010,SD,CloseEye,global_theta_sd_linear,3.815653485635215e-13
sub-010,SD,CloseEye,global_theta_cv_linear,
sub-010,SD,CloseEye,global_theta_n_epochs_used,344.0
sub-010,SD,CloseEye,posterior_alpha_mean_linear,1.878538189673303e-12
sub-010,SD,CloseEye,posterior_alpha_mean_db,-117.26128640641386
sub-010,SD,CloseEye,posterior_alpha_sd_linear,1.1632336443792378e-12
sub-010,SD,CloseEye,posterior_alpha_cv_linear,
sub-010,SD,CloseEye,posterior_alpha_n_epochs_used,344.0
sub-010,SD,CloseEye,frontal_theta_mean_linear,1.170136195557843e-12
sub-010,SD,CloseEye,frontal_theta_mean_db,-119.31681182773406
sub-010,SD,CloseEye,frontal_theta_sd_linear,9.82335760665259e-13
sub-010,SD,CloseEye,frontal_theta_cv_linear,
sub-010,SD,CloseEye,frontal_theta_n_epochs_used,344.0
sub-010,SD,CloseEye,frontocentral_theta_mean_linear,6.344022296907718e-13
sub-010,SD,CloseEye,frontocentral_theta_mean_db,-121.97483320210628
sub-010,SD,CloseEye,frontocentral_theta_sd_linear,3.366050614952975e-13
sub-010,SD,CloseEye,frontocentral_theta_cv_linear,
sub-010,SD,CloseEye,frontocentral_theta_n_epochs_used,344.0
sub-010,SD,CloseEye,central_alpha_mean_linear,6.715415899099226e-13
sub-010,SD,CloseEye,central_alpha_mean_db,-121.72783510105856
sub-010,SD,CloseEye,central_alpha_sd_linear,4.644422285329839e-13
sub-010,SD,CloseEye,central_alpha_cv_linear,
sub-010,SD,CloseEye,central_alpha_n_epochs_used,344.0
sub-010,SD,CloseEye,frontal_beta_mean_linear,1.7552343927352936e-13
sub-010,SD,CloseEye,frontal_beta_mean_db,-127.55115826204963
sub-010,SD,CloseEye,frontal_beta_sd_linear,1.021946843045976e-13
sub-010,SD,CloseEye,frontal_beta_cv_linear,
sub-010,SD,CloseEye,frontal_beta_n_epochs_used,344.0
sub-010,SD,CloseEye,global_theta_alpha_ratio_mean_linear,0.847644494822574
sub-010,SD,CloseEye,global_theta_alpha_ratio_sd_linear,0.5573830007212491
sub-010,SD,CloseEye,global_theta_alpha_ratio_cv_linear,0.657566944781395
sub-010,SD,CloseEye,global_theta_alpha_ratio_n_epochs_used,344.0
sub-010,SD,OpenEye,n_epochs_total,313.0
sub-010,SD,OpenEye,global_theta_mean_linear,1.6302363081086973e-12
sub-010,SD,OpenEye,global_theta_mean_db,-117.87690290030463
sub-010,SD,OpenEye,global_theta_sd_linear,9.89519649291307e-13
sub-010,SD,OpenEye,global_theta_cv_linear,
sub-010,SD,OpenEye,global_theta_n_epochs_used,313.0
sub-010,SD,OpenEye,posterior_alpha_mean_linear,9.4686625202583e-13
sub-010,SD,OpenEye,posterior_alpha_mean_db,-120.23609530023202
sub-010,SD,OpenEye,posterior_alpha_sd_linear,5.729681501215848e-13
sub-010,SD,OpenEye,posterior_alpha_cv_linear,
sub-010,SD,OpenEye,posterior_alpha_n_epochs_used,313.0
sub-010,SD,OpenEye,frontal_theta_mean_linear,1.7387895424077529e-12
sub-010,SD,OpenEye,frontal_theta_mean_db,-117.5969752428889
sub-010,SD,OpenEye,frontal_theta_sd_linear,1.3219004235482945e-12
sub-010,SD,OpenEye,frontal_theta_cv_linear,
sub-010,SD,OpenEye,frontal_theta_n_epochs_used,313.0
sub-010,SD,OpenEye,frontocentral_theta_mean_linear,9.385725571165228e-13
sub-010,SD,OpenEye,frontocentral_theta_mean_db,-120.27429416356496
sub-010,SD,OpenEye,frontocentral_theta_sd_linear,5.674838262073564e-13
sub-010,SD,OpenEye,frontocentral_theta_cv_linear,
sub-010,SD,OpenEye,frontocentral_theta_n_epochs_used,313.0
sub-010,SD,OpenEye,central_alpha_mean_linear,3.7626956181032e-13
sub-010,SD,OpenEye,central_alpha_mean_db,-124.24244701609831
sub-010,SD,OpenEye,central_alpha_sd_linear,2.6376879002424453e-13
sub-010,SD,OpenEye,central_alpha_cv_linear,
sub-010,SD,OpenEye,central_alpha_n_epochs_used,313.0
sub-010,SD,OpenEye,frontal_beta_mean_linear,2.468536757841328e-13
sub-010,SD,OpenEye,frontal_beta_mean_db,-126.07169929705694
sub-010,SD,OpenEye,frontal_beta_sd_linear,8.100223575870688e-14
sub-010,SD,OpenEye,frontal_beta_cv_linear,
sub-010,SD,OpenEye,frontal_beta_n_epochs_used,313.0
sub-010,SD,OpenEye,global_theta_alpha_ratio_mean_linear,1.9081096212047046
sub-010,SD,OpenEye,global_theta_alpha_ratio_sd_linear,1.0034016984964154
sub-010,SD,OpenEye,global_theta_alpha_ratio_cv_linear,0.5258616629493787
sub-010,SD,OpenEye,global_theta_alpha_ratio_n_epochs_used,313.0
sub-011,RW,CloseEye,n_epochs_total,31.0
sub-011,RW,CloseEye,global_theta_mean_linear,1.2053982319756988e-12
sub-011,RW,CloseEye,global_theta_mean_db,-119.18789456502131
sub-011,RW,CloseEye,global_theta_sd_linear,4.982590730430349e-13
sub-011,RW,CloseEye,global_theta_cv_linear,
sub-011,RW,CloseEye,global_theta_n_epochs_used,31.0
sub-011,RW,CloseEye,posterior_alpha_mean_linear,1.6035674371067815e-11
sub-011,RW,CloseEye,posterior_alpha_mean_db,-107.94906757749968
sub-011,RW,CloseEye,posterior_alpha_sd_linear,9.806830989799505e-12
sub-011,RW,CloseEye,posterior_alpha_cv_linear,
sub-011,RW,CloseEye,posterior_alpha_n_epochs_used,31.0
sub-011,RW,CloseEye,frontal_theta_mean_linear,1.067852827908827e-12
sub-011,RW,CloseEye,frontal_theta_mean_db,-119.71398302008001
sub-011,RW,CloseEye,frontal_theta_sd_linear,4.713733923810302e-13
sub-011,RW,CloseEye,frontal_theta_cv_linear,
sub-011,RW,CloseEye,frontal_theta_n_epochs_used,31.0
sub-011,RW,CloseEye,frontocentral_theta_mean_linear,6.436557618982752e-13
sub-011,RW,CloseEye,frontocentral_theta_mean_db,-121.91196544125619
sub-011,RW,CloseEye,frontocentral_theta_sd_linear,2.8555509364919796e-13
sub-011,RW,CloseEye,frontocentral_theta_cv_linear,
sub-011,RW,CloseEye,frontocentral_theta_n_epochs_used,31.0
sub-011,RW,CloseEye,central_alpha_mean_linear,2.055591216888767e-12
sub-011,RW,CloseEye,central_alpha_mean_db,-116.87016336751688
sub-011,RW,CloseEye,central_alpha_sd_linear,1.2210947839984557e-12
sub-011,RW,CloseEye,central_alpha_cv_linear,
sub-011,RW,CloseEye,central_alpha_n_epochs_used,31.0
sub-011,RW,CloseEye,frontal_beta_mean_linear,1.8184224428036037e-13
sub-011,RW,CloseEye,frontal_beta_mean_db,-127.3977523081677
sub-011,RW,CloseEye,frontal_beta_sd_linear,6.46266350454972e-14
sub-011,RW,CloseEye,frontal_beta_cv_linear,
sub-011,RW,CloseEye,frontal_beta_n_epochs_used,31.0
sub-011,RW,CloseEye,global_theta_alpha_ratio_mean_linear,0.20496683780748182
sub-011,RW,CloseEye,global_theta_alpha_ratio_sd_linear,0.12404267250679561
sub-011,RW,CloseEye,global_theta_alpha_ratio_cv_linear,0.6051841060420926
sub-011,RW,CloseEye,global_theta_alpha_ratio_n_epochs_used,31.0
sub-011,RW,OpenEye,n_epochs_total,40.0
sub-011,RW,OpenEye,global_theta_mean_linear,1.097218453968229e-12
sub-011,RW,OpenEye,global_theta_mean_db,-119.59619017183212
sub-011,RW,OpenEye,global_theta_sd_linear,6.996980715085894e-13
sub-011,RW,OpenEye,global_theta_cv_linear,
sub-011,RW,OpenEye,global_theta_n_epochs_used,40.0
sub-011,RW,OpenEye,posterior_alpha_mean_linear,8.609038026109149e-13
sub-011,RW,OpenEye,posterior_alpha_mean_db,-120.64933374960384
sub-011,RW,OpenEye,posterior_alpha_sd_linear,3.9834114709813697e-13
sub-011,RW,OpenEye,posterior_alpha_cv_linear,
sub-011,RW,OpenEye,posterior_alpha_n_epochs_used,40.0
sub-011,RW,OpenEye,frontal_theta_mean_linear,8.09284351318196e-13
sub-011,RW,OpenEye,frontal_theta_mean_db,-120.91779715529329
sub-011,RW,OpenEye,frontal_theta_sd_linear,3.3136817261931683e-13
sub-011,RW,OpenEye,frontal_theta_cv_linear,
sub-011,RW,OpenEye,frontal_theta_n_epochs_used,40.0
sub-011,RW,OpenEye,frontocentral_theta_mean_linear,4.859944137597078e-13
sub-011,RW,OpenEye,frontocentral_theta_mean_db,-123.13170344431467
sub-011,RW,OpenEye,frontocentral_theta_sd_linear,2.3107050216462633e-13
sub-011,RW,OpenEye,frontocentral_theta_cv_linear,
sub-011,RW,OpenEye,frontocentral_theta_n_epochs_used,40.0
sub-011,RW,OpenEye,central_alpha_mean_linear,2.0156989478792472e-13
sub-011,RW,OpenEye,central_alpha_mean_db,-126.95096185706257
sub-011,RW,OpenEye,central_alpha_sd_linear,6.370632430354295e-14
sub-011,RW,OpenEye,central_alpha_cv_linear,
sub-011,RW,OpenEye,central_alpha_n_epochs_used,40.0
sub-011,RW,OpenEye,frontal_beta_mean_linear,1.407414306808113e-13
sub-011,RW,OpenEye,frontal_beta_mean_db,-128.50893401789483
sub-011,RW,OpenEye,frontal_beta_sd_linear,3.9800088372614727e-14
sub-011,RW,OpenEye,frontal_beta_cv_linear,
sub-011,RW,OpenEye,frontal_beta_n_epochs_used,40.0
sub-011,RW,OpenEye,global_theta_alpha_ratio_mean_linear,2.016345782658907
sub-011,RW,OpenEye,global_theta_alpha_ratio_sd_linear,1.0732954190302675
sub-011,RW,OpenEye,global_theta_alpha_ratio_cv_linear,0.5322973015148912
sub-011,RW,OpenEye,global_theta_alpha_ratio_n_epochs_used,40.0
sub-011,RW,PVT,n_epochs_total,1.0
sub-011,RW,PVT,global_theta_mean_linear,4.461588213035507e-13
sub-011,RW,PVT,global_theta_mean_db,-123.50294429680832
sub-011,RW,PVT,global_theta_sd_linear,
sub-011,RW,PVT,global_theta_cv_linear,
sub-011,RW,PVT,global_theta_n_epochs_used,1.0
sub-011,RW,PVT,posterior_alpha_mean_linear,1.1293216970621154e-12
sub-011,RW,PVT,posterior_alpha_mean_db,-119.47096946331229
sub-011,RW,PVT,posterior_alpha_sd_linear,
sub-011,RW,PVT,posterior_alpha_cv_linear,
sub-011,RW,PVT,posterior_alpha_n_epochs_used,1.0
sub-011,RW,PVT,frontal_theta_mean_linear,5.316559783160977e-13
sub-011,RW,PVT,frontal_theta_mean_db,-122.74187954257938
sub-011,RW,PVT,frontal_theta_sd_linear,
sub-011,RW,PVT,frontal_theta_cv_linear,
sub-011,RW,PVT,frontal_theta_n_epochs_used,1.0
sub-011,RW,PVT,frontocentral_theta_mean_linear,3.6050703158939755e-13
sub-011,RW,PVT,frontocentral_theta_mean_db,-124.42818850412947
sub-011,RW,PVT,frontocentral_theta_sd_linear,
sub-011,RW,PVT,frontocentral_theta_cv_linear,
sub-011,RW,PVT,frontocentral_theta_n_epochs_used,1.0
sub-011,RW,PVT,central_alpha_mean_linear,1.2064500984546583e-13
sub-011,RW,PVT,central_alpha_mean_db,-129.1769206158956
sub-011,RW,PVT,central_alpha_sd_linear,
sub-011,RW,PVT,central_alpha_cv_linear,
sub-011,RW,PVT,central_alpha_n_epochs_used,1.0
sub-011,RW,PVT,frontal_beta_mean_linear,1.0782519541268067e-13
sub-011,RW,PVT,frontal_beta_mean_db,-129.66386322352542
sub-011,RW,PVT,frontal_beta_sd_linear,
sub-011,RW,PVT,frontal_beta_cv_linear,
sub-011,RW,PVT,frontal_beta_n_epochs_used,1.0
sub-011,RW,PVT,global_theta_alpha_ratio_mean_linear,0.8876482980651729
sub-011,RW,PVT,global_theta_alpha_ratio_sd_linear,
sub-011,RW,PVT,global_theta_alpha_ratio_cv_linear,
sub-011,RW,PVT,global_theta_alpha_ratio_n_epochs_used,1.0
sub-011,SD,CloseEye,n_epochs_total,296.0
sub-011,SD,CloseEye,global_theta_mean_linear,1.3362834382983519e-12
sub-011,SD,CloseEye,global_theta_mean_db,-118.74029255246572
sub-011,SD,CloseEye,global_theta_sd_linear,7.110100482586543e-13
sub-011,SD,CloseEye,global_theta_cv_linear,
sub-011,SD,CloseEye,global_theta_n_epochs_used,296.0
sub-011,SD,CloseEye,posterior_alpha_mean_linear,1.971841495780856e-12
sub-011,SD,CloseEye,posterior_alpha_mean_db,-117.05079096091382
sub-011,SD,CloseEye,posterior_alpha_sd_linear,4.0123768037696306e-12
sub-011,SD,CloseEye,posterior_alpha_cv_linear,
sub-011,SD,CloseEye,posterior_alpha_n_epochs_used,296.0
sub-011,SD,CloseEye,frontal_theta_mean_linear,1.2517367625237387e-12
sub-011,SD,CloseEye,frontal_theta_mean_db,-119.0240996036762
sub-011,SD,CloseEye,frontal_theta_sd_linear,7.693659705972904e-13
sub-011,SD,CloseEye,frontal_theta_cv_linear,
sub-011,SD,CloseEye,frontal_theta_n_epochs_used,296.0
sub-011,SD,CloseEye,frontocentral_theta_mean_linear,9.39807496133583e-13
sub-011,SD,CloseEye,frontocentral_theta_mean_db,-120.2685849833845
sub-011,SD,CloseEye,frontocentral_theta_sd_linear,5.793758331167401e-13
sub-011,SD,CloseEye,frontocentral_theta_cv_linear,
sub-011,SD,CloseEye,frontocentral_theta_n_epochs_used,296.0
sub-011,SD,CloseEye,central_alpha_mean_linear,3.872740980276168e-13
sub-011,SD,CloseEye,central_alpha_mean_db,-124.1173261636216
sub-011,SD,CloseEye,central_alpha_sd_linear,3.6689428486227624e-13
sub-011,SD,CloseEye,central_alpha_cv_linear,
sub-011,SD,CloseEye,central_alpha_n_epochs_used,296.0
sub-011,SD,CloseEye,frontal_beta_mean_linear,1.6254207388109667e-13
sub-011,SD,CloseEye,frontal_beta_mean_db,-127.88441329551588
sub-011,SD,CloseEye,frontal_beta_sd_linear,9.456641088865567e-14
sub-011,SD,CloseEye,frontal_beta_cv_linear,
sub-011,SD,CloseEye,frontal_beta_n_epochs_used,296.0
sub-011,SD,CloseEye,global_theta_alpha_ratio_mean_linear,2.5197932599230293
sub-011,SD,CloseEye,global_theta_alpha_ratio_sd_linear,1.6084228133095118
sub-011,SD,CloseEye,global_theta_alpha_ratio_cv_linear,0.6383153883658864
sub-011,SD,CloseEye,global_theta_alpha_ratio_n_epochs_used,296.0
sub-011,SD,OpenEye,n_epochs_total,296.0
sub-011,SD,OpenEye,global_theta_mean_linear,1.381900527137764e-12
sub-011,SD,OpenEye,global_theta_mean_db,-118.59453440412615
sub-011,SD,OpenEye,global_theta_sd_linear,6.523076656718728e-13
sub-011,SD,OpenEye,global_theta_cv_linear,
sub-011,SD,OpenEye,global_theta_n_epochs_used,296.0
sub-011,SD,OpenEye,posterior_alpha_mean_linear,1.3074724982366443e-12
sub-011,SD,OpenEye,posterior_alpha_mean_db,-118.83493688619262
sub-011,SD,OpenEye,posterior_alpha_sd_linear,2.0472241824944044e-12
sub-011,SD,OpenEye,posterior_alpha_cv_linear,
sub-011,SD,OpenEye,posterior_alpha_n_epochs_used,296.0
sub-011,SD,OpenEye,frontal_theta_mean_linear,1.362629935013912e-12
sub-011,SD,OpenEye,frontal_theta_mean_db,-118.65551310655137
sub-011,SD,OpenEye,frontal_theta_sd_linear,8.288872556586824e-13
sub-011,SD,OpenEye,frontal_theta_cv_linear,
sub-011,SD,OpenEye,frontal_theta_n_epochs_used,296.0
sub-011,SD,OpenEye,frontocentral_theta_mean_linear,1.1189199367228362e-12
sub-011,SD,OpenEye,frontocentral_theta_mean_db,-119.51114812671275
sub-011,SD,OpenEye,frontocentral_theta_sd_linear,7.507311962284381e-13
sub-011,SD,OpenEye,frontocentral_theta_cv_linear,
sub-011,SD,OpenEye,frontocentral_theta_n_epochs_used,296.0
sub-011,SD,OpenEye,central_alpha_mean_linear,3.7108580864337974e-13
sub-011,SD,OpenEye,central_alpha_mean_db,-124.30265865246409
sub-011,SD,OpenEye,central_alpha_sd_linear,2.6746400647547467e-13
sub-011,SD,OpenEye,central_alpha_cv_linear,
sub-011,SD,OpenEye,central_alpha_n_epochs_used,296.0
sub-011,SD,OpenEye,frontal_beta_mean_linear,1.928920443186796e-13
sub-011,SD,OpenEye,frontal_beta_mean_db,-127.1418604046933
sub-011,SD,OpenEye,frontal_beta_sd_linear,1.5383199504193089e-13
sub-011,SD,OpenEye,frontal_beta_cv_linear,
sub-011,SD,OpenEye,frontal_beta_n_epochs_used,296.0
sub-011,SD,OpenEye,global_theta_alpha_ratio_mean_linear,2.929542693158035
sub-011,SD,OpenEye,global_theta_alpha_ratio_sd_linear,1.4165275894237577
sub-011,SD,OpenEye,global_theta_alpha_ratio_cv_linear,0.48353198358640287
sub-011,SD,OpenEye,global_theta_alpha_ratio_n_epochs_used,296.0
sub-011,SD,PVT,n_epochs_total,37.0
sub-011,SD,PVT,global_theta_mean_linear,8.799085310382849e-13
sub-011,SD,PVT,global_theta_mean_db,-120.5545289140153
sub-011,SD,PVT,global_theta_sd_linear,3.6543442471314803e-13
sub-011,SD,PVT,global_theta_cv_linear,
sub-011,SD,PVT,global_theta_n_epochs_used,37.0
sub-011,SD,PVT,posterior_alpha_mean_linear,1.0261215554379913e-12
sub-011,SD,PVT,posterior_alpha_mean_db,-119.88707221464709
sub-011,SD,PVT,posterior_alpha_sd_linear,1.6661571282889351e-12
sub-011,SD,PVT,posterior_alpha_cv_linear,
sub-011,SD,PVT,posterior_alpha_n_epochs_used,37.0
sub-011,SD,PVT,frontal_theta_mean_linear,7.026149438238498e-13
sub-011,SD,PVT,frontal_theta_mean_db,-121.53145390819594
sub-011,SD,PVT,frontal_theta_sd_linear,4.3415765177925353e-13
sub-011,SD,PVT,frontal_theta_cv_linear,
sub-011,SD,PVT,frontal_theta_n_epochs_used,37.0
sub-011,SD,PVT,frontocentral_theta_mean_linear,7.00710682598133e-13
sub-011,SD,PVT,frontocentral_theta_mean_db,-121.5432366192846
sub-011,SD,PVT,frontocentral_theta_sd_linear,3.537011905756684e-13
sub-011,SD,PVT,frontocentral_theta_cv_linear,
sub-011,SD,PVT,frontocentral_theta_n_epochs_used,37.0
sub-011,SD,PVT,central_alpha_mean_linear,2.693735872827554e-13
sub-011,SD,PVT,central_alpha_mean_db,-125.69287148718487
sub-011,SD,PVT,central_alpha_sd_linear,2.7975358079917823e-13
sub-011,SD,PVT,central_alpha_cv_linear,
sub-011,SD,PVT,central_alpha_n_epochs_used,37.0
sub-011,SD,PVT,frontal_beta_mean_linear,1.4337869942155341e-13
sub-011,SD,PVT,frontal_beta_mean_db,-128.42843309914352
sub-011,SD,PVT,frontal_beta_sd_linear,7.261876705583469e-14
sub-011,SD,PVT,frontal_beta_cv_linear,
sub-011,SD,PVT,frontal_beta_n_epochs_used,37.0
sub-011,SD,PVT,global_theta_alpha_ratio_mean_linear,2.394467575159682
sub-011,SD,PVT,global_theta_alpha_ratio_sd_linear,1.4053571208123343
sub-011,SD,PVT,global_theta_alpha_ratio_cv_linear,0.5869184178527095
sub-011,SD,PVT,global_theta_alpha_ratio_n_epochs_used,37.0
sub-012,RW,CloseEye,n_epochs_total,293.0
sub-012,RW,CloseEye,global_theta_mean_linear,5.153135634909388e-13
sub-012,RW,CloseEye,global_theta_mean_db,-122.87741332581302
sub-012,RW,CloseEye,global_theta_sd_linear,1.9374570528413494e-13
sub-012,RW,CloseEye,global_theta_cv_linear,
sub-012,RW,CloseEye,global_theta_n_epochs_used,293.0
sub-012,RW,CloseEye,posterior_alpha_mean_linear,6.476296694406128e-12
sub-012,RW,CloseEye,posterior_alpha_mean_db,-111.88658373558619
sub-012,RW,CloseEye,posterior_alpha_sd_linear,4.029276974668115e-12
sub-012,RW,CloseEye,posterior_alpha_cv_linear,
sub-012,RW,CloseEye,posterior_alpha_n_epochs_used,293.0
sub-012,RW,CloseEye,frontal_theta_mean_linear,5.400006705363341e-13
sub-012,RW,CloseEye,frontal_theta_mean_db,-122.67427158665599
sub-012,RW,CloseEye,frontal_theta_sd_linear,2.2645894505328664e-13
sub-012,RW,CloseEye,frontal_theta_cv_linear,
sub-012,RW,CloseEye,frontal_theta_n_epochs_used,293.0
sub-012,RW,CloseEye,frontocentral_theta_mean_linear,4.02058886983824e-13
sub-012,RW,CloseEye,frontocentral_theta_mean_db,-123.9547055281788
sub-012,RW,CloseEye,frontocentral_theta_sd_linear,1.7722982909055607e-13
sub-012,RW,CloseEye,frontocentral_theta_cv_linear,
sub-012,RW,CloseEye,frontocentral_theta_n_epochs_used,293.0
sub-012,RW,CloseEye,central_alpha_mean_linear,1.9532521083069346e-12
sub-012,RW,CloseEye,central_alpha_mean_db,-117.09192330700786
sub-012,RW,CloseEye,central_alpha_sd_linear,1.2753853456099441e-12
sub-012,RW,CloseEye,central_alpha_cv_linear,
sub-012,RW,CloseEye,central_alpha_n_epochs_used,293.0
sub-012,RW,CloseEye,frontal_beta_mean_linear,1.686310093038887e-13
sub-012,RW,CloseEye,frontal_beta_mean_db,-127.72491080223998
sub-012,RW,CloseEye,frontal_beta_sd_linear,7.189947973996102e-14
sub-012,RW,CloseEye,frontal_beta_cv_linear,
sub-012,RW,CloseEye,frontal_beta_n_epochs_used,293.0
sub-012,RW,CloseEye,global_theta_alpha_ratio_mean_linear,0.3002616943797556
sub-012,RW,CloseEye,global_theta_alpha_ratio_sd_linear,0.47707625468104137
sub-012,RW,CloseEye,global_theta_alpha_ratio_cv_linear,1.5888681893523835
sub-012,RW,CloseEye,global_theta_alpha_ratio_n_epochs_used,293.0
sub-012,RW,OpenEye,n_epochs_total,240.0
sub-012,RW,OpenEye,global_theta_mean_linear,6.216282109734959e-13
sub-012,RW,OpenEye,global_theta_mean_db,-122.06314182842146
sub-012,RW,OpenEye,global_theta_sd_linear,3.8523179539410986e-13
sub-012,RW,OpenEye,global_theta_cv_linear,
sub-012,RW,OpenEye,global_theta_n_epochs_used,240.0
sub-012,RW,OpenEye,posterior_alpha_mean_linear,8.035020757128371e-13
sub-012,RW,OpenEye,posterior_alpha_mean_db,-120.94892997998222
sub-012,RW,OpenEye,posterior_alpha_sd_linear,5.826732573330413e-13
sub-012,RW,OpenEye,posterior_alpha_cv_linear,
sub-012,RW,OpenEye,posterior_alpha_n_epochs_used,240.0
sub-012,RW,OpenEye,frontal_theta_mean_linear,5.431149885590797e-13
sub-012,RW,OpenEye,frontal_theta_mean_db,-122.64930692995631
sub-012,RW,OpenEye,frontal_theta_sd_linear,2.541959746724113e-13
sub-012,RW,OpenEye,frontal_theta_cv_linear,
sub-012,RW,OpenEye,frontal_theta_n_epochs_used,240.0
sub-012,RW,OpenEye,frontocentral_theta_mean_linear,3.99153452832807e-13
sub-012,RW,OpenEye,frontocentral_theta_mean_db,-123.98618583566501
sub-012,RW,OpenEye,frontocentral_theta_sd_linear,2.0007989198309713e-13
sub-012,RW,OpenEye,frontocentral_theta_cv_linear,
sub-012,RW,OpenEye,frontocentral_theta_n_epochs_used,240.0
sub-012,RW,OpenEye,central_alpha_mean_linear,1.2033747038278815e-12
sub-012,RW,OpenEye,central_alpha_mean_db,-119.19518994195165
sub-012,RW,OpenEye,central_alpha_sd_linear,9.058461197082301e-13
sub-012,RW,OpenEye,central_alpha_cv_linear,
sub-012,RW,OpenEye,central_alpha_n_epochs_used,240.0
sub-012,RW,OpenEye,frontal_beta_mean_linear,1.2506609446148416e-13
sub-012,RW,OpenEye,frontal_beta_mean_db,-129.02090041390753
sub-012,RW,OpenEye,frontal_beta_sd_linear,4.2628249620138884e-14
sub-012,RW,OpenEye,frontal_beta_cv_linear,
sub-012,RW,OpenEye,frontal_beta_n_epochs_used,240.0
sub-012,RW,OpenEye,global_theta_alpha_ratio_mean_linear,0.9570089021054347
sub-012,RW,OpenEye,global_theta_alpha_ratio_sd_linear,0.8174615710619311
sub-012,RW,OpenEye,global_theta_alpha_ratio_cv_linear,0.8541838735914604
sub-012,RW,OpenEye,global_theta_alpha_ratio_n_epochs_used,240.0
sub-012,RW,PVT,n_epochs_total,43.0
sub-012,RW,PVT,global_theta_mean_linear,5.209776059485541e-13
sub-012,RW,PVT,global_theta_mean_db,-122.82995884138936
sub-012,RW,PVT,global_theta_sd_linear,1.370622519476057e-13
sub-012,RW,PVT,global_theta_cv_linear,
sub-012,RW,PVT,global_theta_n_epochs_used,43.0
sub-012,RW,PVT,posterior_alpha_mean_linear,7.480232979919062e-13
sub-012,RW,PVT,posterior_alpha_mean_db,-121.25955977716359
sub-012,RW,PVT,posterior_alpha_sd_linear,3.132416244976398e-13
sub-012,RW,PVT,posterior_alpha_cv_linear,
sub-012,RW,PVT,posterior_alpha_n_epochs_used,43.0
sub-012,RW,PVT,frontal_theta_mean_linear,5.82196056306036e-13
sub-012,RW,PVT,frontal_theta_mean_db,-122.34765136092703
sub-012,RW,PVT,frontal_theta_sd_linear,2.640580772817926e-13
sub-012,RW,PVT,frontal_theta_cv_linear,
sub-012,RW,PVT,frontal_theta_n_epochs_used,43.0
sub-012,RW,PVT,frontocentral_theta_mean_linear,4.1320949392285856e-13
sub-012,RW,PVT,frontocentral_theta_mean_db,-123.8359639639249
sub-012,RW,PVT,frontocentral_theta_sd_linear,1.6400999016631787e-13
sub-012,RW,PVT,frontocentral_theta_cv_linear,
sub-012,RW,PVT,frontocentral_theta_n_epochs_used,43.0
sub-012,RW,PVT,central_alpha_mean_linear,3.5589218621696296e-13
sub-012,RW,PVT,central_alpha_mean_db,-124.48410670965092
sub-012,RW,PVT,central_alpha_sd_linear,3.7845455421012745e-13
sub-012,RW,PVT,central_alpha_cv_linear,
sub-012,RW,PVT,central_alpha_n_epochs_used,43.0
sub-012,RW,PVT,frontal_beta_mean_linear,1.3131521719313464e-13
sub-012,RW,PVT,frontal_beta_mean_db,-128.8095120306039
sub-012,RW,PVT,frontal_beta_sd_linear,4.1733820862467354e-14
sub-012,RW,PVT,frontal_beta_cv_linear,
sub-012,RW,PVT,frontal_beta_n_epochs_used,43.0
sub-012,RW,PVT,global_theta_alpha_ratio_mean_linear,1.3896354357180056
sub-012,RW,PVT,global_theta_alpha_ratio_sd_linear,0.5770258624023198
sub-012,RW,PVT,global_theta_alpha_ratio_cv_linear,0.4152354261923224
sub-012,RW,PVT,global_theta_alpha_ratio_n_epochs_used,43.0
sub-012,SD,CloseEye,n_epochs_total,295.0
sub-012,SD,CloseEye,global_theta_mean_linear,7.639054972247287e-13
sub-012,SD,CloseEye,global_theta_mean_db,-121.16834146542249
sub-012,SD,CloseEye,global_theta_sd_linear,3.402026604041213e-13
sub-012,SD,CloseEye,global_theta_cv_linear,
sub-012,SD,CloseEye,global_theta_n_epochs_used,295.0
sub-012,SD,CloseEye,posterior_alpha_mean_linear,3.4216212664081134e-12
sub-012,SD,CloseEye,posterior_alpha_mean_db,-114.65739881036998
sub-012,SD,CloseEye,posterior_alpha_sd_linear,3.595658871681628e-12
sub-012,SD,CloseEye,posterior_alpha_cv_linear,
sub-012,SD,CloseEye,posterior_alpha_n_epochs_used,295.0
sub-012,SD,CloseEye,frontal_theta_mean_linear,8.793732258684284e-13
sub-012,SD,CloseEye,frontal_theta_mean_db,-120.55717114478193
sub-012,SD,CloseEye,frontal_theta_sd_linear,5.164217936939862e-13
sub-012,SD,CloseEye,frontal_theta_cv_linear,
sub-012,SD,CloseEye,frontal_theta_n_epochs_used,295.0
sub-012,SD,CloseEye,frontocentral_theta_mean_linear,7.575534859154293e-13
sub-012,SD,CloseEye,frontocentral_theta_mean_db,-121.20459422723684
sub-012,SD,CloseEye,frontocentral_theta_sd_linear,4.2973225653546396e-13
sub-012,SD,CloseEye,frontocentral_theta_cv_linear,
sub-012,SD,CloseEye,frontocentral_theta_n_epochs_used,295.0
sub-012,SD,CloseEye,central_alpha_mean_linear,1.1124913272239005e-12
sub-012,SD,CloseEye,central_alpha_mean_db,-119.536166928661
sub-012,SD,CloseEye,central_alpha_sd_linear,1.0569361352056479e-12
sub-012,SD,CloseEye,central_alpha_cv_linear,
sub-012,SD,CloseEye,central_alpha_n_epochs_used,295.0
sub-012,SD,CloseEye,frontal_beta_mean_linear,1.5575352999003233e-13
sub-012,SD,CloseEye,frontal_beta_mean_db,-128.0694340580685
sub-012,SD,CloseEye,frontal_beta_sd_linear,7.963627351210824e-14
sub-012,SD,CloseEye,frontal_beta_cv_linear,
sub-012,SD,CloseEye,frontal_beta_n_epochs_used,295.0
sub-012,SD,CloseEye,global_theta_alpha_ratio_mean_linear,1.0714866834654346
sub-012,SD,CloseEye,global_theta_alpha_ratio_sd_linear,1.1087182102370272
sub-012,SD,CloseEye,global_theta_alpha_ratio_cv_linear,1.0347475403531634
sub-012,SD,CloseEye,global_theta_alpha_ratio_n_epochs_used,295.0
sub-012,SD,OpenEye,n_epochs_total,249.0
sub-012,SD,OpenEye,global_theta_mean_linear,5.947121703385907e-13
sub-012,SD,OpenEye,global_theta_mean_db,-122.25531053879078
sub-012,SD,OpenEye,global_theta_sd_linear,2.7215738551642764e-13
sub-012,SD,OpenEye,global_theta_cv_linear,
sub-012,SD,OpenEye,global_theta_n_epochs_used,249.0
sub-012,SD,OpenEye,posterior_alpha_mean_linear,7.470578504600471e-13
sub-012,SD,OpenEye,posterior_alpha_mean_db,-121.26516701913238
sub-012,SD,OpenEye,posterior_alpha_sd_linear,4.865764610065219e-13
sub-012,SD,OpenEye,posterior_alpha_cv_linear,
sub-012,SD,OpenEye,posterior_alpha_n_epochs_used,249.0
sub-012,SD,OpenEye,frontal_theta_mean_linear,6.479826820933812e-13
sub-012,SD,OpenEye,frontal_theta_mean_db,-121.88287806423975
sub-012,SD,OpenEye,frontal_theta_sd_linear,2.9713186161335067e-13
sub-012,SD,OpenEye,frontal_theta_cv_linear,
sub-012,SD,OpenEye,frontal_theta_n_epochs_used,249.0
sub-012,SD,OpenEye,frontocentral_theta_mean_linear,5.107332077133441e-13
sub-012,SD,OpenEye,frontocentral_theta_mean_db,-122.91617132198351
sub-012,SD,OpenEye,frontocentral_theta_sd_linear,2.1657591738606145e-13
sub-012,SD,OpenEye,frontocentral_theta_cv_linear,
sub-012,SD,OpenEye,frontocentral_theta_n_epochs_used,249.0
sub-012,SD,OpenEye,central_alpha_mean_linear,5.201686410958999e-13
sub-012,SD,OpenEye,central_alpha_mean_db,-122.83670485332848
sub-012,SD,OpenEye,central_alpha_sd_linear,6.684623853672987e-13
sub-012,SD,OpenEye,central_alpha_cv_linear,
sub-012,SD,OpenEye,central_alpha_n_epochs_used,249.0
sub-012,SD,OpenEye,frontal_beta_mean_linear,1.3810380145929143e-13
sub-012,SD,OpenEye,frontal_beta_mean_db,-128.59096664761762
sub-012,SD,OpenEye,frontal_beta_sd_linear,5.3420885295978415e-14
sub-012,SD,OpenEye,frontal_beta_cv_linear,
sub-012,SD,OpenEye,frontal_beta_n_epochs_used,249.0
sub-012,SD,OpenEye,global_theta_alpha_ratio_mean_linear,1.4230132099433384
sub-012,SD,OpenEye,global_theta_alpha_ratio_sd_linear,0.7982151844214413
sub-012,SD,OpenEye,global_theta_alpha_ratio_cv_linear,0.5609330811856796
sub-012,SD,OpenEye,global_theta_alpha_ratio_n_epochs_used,249.0
sub-013,RW,CloseEye,n_epochs_total,62.0
sub-013,RW,CloseEye,global_theta_mean_linear,3.536150533474843e-13
sub-013,RW,CloseEye,global_theta_mean_db,-124.51196635554639
sub-013,RW,CloseEye,global_theta_sd_linear,9.713955376044325e-14
sub-013,RW,CloseEye,global_theta_cv_linear,
sub-013,RW,CloseEye,global_theta_n_epochs_used,62.0
sub-013,RW,CloseEye,posterior_alpha_mean_linear,4.1587232992461367e-13
sub-013,RW,CloseEye,posterior_alpha_mean_db,-123.80808155697787
sub-013,RW,CloseEye,posterior_alpha_sd_linear,3.1700312625456263e-13
sub-013,RW,CloseEye,posterior_alpha_cv_linear,
sub-013,RW,CloseEye,posterior_alpha_n_epochs_used,62.0
sub-013,RW,CloseEye,frontal_theta_mean_linear,3.9778609973553423e-13
sub-013,RW,CloseEye,frontal_theta_mean_db,-124.00108040976735
sub-013,RW,CloseEye,frontal_theta_sd_linear,1.5649690123579765e-13
sub-013,RW,CloseEye,frontal_theta_cv_linear,
sub-013,RW,CloseEye,frontal_theta_n_epochs_used,62.0
sub-013,RW,CloseEye,frontocentral_theta_mean_linear,2.2951689089005134e-13
sub-013,RW,CloseEye,frontocentral_theta_mean_db,-126.38765395585762
sub-013,RW,CloseEye,frontocentral_theta_sd_linear,7.171393385348745e-14
sub-013,RW,CloseEye,frontocentral_theta_cv_linear,
sub-013,RW,CloseEye,frontocentral_theta_n_epochs_used,62.0
sub-013,RW,CloseEye,central_alpha_mean_linear,1.738428217635707e-13
sub-013,RW,CloseEye,central_alpha_mean_db,-127.59288878980753
sub-013,RW,CloseEye,central_alpha_sd_linear,7.721528327502832e-14
sub-013,RW,CloseEye,central_alpha_cv_linear,
sub-013,RW,CloseEye,central_alpha_n_epochs_used,62.0
sub-013,RW,CloseEye,frontal_beta_mean_linear,8.563544647644445e-14
sub-013,RW,CloseEye,frontal_beta_mean_db,-130.66221806579114
sub-013,RW,CloseEye,frontal_beta_sd_linear,3.248512839639418e-14
sub-013,RW,CloseEye,frontal_beta_cv_linear,
sub-013,RW,CloseEye,frontal_beta_n_epochs_used,62.0
sub-013,RW,CloseEye,global_theta_alpha_ratio_mean_linear,1.361801909107273
sub-013,RW,CloseEye,global_theta_alpha_ratio_sd_linear,0.6140314467479079
sub-013,RW,CloseEye,global_theta_alpha_ratio_cv_linear,0.4508963033767775
sub-013,RW,CloseEye,global_theta_alpha_ratio_n_epochs_used,62.0
sub-013,RW,OpenEye,n_epochs_total,423.0
sub-013,RW,OpenEye,global_theta_mean_linear,4.3523282297487644e-13
sub-013,RW,OpenEye,global_theta_mean_db,-123.61056850476675
sub-013,RW,OpenEye,global_theta_sd_linear,2.0023119455283415e-13
sub-013,RW,OpenEye,global_theta_cv_linear,
sub-013,RW,OpenEye,global_theta_n_epochs_used,423.0
sub-013,RW,OpenEye,posterior_alpha_mean_linear,3.012920262680064e-13
sub-013,RW,OpenEye,posterior_alpha_mean_db,-125.2069241566354
sub-013,RW,OpenEye,posterior_alpha_sd_linear,1.4420694521723923e-13
sub-013,RW,OpenEye,posterior_alpha_cv_linear,
sub-013,RW,OpenEye,posterior_alpha_n_epochs_used,423.0
sub-013,RW,OpenEye,frontal_theta_mean_linear,4.0722331009153627e-13
sub-013,RW,OpenEye,frontal_theta_mean_db,-123.89930629243412
sub-013,RW,OpenEye,frontal_theta_sd_linear,1.83450189230267e-13
sub-013,RW,OpenEye,frontal_theta_cv_linear,
sub-013,RW,OpenEye,frontal_theta_n_epochs_used,423.0
sub-013,RW,OpenEye,frontocentral_theta_mean_linear,2.8698610367606934e-13
sub-013,RW,OpenEye,frontocentral_theta_mean_db,-125.41803243039507
sub-013,RW,OpenEye,frontocentral_theta_sd_linear,1.2104083307965983e-13
sub-013,RW,OpenEye,frontocentral_theta_cv_linear,
sub-013,RW,OpenEye,frontocentral_theta_n_epochs_used,423.0
sub-013,RW,OpenEye,central_alpha_mean_linear,1.6089758934882783e-13
sub-013,RW,OpenEye,central_alpha_mean_db,-127.92851533459064
sub-013,RW,OpenEye,central_alpha_sd_linear,6.836144535446643e-14
sub-013,RW,OpenEye,central_alpha_cv_linear,
sub-013,RW,OpenEye,central_alpha_n_epochs_used,423.0
sub-013,RW,OpenEye,frontal_beta_mean_linear,2.0080415004800526e-13
sub-013,RW,OpenEye,frontal_beta_mean_db,-126.96747348290928
sub-013,RW,OpenEye,frontal_beta_sd_linear,6.806781899509993e-14
sub-013,RW,OpenEye,frontal_beta_cv_linear,
sub-013,RW,OpenEye,frontal_beta_n_epochs_used,423.0
sub-013,RW,OpenEye,global_theta_alpha_ratio_mean_linear,1.2772248928294532
sub-013,RW,OpenEye,global_theta_alpha_ratio_sd_linear,0.48896026036282797
sub-013,RW,OpenEye,global_theta_alpha_ratio_cv_linear,0.3828301993704709
sub-013,RW,OpenEye,global_theta_alpha_ratio_n_epochs_used,423.0
sub-013,RW,PVT,n_epochs_total,46.0
sub-013,RW,PVT,global_theta_mean_linear,5.21555348008576e-13
sub-013,RW,PVT,global_theta_mean_db,-122.82514741786018
sub-013,RW,PVT,global_theta_sd_linear,1.740710985341704e-13
sub-013,RW,PVT,global_theta_cv_linear,
sub-013,RW,PVT,global_theta_n_epochs_used,46.0
sub-013,RW,PVT,posterior_alpha_mean_linear,3.621135223814373e-13
sub-013,RW,PVT,posterior_alpha_mean_db,-124.4088903337432
sub-013,RW,PVT,posterior_alpha_sd_linear,1.8303698631631461e-13
sub-013,RW,PVT,posterior_alpha_cv_linear,
sub-013,RW,PVT,posterior_alpha_n_epochs_used,46.0
sub-013,RW,PVT,frontal_theta_mean_linear,6.520348485930779e-13
sub-013,RW,PVT,frontal_theta_mean_db,-121.85581322481424
sub-013,RW,PVT,frontal_theta_sd_linear,4.4565929161737186e-13
sub-013,RW,PVT,frontal_theta_cv_linear,
sub-013,RW,PVT,frontal_theta_n_epochs_used,46.0
sub-013,RW,PVT,frontocentral_theta_mean_linear,3.2081418804027417e-13
sub-013,RW,PVT,frontocentral_theta_mean_db,-124.93445949682769
sub-013,RW,PVT,frontocentral_theta_sd_linear,1.5128978855093744e-13
sub-013,RW,PVT,frontocentral_theta_cv_linear,
sub-013,RW,PVT,frontocentral_theta_n_epochs_used,46.0
sub-013,RW,PVT,central_alpha_mean_linear,1.5771459658733261e-13
sub-013,RW,PVT,central_alpha_mean_db,-128.01517102280783
sub-013,RW,PVT,central_alpha_sd_linear,8.72635675630519e-14
sub-013,RW,PVT,central_alpha_cv_linear,
sub-013,RW,PVT,central_alpha_n_epochs_used,46.0
sub-013,RW,PVT,frontal_beta_mean_linear,1.3216682000048106e-13
sub-013,RW,PVT,frontal_beta_mean_db,-128.7814854241749
sub-013,RW,PVT,frontal_beta_sd_linear,7.921631946617845e-14
sub-013,RW,PVT,frontal_beta_cv_linear,
sub-013,RW,PVT,frontal_beta_n_epochs_used,46.0
sub-013,RW,PVT,global_theta_alpha_ratio_mean_linear,1.5388084114500185
sub-013,RW,PVT,global_theta_alpha_ratio_sd_linear,0.6038111458068994
sub-013,RW,PVT,global_theta_alpha_ratio_cv_linear,0.39238877388116716
sub-013,RW,PVT,global_theta_alpha_ratio_n_epochs_used,46.0
sub-013,SD,CloseEye,n_epochs_total,21.0
sub-013,SD,CloseEye,global_theta_mean_linear,1.1541981351540815e-12
sub-013,SD,CloseEye,global_theta_mean_db,-119.37636090194722
sub-013,SD,CloseEye,global_theta_sd_linear,6.43935993558618e-13
sub-013,SD,CloseEye,global_theta_cv_linear,
sub-013,SD,CloseEye,global_theta_n_epochs_used,21.0
sub-013,SD,CloseEye,posterior_alpha_mean_linear,9.203802805047318e-13
sub-013,SD,CloseEye,posterior_alpha_mean_db,-120.35927932569334
sub-013,SD,CloseEye,posterior_alpha_sd_linear,5.634555988118784e-13
sub-013,SD,CloseEye,posterior_alpha_cv_linear,
sub-013,SD,CloseEye,posterior_alpha_n_epochs_used,21.0
sub-013,SD,CloseEye,frontal_theta_mean_linear,1.3200474636938415e-12
sub-013,SD,CloseEye,frontal_theta_mean_db,-118.7933740665794
sub-013,SD,CloseEye,frontal_theta_sd_linear,1.3856636581737705e-12
sub-013,SD,CloseEye,frontal_theta_cv_linear,
sub-013,SD,CloseEye,frontal_theta_n_epochs_used,21.0
sub-013,SD,CloseEye,frontocentral_theta_mean_linear,1.1231560905855172e-12
sub-013,SD,CloseEye,frontocentral_theta_mean_db,-119.49474033244769
sub-013,SD,CloseEye,frontocentral_theta_sd_linear,1.2840198205744477e-12
sub-013,SD,CloseEye,frontocentral_theta_cv_linear,
sub-013,SD,CloseEye,frontocentral_theta_n_epochs_used,21.0
sub-013,SD,CloseEye,central_alpha_mean_linear,2.195701149759113e-13
sub-013,SD,CloseEye,central_alpha_mean_db,-126.57987803775633
sub-013,SD,CloseEye,central_alpha_sd_linear,7.808453216684092e-14
sub-013,SD,CloseEye,central_alpha_cv_linear,
sub-013,SD,CloseEye,central_alpha_n_epochs_used,21.0
sub-013,SD,CloseEye,frontal_beta_mean_linear,1.2110008770469727e-13
sub-013,SD,CloseEye,frontal_beta_mean_db,-129.16059965306934
sub-013,SD,CloseEye,frontal_beta_sd_linear,3.94417251550059e-14
sub-013,SD,CloseEye,frontal_beta_cv_linear,
sub-013,SD,CloseEye,frontal_beta_n_epochs_used,21.0
sub-013,SD,CloseEye,global_theta_alpha_ratio_mean_linear,2.3172319830815
sub-013,SD,CloseEye,global_theta_alpha_ratio_sd_linear,0.7903254779039082
sub-013,SD,CloseEye,global_theta_alpha_ratio_cv_linear,0.3410644612512719
sub-013,SD,CloseEye,global_theta_alpha_ratio_n_epochs_used,21.0
sub-013,SD,OpenEye,n_epochs_total,328.0
sub-013,SD,OpenEye,global_theta_mean_linear,7.846635976505382e-13
sub-013,SD,OpenEye,global_theta_mean_db,-121.05193615299751
sub-013,SD,OpenEye,global_theta_sd_linear,4.3618099502740394e-13
sub-013,SD,OpenEye,global_theta_cv_linear,
sub-013,SD,OpenEye,global_theta_n_epochs_used,328.0
sub-013,SD,OpenEye,posterior_alpha_mean_linear,5.096264423947997e-13
sub-013,SD,OpenEye,posterior_alpha_mean_db,-122.92558865149424
sub-013,SD,OpenEye,posterior_alpha_sd_linear,3.9846490809537184e-13
sub-013,SD,OpenEye,posterior_alpha_cv_linear,
sub-013,SD,OpenEye,posterior_alpha_n_epochs_used,328.0
sub-013,SD,OpenEye,frontal_theta_mean_linear,6.342069599199946e-13
sub-013,SD,OpenEye,frontal_theta_mean_db,-121.97616970367034
sub-013,SD,OpenEye,frontal_theta_sd_linear,5.405908580030102e-13
sub-013,SD,OpenEye,frontal_theta_cv_linear,
sub-013,SD,OpenEye,frontal_theta_n_epochs_used,328.0
sub-013,SD,OpenEye,frontocentral_theta_mean_linear,5.326066894229393e-13
sub-013,SD,OpenEye,frontocentral_theta_mean_db,-122.73412362866927
sub-013,SD,OpenEye,frontocentral_theta_sd_linear,4.605866570795346e-13
sub-013,SD,OpenEye,frontocentral_theta_cv_linear,
sub-013,SD,OpenEye,frontocentral_theta_n_epochs_used,328.0
sub-013,SD,OpenEye,central_alpha_mean_linear,2.0460329980144835e-13
sub-013,SD,OpenEye,central_alpha_mean_db,-126.88616306217563
sub-013,SD,OpenEye,central_alpha_sd_linear,1.0676044795472356e-13
sub-013,SD,OpenEye,central_alpha_cv_linear,
sub-013,SD,OpenEye,central_alpha_n_epochs_used,328.0
sub-013,SD,OpenEye,frontal_beta_mean_linear,2.3835949797536995e-13
sub-013,SD,OpenEye,frontal_beta_mean_db,-126.22363157755323
sub-013,SD,OpenEye,frontal_beta_sd_linear,1.5810063761951368e-13
sub-013,SD,OpenEye,frontal_beta_cv_linear,
sub-013,SD,OpenEye,frontal_beta_n_epochs_used,328.0
sub-013,SD,OpenEye,global_theta_alpha_ratio_mean_linear,1.581773776661691
sub-013,SD,OpenEye,global_theta_alpha_ratio_sd_linear,0.7500131850910986
sub-013,SD,OpenEye,global_theta_alpha_ratio_cv_linear,0.4741595771514114
sub-013,SD,OpenEye,global_theta_alpha_ratio_n_epochs_used,328.0
sub-013,SD,PVT,n_epochs_total,49.0
sub-013,SD,PVT,global_theta_mean_linear,8.088419732133845e-13
sub-013,SD,PVT,global_theta_mean_db,-120.92017113140193
sub-013,SD,PVT,global_theta_sd_linear,3.84356020937143e-13
sub-013,SD,PVT,global_theta_cv_linear,
sub-013,SD,PVT,global_theta_n_epochs_used,49.0
sub-013,SD,PVT,posterior_alpha_mean_linear,6.296099827161733e-13
sub-013,SD,PVT,posterior_alpha_mean_db,-122.00775259013591
sub-013,SD,PVT,posterior_alpha_sd_linear,3.9676628734846884e-13
sub-013,SD,PVT,posterior_alpha_cv_linear,
sub-013,SD,PVT,posterior_alpha_n_epochs_used,49.0
sub-013,SD,PVT,frontal_theta_mean_linear,7.324674692982105e-13
sub-013,SD,PVT,frontal_theta_mean_db,-121.35080023946996
sub-013,SD,PVT,frontal_theta_sd_linear,5.474635548725332e-13
sub-013,SD,PVT,frontal_theta_cv_linear,
sub-013,SD,PVT,frontal_theta_n_epochs_used,49.0
sub-013,SD,PVT,frontocentral_theta_mean_linear,5.864675073271972e-13
sub-013,SD,PVT,frontocentral_theta_mean_db,-122.31591645853258
sub-013,SD,PVT,frontocentral_theta_sd_linear,4.591544105370396e-13
sub-013,SD,PVT,frontocentral_theta_cv_linear,
sub-013,SD,PVT,frontocentral_theta_n_epochs_used,49.0
sub-013,SD,PVT,central_alpha_mean_linear,2.481021956159215e-13
sub-013,SD,PVT,central_alpha_mean_db,-126.04980884632627
sub-013,SD,PVT,central_alpha_sd_linear,3.0672430781333565e-13
sub-013,SD,PVT,central_alpha_cv_linear,
sub-013,SD,PVT,central_alpha_n_epochs_used,49.0
sub-013,SD,PVT,frontal_beta_mean_linear,2.0929744019072174e-13
sub-013,SD,PVT,frontal_beta_mean_db,-126.78775582503226
sub-013,SD,PVT,frontal_beta_sd_linear,1.4475345525834322e-13
sub-013,SD,PVT,frontal_beta_cv_linear,
sub-013,SD,PVT,frontal_beta_n_epochs_used,49.0
sub-013,SD,PVT,global_theta_alpha_ratio_mean_linear,1.673206083086947
sub-013,SD,PVT,global_theta_alpha_ratio_sd_linear,0.9143603685758415
sub-013,SD,PVT,global_theta_alpha_ratio_cv_linear,0.5464720561432045
sub-013,SD,PVT,global_theta_alpha_ratio_n_epochs_used,49.0
sub-014,RW,CloseEye,n_epochs_total,334.0
sub-014,RW,CloseEye,global_theta_mean_linear,9.823596576749067e-13
sub-014,RW,CloseEye,global_theta_mean_db,-120.07631327594736
sub-014,RW,CloseEye,global_theta_sd_linear,4.4951553265882776e-13
sub-014,RW,CloseEye,global_theta_cv_linear,
sub-014,RW,CloseEye,global_theta_n_epochs_used,334.0
sub-014,RW,CloseEye,posterior_alpha_mean_linear,2.6124570914011808e-11
sub-014,RW,CloseEye,posterior_alpha_mean_db,-105.82947142690901
sub-014,RW,CloseEye,posterior_alpha_sd_linear,1.756068530242815e-11
sub-014,RW,CloseEye,posterior_alpha_cv_linear,
sub-014,RW,CloseEye,posterior_alpha_n_epochs_used,334.0
sub-014,RW,CloseEye,frontal_theta_mean_linear,1.1235717567446054e-12
sub-014,RW,CloseEye,frontal_theta_mean_db,-119.49313367727075
sub-014,RW,CloseEye,frontal_theta_sd_linear,6.076848342294361e-13
sub-014,RW,CloseEye,frontal_theta_cv_linear,
sub-014,RW,CloseEye,frontal_theta_n_epochs_used,334.0
sub-014,RW,CloseEye,frontocentral_theta_mean_linear,7.969397627376229e-13
sub-014,RW,CloseEye,frontocentral_theta_mean_db,-120.98453516867836
sub-014,RW,CloseEye,frontocentral_theta_sd_linear,3.6340661346052827e-13
sub-014,RW,CloseEye,frontocentral_theta_cv_linear,
sub-014,RW,CloseEye,frontocentral_theta_n_epochs_used,334.0
sub-014,RW,CloseEye,central_alpha_mean_linear,4.5367060917670485e-12
sub-014,RW,CloseEye,central_alpha_mean_db,-113.43238099778347
sub-014,RW,CloseEye,central_alpha_sd_linear,2.8459761626761226e-12
sub-014,RW,CloseEye,central_alpha_cv_linear,
sub-014,RW,CloseEye,central_alpha_n_epochs_used,334.0
sub-014,RW,CloseEye,frontal_beta_mean_linear,7.110062608418647e-13
sub-014,RW,CloseEye,frontal_beta_mean_db,-121.47990967652677
sub-014,RW,CloseEye,frontal_beta_sd_linear,2.3258128212171855e-13
sub-014,RW,CloseEye,frontal_beta_cv_linear,
sub-014,RW,CloseEye,frontal_beta_n_epochs_used,334.0
sub-014,RW,CloseEye,global_theta_alpha_ratio_mean_linear,0.13516896455137717
sub-014,RW,CloseEye,global_theta_alpha_ratio_sd_linear,0.08832414323087019
sub-014,RW,CloseEye,global_theta_alpha_ratio_cv_linear,0.653435080486234
sub-014,RW,CloseEye,global_theta_alpha_ratio_n_epochs_used,334.0
sub-014,RW,OpenEye,n_epochs_total,343.0
sub-014,RW,OpenEye,global_theta_mean_linear,4.624365441572723e-13
sub-014,RW,OpenEye,global_theta_mean_db,-123.34739371208813
sub-014,RW,OpenEye,global_theta_sd_linear,1.177127926120833e-13
sub-014,RW,OpenEye,global_theta_cv_linear,
sub-014,RW,OpenEye,global_theta_n_epochs_used,343.0
sub-014,RW,OpenEye,posterior_alpha_mean_linear,1.3862608553453286e-12
sub-014,RW,OpenEye,posterior_alpha_mean_db,-118.58085482381136
sub-014,RW,OpenEye,posterior_alpha_sd_linear,1.5354078337839373e-12
sub-014,RW,OpenEye,posterior_alpha_cv_linear,
sub-014,RW,OpenEye,posterior_alpha_n_epochs_used,343.0
sub-014,RW,OpenEye,frontal_theta_mean_linear,6.375489720548835e-13
sub-014,RW,OpenEye,frontal_theta_mean_db,-121.953352210459
sub-014,RW,OpenEye,frontal_theta_sd_linear,2.667350371885285e-13
sub-014,RW,OpenEye,frontal_theta_cv_linear,
sub-014,RW,OpenEye,frontal_theta_n_epochs_used,343.0
sub-014,RW,OpenEye,frontocentral_theta_mean_linear,4.944507773771166e-13
sub-014,RW,OpenEye,frontocentral_theta_mean_db,-123.05681949727726
sub-014,RW,OpenEye,frontocentral_theta_sd_linear,1.8588413012497408e-13
sub-014,RW,OpenEye,frontocentral_theta_cv_linear,
sub-014,RW,OpenEye,frontocentral_theta_n_epochs_used,343.0
sub-014,RW,OpenEye,central_alpha_mean_linear,6.45727494934753e-13
sub-014,RW,OpenEye,central_alpha_mean_db,-121.89801407013304
sub-014,RW,OpenEye,central_alpha_sd_linear,5.856252839886105e-13
sub-014,RW,OpenEye,central_alpha_cv_linear,
sub-014,RW,OpenEye,central_alpha_n_epochs_used,343.0
sub-014,RW,OpenEye,frontal_beta_mean_linear,1.595541227860655e-12
sub-014,RW,OpenEye,frontal_beta_mean_db,-117.97031534719187
sub-014,RW,OpenEye,frontal_beta_sd_linear,4.732372351746433e-13
sub-014,RW,OpenEye,frontal_beta_cv_linear,
sub-014,RW,OpenEye,frontal_beta_n_epochs_used,343.0
sub-014,RW,OpenEye,global_theta_alpha_ratio_mean_linear,0.5525482774396776
sub-014,RW,OpenEye,global_theta_alpha_ratio_sd_linear,0.23499569135402718
sub-014,RW,OpenEye,global_theta_alpha_ratio_cv_linear,0.4252944058443506
sub-014,RW,OpenEye,global_theta_alpha_ratio_n_epochs_used,343.0
sub-014,SD,CloseEye,n_epochs_total,241.0
sub-014,SD,CloseEye,global_theta_mean_linear,1.360017992365422e-12
sub-014,SD,CloseEye,global_theta_mean_db,-118.66384446384856
sub-014,SD,CloseEye,global_theta_sd_linear,1.7403210959181252e-12
sub-014,SD,CloseEye,global_theta_cv_linear,
sub-014,SD,CloseEye,global_theta_n_epochs_used,241.0
sub-014,SD,CloseEye,posterior_alpha_mean_linear,3.5376998587604757e-12
sub-014,SD,CloseEye,posterior_alpha_mean_db,-114.51251758003968
sub-014,SD,CloseEye,posterior_alpha_sd_linear,5.101847541788954e-12
sub-014,SD,CloseEye,posterior_alpha_cv_linear,
sub-014,SD,CloseEye,posterior_alpha_n_epochs_used,241.0
sub-014,SD,CloseEye,frontal_theta_mean_linear,1.188771579567347e-12
sub-014,SD,CloseEye,frontal_theta_mean_db,-119.24820474224221
sub-014,SD,CloseEye,frontal_theta_sd_linear,2.952311253322408e-12
sub-014,SD,CloseEye,frontal_theta_cv_linear,
sub-014,SD,CloseEye,frontal_theta_n_epochs_used,241.0
sub-014,SD,CloseEye,frontocentral_theta_mean_linear,9.619885644758619e-13
sub-014,SD,CloseEye,frontocentral_theta_mean_db,-120.16729858990466
sub-014,SD,CloseEye,frontocentral_theta_sd_linear,2.2773960920477543e-12
sub-014,SD,CloseEye,frontocentral_theta_cv_linear,
sub-014,SD,CloseEye,frontocentral_theta_n_epochs_used,241.0
sub-014,SD,CloseEye,central_alpha_mean_linear,7.282865386808498e-13
sub-014,SD,CloseEye,central_alpha_mean_db,-121.37565327007664
sub-014,SD,CloseEye,central_alpha_sd_linear,7.154992425339183e-13
sub-014,SD,CloseEye,central_alpha_cv_linear,
sub-014,SD,CloseEye,central_alpha_n_epochs_used,241.0
sub-014,SD,CloseEye,frontal_beta_mean_linear,8.271147937767752e-13
sub-014,SD,CloseEye,frontal_beta_mean_db,-120.82317637645662
sub-014,SD,CloseEye,frontal_beta_sd_linear,4.3441618092086517e-13
sub-014,SD,CloseEye,frontal_beta_cv_linear,
sub-014,SD,CloseEye,frontal_beta_n_epochs_used,241.0
sub-014,SD,CloseEye,global_theta_alpha_ratio_mean_linear,1.3317545241446167
sub-014,SD,CloseEye,global_theta_alpha_ratio_sd_linear,1.3855598561286553
sub-014,SD,CloseEye,global_theta_alpha_ratio_cv_linear,1.040401839084119
sub-014,SD,CloseEye,global_theta_alpha_ratio_n_epochs_used,241.0
sub-014,SD,OpenEye,n_epochs_total,70.0
sub-014,SD,OpenEye,global_theta_mean_linear,8.177910452186596e-13
sub-014,SD,OpenEye,global_theta_mean_db,-120.8723974670439
sub-014,SD,OpenEye,global_theta_sd_linear,5.301036510067326e-13
sub-014,SD,OpenEye,global_theta_cv_linear,
sub-014,SD,OpenEye,global_theta_n_epochs_used,70.0
sub-014,SD,OpenEye,posterior_alpha_mean_linear,1.7855151867451043e-12
sub-014,SD,OpenEye,posterior_alpha_mean_db,-117.4818244655078
sub-014,SD,OpenEye,posterior_alpha_sd_linear,1.8020214928539805e-12
sub-014,SD,OpenEye,posterior_alpha_cv_linear,
sub-014,SD,OpenEye,posterior_alpha_n_epochs_used,70.0
sub-014,SD,OpenEye,frontal_theta_mean_linear,6.89852262513427e-13
sub-014,SD,OpenEye,frontal_theta_mean_db,-121.61104141967199
sub-014,SD,OpenEye,frontal_theta_sd_linear,4.948954981571655e-13
sub-014,SD,OpenEye,frontal_theta_cv_linear,
sub-014,SD,OpenEye,frontal_theta_n_epochs_used,70.0
sub-014,SD,OpenEye,frontocentral_theta_mean_linear,5.466293352411864e-13
sub-014,SD,OpenEye,frontocentral_theta_mean_db,-122.6213068771184
sub-014,SD,OpenEye,frontocentral_theta_sd_linear,4.808120832658846e-13
sub-014,SD,OpenEye,frontocentral_theta_cv_linear,
sub-014,SD,OpenEye,frontocentral_theta_n_epochs_used,70.0
sub-014,SD,OpenEye,central_alpha_mean_linear,3.850264263055525e-13
sub-014,SD,OpenEye,central_alpha_mean_db,-124.14259076364144
sub-014,SD,OpenEye,central_alpha_sd_linear,2.775657390945053e-13
sub-014,SD,OpenEye,central_alpha_cv_linear,
sub-014,SD,OpenEye,central_alpha_n_epochs_used,70.0
sub-014,SD,OpenEye,frontal_beta_mean_linear,1.3390543022641162e-12
sub-014,SD,OpenEye,frontal_beta_mean_db,-118.73129801227427
sub-014,SD,OpenEye,frontal_beta_sd_linear,5.157729835836585e-13
sub-014,SD,OpenEye,frontal_beta_cv_linear,
sub-014,SD,OpenEye,frontal_beta_n_epochs_used,70.0
sub-014,SD,OpenEye,global_theta_alpha_ratio_mean_linear,0.9399443747059443
sub-014,SD,OpenEye,global_theta_alpha_ratio_sd_linear,0.6470651261030624
sub-014,SD,OpenEye,global_theta_alpha_ratio_cv_linear,0.6884078925473569
sub-014,SD,OpenEye,global_theta_alpha_ratio_n_epochs_used,70.0
sub-014,SD,PVT,n_epochs_total,20.0
sub-014,SD,PVT,global_theta_mean_linear,6.945399061138767e-13
sub-014,SD,PVT,global_theta_mean_db,-121.5816397411289
sub-014,SD,PVT,global_theta_sd_linear,3.3464472028898914e-13
sub-014,SD,PVT,global_theta_cv_linear,
sub-014,SD,PVT,global_theta_n_epochs_used,20.0
sub-014,SD,PVT,posterior_alpha_mean_linear,9.483142337093324e-13
sub-014,SD,PVT,posterior_alpha_mean_db,-120.2294605415814
sub-014,SD,PVT,posterior_alpha_sd_linear,6.838742851133604e-13
sub-014,SD,PVT,posterior_alpha_cv_linear,
sub-014,SD,PVT,posterior_alpha_n_epochs_used,20.0
sub-014,SD,PVT,frontal_theta_mean_linear,5.976412174281343e-13
sub-014,SD,PVT,frontal_theta_mean_db,-122.23398132625208
sub-014,SD,PVT,frontal_theta_sd_linear,3.567029795688441e-13
sub-014,SD,PVT,frontal_theta_cv_linear,
sub-014,SD,PVT,frontal_theta_n_epochs_used,20.0
sub-014,SD,PVT,frontocentral_theta_mean_linear,4.449711875360237e-13
sub-014,SD,PVT,frontocentral_theta_mean_db,-123.51451446462625
sub-014,SD,PVT,frontocentral_theta_sd_linear,2.8077911288163807e-13
sub-014,SD,PVT,frontocentral_theta_cv_linear,
sub-014,SD,PVT,frontocentral_theta_n_epochs_used,20.0
sub-014,SD,PVT,central_alpha_mean_linear,3.973703883964506e-13
sub-014,SD,PVT,central_alpha_mean_db,-124.00561889709884
sub-014,SD,PVT,central_alpha_sd_linear,3.1918262081056714e-13
sub-014,SD,PVT,central_alpha_cv_linear,
sub-014,SD,PVT,central_alpha_n_epochs_used,20.0
sub-014,SD,PVT,frontal_beta_mean_linear,8.860035581102e-13
sub-014,SD,PVT,frontal_beta_mean_db,-120.52455707523448
sub-014,SD,PVT,frontal_beta_sd_linear,3.966054304740135e-13
sub-014,SD,PVT,frontal_beta_cv_linear,
sub-014,SD,PVT,frontal_beta_n_epochs_used,20.0
sub-014,SD,PVT,global_theta_alpha_ratio_mean_linear,0.9648221086125035
sub-014,SD,PVT,global_theta_alpha_ratio_sd_linear,0.47041663351994767
sub-014,SD,PVT,global_theta_alpha_ratio_cv_linear,0.48756825669806303
sub-014,SD,PVT,global_theta_alpha_ratio_n_epochs_used,20.0
sub-015,RW,CloseEye,n_epochs_total,293.0
sub-015,RW,CloseEye,global_theta_mean_linear,7.38556254901637e-13
sub-015,RW,CloseEye,global_theta_mean_db,-121.31485869786977
sub-015,RW,CloseEye,global_theta_sd_linear,5.563245419880565e-13
sub-015,RW,CloseEye,global_theta_cv_linear,
sub-015,RW,CloseEye,global_theta_n_epochs_used,293.0
sub-015,RW,CloseEye,posterior_alpha_mean_linear,1.712284380282602e-11
sub-015,RW,CloseEye,posterior_alpha_mean_db,-107.66418473221064
sub-015,RW,CloseEye,posterior_alpha_sd_linear,1.2102047069484906e-11
sub-015,RW,CloseEye,posterior_alpha_cv_linear,
sub-015,RW,CloseEye,posterior_alpha_n_epochs_used,293.0
sub-015,RW,CloseEye,frontal_theta_mean_linear,1.0758296610762389e-12
sub-015,RW,CloseEye,frontal_theta_mean_db,-119.68166859754672
sub-015,RW,CloseEye,frontal_theta_sd_linear,1.6399921705587193e-12
sub-015,RW,CloseEye,frontal_theta_cv_linear,
sub-015,RW,CloseEye,frontal_theta_n_epochs_used,293.0
sub-015,RW,CloseEye,frontocentral_theta_mean_linear,7.115814087570549e-13
sub-015,RW,CloseEye,frontocentral_theta_mean_db,-121.47639909318386
sub-015,RW,CloseEye,frontocentral_theta_sd_linear,7.970653544501751e-13
sub-015,RW,CloseEye,frontocentral_theta_cv_linear,
sub-015,RW,CloseEye,frontocentral_theta_n_epochs_used,293.0
sub-015,RW,CloseEye,central_alpha_mean_linear,1.9384981729650154e-12
sub-015,RW,CloseEye,central_alpha_mean_db,-117.12484860716381
sub-015,RW,CloseEye,central_alpha_sd_linear,1.2767818375238616e-12
sub-015,RW,CloseEye,central_alpha_cv_linear,
sub-015,RW,CloseEye,central_alpha_n_epochs_used,293.0
sub-015,RW,CloseEye,frontal_beta_mean_linear,2.7653537750127735e-13
sub-015,RW,CloseEye,frontal_beta_mean_db,-125.57900723343386
sub-015,RW,CloseEye,frontal_beta_sd_linear,1.216084152813127e-13
sub-015,RW,CloseEye,frontal_beta_cv_linear,
sub-015,RW,CloseEye,frontal_beta_n_epochs_used,293.0
sub-015,RW,CloseEye,global_theta_alpha_ratio_mean_linear,0.21818108979559944
sub-015,RW,CloseEye,global_theta_alpha_ratio_sd_linear,0.29971468648008714
sub-015,RW,CloseEye,global_theta_alpha_ratio_cv_linear,1.3736968990340603
sub-015,RW,CloseEye,global_theta_alpha_ratio_n_epochs_used,293.0
sub-015,RW,OpenEye,n_epochs_total,328.0
sub-015,RW,OpenEye,global_theta_mean_linear,3.890124717506719e-13
sub-015,RW,OpenEye,global_theta_mean_db,-124.09788654533948
sub-015,RW,OpenEye,global_theta_sd_linear,1.5187249273206206e-13
sub-015,RW,OpenEye,global_theta_cv_linear,
sub-015,RW,OpenEye,global_theta_n_epochs_used,328.0
sub-015,RW,OpenEye,posterior_alpha_mean_linear,9.971290382812023e-13
sub-015,RW,OpenEye,posterior_alpha_mean_db,-120.0115193645213
sub-015,RW,OpenEye,posterior_alpha_sd_linear,3.0448943359089815e-12
sub-015,RW,OpenEye,posterior_alpha_cv_linear,
sub-015,RW,OpenEye,posterior_alpha_n_epochs_used,328.0
sub-015,RW,OpenEye,frontal_theta_mean_linear,5.744012703120389e-13
sub-015,RW,OpenEye,frontal_theta_mean_db,-122.40616756808458
sub-015,RW,OpenEye,frontal_theta_sd_linear,3.6064934768454326e-13
sub-015,RW,OpenEye,frontal_theta_cv_linear,
sub-015,RW,OpenEye,frontal_theta_n_epochs_used,328.0
sub-015,RW,OpenEye,frontocentral_theta_mean_linear,4.289108964111308e-13
sub-015,RW,OpenEye,frontocentral_theta_mean_db,-123.67408146962535
sub-015,RW,OpenEye,frontocentral_theta_sd_linear,2.237834657731405e-13
sub-015,RW,OpenEye,frontocentral_theta_cv_linear,
sub-015,RW,OpenEye,frontocentral_theta_n_epochs_used,328.0
sub-015,RW,OpenEye,central_alpha_mean_linear,2.9936006763933175e-13
sub-015,RW,OpenEye,central_alpha_mean_db,-125.23484121498387
sub-015,RW,OpenEye,central_alpha_sd_linear,4.399178567091712e-13
sub-015,RW,OpenEye,central_alpha_cv_linear,
sub-015,RW,OpenEye,central_alpha_n_epochs_used,328.0
sub-015,RW,OpenEye,frontal_beta_mean_linear,2.1289707298105762e-13
sub-015,RW,OpenEye,frontal_beta_mean_db,-126.7137759069078
sub-015,RW,OpenEye,frontal_beta_sd_linear,7.111500964444439e-14
sub-015,RW,OpenEye,frontal_beta_cv_linear,
sub-015,RW,OpenEye,frontal_beta_n_epochs_used,328.0
sub-015,RW,OpenEye,global_theta_alpha_ratio_mean_linear,1.3803703230721918
sub-015,RW,OpenEye,global_theta_alpha_ratio_sd_linear,0.6528450272415316
sub-015,RW,OpenEye,global_theta_alpha_ratio_cv_linear,0.47294919075668107
sub-015,RW,OpenEye,global_theta_alpha_ratio_n_epochs_used,328.0
sub-015,RW,PVT,n_epochs_total,50.0
sub-015,RW,PVT,global_theta_mean_linear,1.1947721846947868e-12
sub-015,RW,PVT,global_theta_mean_db,-119.2263419194542
sub-015,RW,PVT,global_theta_sd_linear,7.272663847885578e-13
sub-015,RW,PVT,global_theta_cv_linear,
sub-015,RW,PVT,global_theta_n_epochs_used,50.0
sub-015,RW,PVT,posterior_alpha_mean_linear,8.056417388169603e-13
sub-015,RW,PVT,posterior_alpha_mean_db,-120.93738361554385
sub-015,RW,PVT,posterior_alpha_sd_linear,4.561827376829437e-13
sub-015,RW,PVT,posterior_alpha_cv_linear,
sub-015,RW,PVT,posterior_alpha_n_epochs_used,50.0
sub-015,RW,PVT,frontal_theta_mean_linear,1.4865270064703546e-12
sub-015,RW,PVT,frontal_theta_mean_db,-118.27762330019135
sub-015,RW,PVT,frontal_theta_sd_linear,1.6604259340476544e-12
sub-015,RW,PVT,frontal_theta_cv_linear,
sub-015,RW,PVT,frontal_theta_n_epochs_used,50.0
sub-015,RW,PVT,frontocentral_theta_mean_linear,9.611732730166833e-13
sub-015,RW,PVT,frontocentral_theta_mean_db,-120.1709799738945
sub-015,RW,PVT,frontocentral_theta_sd_linear,9.432693035085945e-13
sub-015,RW,PVT,frontocentral_theta_cv_linear,
sub-015,RW,PVT,frontocentral_theta_n_epochs_used,50.0
sub-015,RW,PVT,central_alpha_mean_linear,4.4504810998756367e-13
sub-015,RW,PVT,central_alpha_mean_db,-123.5137641362732
sub-015,RW,PVT,central_alpha_sd_linear,3.6992304392016277e-13
sub-015,RW,PVT,central_alpha_cv_linear,
sub-015,RW,PVT,central_alpha_n_epochs_used,50.0
sub-015,RW,PVT,frontal_beta_mean_linear,2.516298325878121e-13
sub-015,RW,PVT,frontal_beta_mean_db,-125.98854807754816
sub-015,RW,PVT,frontal_beta_sd_linear,1.0195618288422859e-13
sub-015,RW,PVT,frontal_beta_cv_linear,
sub-015,RW,PVT,frontal_beta_n_epochs_used,50.0
sub-015,RW,PVT,global_theta_alpha_ratio_mean_linear,2.0185751908707887
sub-015,RW,PVT,global_theta_alpha_ratio_sd_linear,1.1723188833384888
sub-015,RW,PVT,global_theta_alpha_ratio_cv_linear,0.5807655264170589
sub-015,RW,PVT,global_theta_alpha_ratio_n_epochs_used,50.0
sub-015,SD,CloseEye,n_epochs_total,219.0
sub-015,SD,CloseEye,global_theta_mean_linear,1.1639766998272672e-12
sub-015,SD,CloseEye,global_theta_mean_db,-119.33972873429823
sub-015,SD,CloseEye,global_theta_sd_linear,1.0115064347528855e-12
sub-015,SD,CloseEye,global_theta_cv_linear,
sub-015,SD,CloseEye,global_theta_n_epochs_used,219.0
sub-015,SD,CloseEye,posterior_alpha_mean_linear,4.144123340287706e-12
sub-015,SD,CloseEye,posterior_alpha_mean_db,-113.82544058160876
sub-015,SD,CloseEye,posterior_alpha_sd_linear,6.084494232663444e-12
sub-015,SD,CloseEye,posterior_alpha_cv_linear,
sub-015,SD,CloseEye,posterior_alpha_n_epochs_used,219.0
sub-015,SD,CloseEye,frontal_theta_mean_linear,2.0469513081480338e-12
sub-015,SD,CloseEye,frontal_theta_mean_db,-116.88845380123834
sub-015,SD,CloseEye,frontal_theta_sd_linear,3.301224640456352e-12
sub-015,SD,CloseEye,frontal_theta_cv_linear,
sub-015,SD,CloseEye,frontal_theta_n_epochs_used,219.0
sub-015,SD,CloseEye,frontocentral_theta_mean_linear,8.844998612818498e-13
sub-015,SD,CloseEye,frontocentral_theta_mean_db,-120.53193219379418
sub-015,SD,CloseEye,frontocentral_theta_sd_linear,8.028394835031144e-13
sub-015,SD,CloseEye,frontocentral_theta_cv_linear,
sub-015,SD,CloseEye,frontocentral_theta_n_epochs_used,219.0
sub-015,SD,CloseEye,central_alpha_mean_linear,6.661951118370611e-13
sub-015,SD,CloseEye,central_alpha_mean_db,-121.76253830850709
sub-015,SD,CloseEye,central_alpha_sd_linear,7.438028534456535e-13
sub-015,SD,CloseEye,central_alpha_cv_linear,
sub-015,SD,CloseEye,central_alpha_n_epochs_used,219.0
sub-015,SD,CloseEye,frontal_beta_mean_linear,3.089885846100457e-13
sub-015,SD,CloseEye,frontal_beta_mean_db,-125.09745585484417
sub-015,SD,CloseEye,frontal_beta_sd_linear,2.2003827853796344e-13
sub-015,SD,CloseEye,frontal_beta_cv_linear,
sub-015,SD,CloseEye,frontal_beta_n_epochs_used,219.0
sub-015,SD,CloseEye,global_theta_alpha_ratio_mean_linear,1.5677712749365373
sub-015,SD,CloseEye,global_theta_alpha_ratio_sd_linear,1.2860680268842997
sub-015,SD,CloseEye,global_theta_alpha_ratio_cv_linear,0.8203161057000224
sub-015,SD,CloseEye,global_theta_alpha_ratio_n_epochs_used,219.0
sub-015,SD,OpenEye,n_epochs_total,304.0
sub-015,SD,OpenEye,global_theta_mean_linear,6.952785268252643e-13
sub-015,SD,OpenEye,global_theta_mean_db,-121.57702508851122
sub-015,SD,OpenEye,global_theta_sd_linear,5.648984769066155e-13
sub-015,SD,OpenEye,global_theta_cv_linear,
sub-015,SD,OpenEye,global_theta_n_epochs_used,304.0
sub-015,SD,OpenEye,posterior_alpha_mean_linear,2.7406225924655438e-12
sub-015,SD,OpenEye,posterior_alpha_mean_db,-115.6211558145258
sub-015,SD,OpenEye,posterior_alpha_sd_linear,6.395196866433894e-12
sub-015,SD,OpenEye,posterior_alpha_cv_linear,
sub-015,SD,OpenEye,posterior_alpha_n_epochs_used,304.0
sub-015,SD,OpenEye,frontal_theta_mean_linear,1.181382204316776e-12
sub-015,SD,OpenEye,frontal_theta_mean_db,-119.27527956017086
sub-015,SD,OpenEye,frontal_theta_sd_linear,1.5697229809400583e-12
sub-015,SD,OpenEye,frontal_theta_cv_linear,
sub-015,SD,OpenEye,frontal_theta_n_epochs_used,304.0
sub-015,SD,OpenEye,frontocentral_theta_mean_linear,5.556435702251497e-13
sub-015,SD,OpenEye,frontocentral_theta_mean_db,-122.55030190058267
sub-015,SD,OpenEye,frontocentral_theta_sd_linear,4.57808359556654e-13
sub-015,SD,OpenEye,frontocentral_theta_cv_linear,
sub-015,SD,OpenEye,frontocentral_theta_n_epochs_used,304.0
sub-015,SD,OpenEye,central_alpha_mean_linear,4.49145885940873e-13
sub-015,SD,OpenEye,central_alpha_mean_db,-123.47397924538078
sub-015,SD,OpenEye,central_alpha_sd_linear,6.619679831763598e-13
sub-015,SD,OpenEye,central_alpha_cv_linear,
sub-015,SD,OpenEye,central_alpha_n_epochs_used,304.0
sub-015,SD,OpenEye,frontal_beta_mean_linear,2.769934638130191e-13
sub-015,SD,OpenEye,frontal_beta_mean_db,-125.57182477408222
sub-015,SD,OpenEye,frontal_beta_sd_linear,1.3124270725192507e-13
sub-015,SD,OpenEye,frontal_beta_cv_linear,
sub-015,SD,OpenEye,frontal_beta_n_epochs_used,304.0
sub-015,SD,OpenEye,global_theta_alpha_ratio_mean_linear,1.4897343350736447
sub-015,SD,OpenEye,global_theta_alpha_ratio_sd_linear,1.0690154083391639
sub-015,SD,OpenEye,global_theta_alpha_ratio_cv_linear,0.7175879505296608
sub-015,SD,OpenEye,global_theta_alpha_ratio_n_epochs_used,304.0
sub-015,SD,PVT,n_epochs_total,37.0
sub-015,SD,PVT,global_theta_mean_linear,1.5108141157453945e-12
sub-015,SD,PVT,global_theta_mean_db,-118.20725142508957
sub-015,SD,PVT,global_theta_sd_linear,2.004385258153481e-12
sub-015,SD,PVT,global_theta_cv_linear,
sub-015,SD,PVT,global_theta_n_epochs_used,37.0
sub-015,SD,PVT,posterior_alpha_mean_linear,3.704429604956064e-12
sub-015,SD,PVT,posterior_alpha_mean_db,-114.31252622714611
sub-015,SD,PVT,posterior_alpha_sd_linear,1.0154898374814172e-11
sub-015,SD,PVT,posterior_alpha_cv_linear,
sub-015,SD,PVT,posterior_alpha_n_epochs_used,37.0
sub-015,SD,PVT,frontal_theta_mean_linear,2.81300006347617e-12
sub-015,SD,PVT,frontal_theta_mean_db,-115.5079597828412
sub-015,SD,PVT,frontal_theta_sd_linear,6.5571897989705246e-12
sub-015,SD,PVT,frontal_theta_cv_linear,
sub-015,SD,PVT,frontal_theta_n_epochs_used,37.0
sub-015,SD,PVT,frontocentral_theta_mean_linear,1.1674482868130607e-12
sub-015,SD,PVT,frontocentral_theta_mean_db,-119.32679754359911
sub-015,SD,PVT,frontocentral_theta_sd_linear,2.118455802393364e-12
sub-015,SD,PVT,frontocentral_theta_cv_linear,
sub-015,SD,PVT,frontocentral_theta_n_epochs_used,37.0
sub-015,SD,PVT,central_alpha_mean_linear,5.454454511686153e-13
sub-015,SD,PVT,central_alpha_mean_db,-122.6307191542452
sub-015,SD,PVT,central_alpha_sd_linear,7.807133582144566e-13
sub-015,SD,PVT,central_alpha_cv_linear,
sub-015,SD,PVT,central_alpha_n_epochs_used,37.0
sub-015,SD,PVT,frontal_beta_mean_linear,3.72540755044407e-13
sub-015,SD,PVT,frontal_beta_mean_db,-124.28567435140864
sub-015,SD,PVT,frontal_beta_sd_linear,2.6306515097754663e-13
sub-015,SD,PVT,frontal_beta_cv_linear,
sub-015,SD,PVT,frontal_beta_n_epochs_used,37.0
sub-015,SD,PVT,global_theta_alpha_ratio_mean_linear,2.0879869244634506
sub-015,SD,PVT,global_theta_alpha_ratio_sd_linear,2.3927758471761695
sub-015,SD,PVT,global_theta_alpha_ratio_cv_linear,1.145972620394182
sub-015,SD,PVT,global_theta_alpha_ratio_n_epochs_used,37.0
sub-016,RW,CloseEye,n_epochs_total,189.0
sub-016,RW,CloseEye,global_theta_mean_linear,5.160525096636581e-13
sub-016,RW,CloseEye,global_theta_mean_db,-122.8711927958782
sub-016,RW,CloseEye,global_theta_sd_linear,2.137949601429526e-13
sub-016,RW,CloseEye,global_theta_cv_linear,
sub-016,RW,CloseEye,global_theta_n_epochs_used,189.0
sub-016,RW,CloseEye,posterior_alpha_mean_linear,4.119019561780661e-12
sub-016,RW,CloseEye,posterior_alpha_mean_db,-113.85182734568757
sub-016,RW,CloseEye,posterior_alpha_sd_linear,3.2989674806393505e-12
sub-016,RW,CloseEye,posterior_alpha_cv_linear,
sub-016,RW,CloseEye,posterior_alpha_n_epochs_used,189.0
sub-016,RW,CloseEye,frontal_theta_mean_linear,6.10914626441541e-13
sub-016,RW,CloseEye,frontal_theta_mean_db,-122.13861655806768
sub-016,RW,CloseEye,frontal_theta_sd_linear,2.6674796392269556e-13
sub-016,RW,CloseEye,frontal_theta_cv_linear,
sub-016,RW,CloseEye,frontal_theta_n_epochs_used,189.0
sub-016,RW,CloseEye,frontocentral_theta_mean_linear,4.2845116276174604e-13
sub-016,RW,CloseEye,frontocentral_theta_mean_db,-123.67873659611439
sub-016,RW,CloseEye,frontocentral_theta_sd_linear,1.778866051552383e-13
sub-016,RW,CloseEye,frontocentral_theta_cv_linear,
sub-016,RW,CloseEye,frontocentral_theta_n_epochs_used,189.0
sub-016,RW,CloseEye,central_alpha_mean_linear,1.959455105411012e-12
sub-016,RW,CloseEye,central_alpha_mean_db,-117.07815471253546
sub-016,RW,CloseEye,central_alpha_sd_linear,1.3810225990508854e-12
sub-016,RW,CloseEye,central_alpha_cv_linear,
sub-016,RW,CloseEye,central_alpha_n_epochs_used,189.0
sub-016,RW,CloseEye,frontal_beta_mean_linear,2.397013231668558e-13
sub-016,RW,CloseEye,frontal_beta_mean_db,-126.1992745107299
sub-016,RW,CloseEye,frontal_beta_sd_linear,9.026130241222532e-14
sub-016,RW,CloseEye,frontal_beta_cv_linear,
sub-016,RW,CloseEye,frontal_beta_n_epochs_used,189.0
sub-016,RW,CloseEye,global_theta_alpha_ratio_mean_linear,0.3553271579088309
sub-016,RW,CloseEye,global_theta_alpha_ratio_sd_linear,0.4203064339128671
sub-016,RW,CloseEye,global_theta_alpha_ratio_cv_linear,1.1828716847494898
sub-016,RW,CloseEye,global_theta_alpha_ratio_n_epochs_used,189.0
sub-016,RW,OpenEye,n_epochs_total,135.0
sub-016,RW,OpenEye,global_theta_mean_linear,4.070739981569766e-13
sub-016,RW,OpenEye,global_theta_mean_db,-123.90089809445107
sub-016,RW,OpenEye,global_theta_sd_linear,1.4113891586117006e-13
sub-016,RW,OpenEye,global_theta_cv_linear,
sub-016,RW,OpenEye,global_theta_n_epochs_used,135.0
sub-016,RW,OpenEye,posterior_alpha_mean_linear,7.585930112386191e-13
sub-016,RW,OpenEye,posterior_alpha_mean_db,-121.1986406075003
sub-016,RW,OpenEye,posterior_alpha_sd_linear,7.600123511509076e-13
sub-016,RW,OpenEye,posterior_alpha_cv_linear,
sub-016,RW,OpenEye,posterior_alpha_n_epochs_used,135.0
sub-016,RW,OpenEye,frontal_theta_mean_linear,4.287799160029701e-13
sub-016,RW,OpenEye,frontal_theta_mean_db,-123.67540723015173
sub-016,RW,OpenEye,frontal_theta_sd_linear,2.0066084099518347e-13
sub-016,RW,OpenEye,frontal_theta_cv_linear,
sub-016,RW,OpenEye,frontal_theta_n_epochs_used,135.0
sub-016,RW,OpenEye,frontocentral_theta_mean_linear,2.9125563043165333e-13
sub-016,RW,OpenEye,frontocentral_theta_mean_db,-125.35394703271066
sub-016,RW,OpenEye,frontocentral_theta_sd_linear,1.2869653331080272e-13
sub-016,RW,OpenEye,frontocentral_theta_cv_linear,
sub-016,RW,OpenEye,frontocentral_theta_n_epochs_used,135.0
sub-016,RW,OpenEye,central_alpha_mean_linear,5.96809671333127e-13
sub-016,RW,OpenEye,central_alpha_mean_db,-122.24002597361384
sub-016,RW,OpenEye,central_alpha_sd_linear,4.77197665375468e-13
sub-016,RW,OpenEye,central_alpha_cv_linear,
sub-016,RW,OpenEye,central_alpha_n_epochs_used,135.0
sub-016,RW,OpenEye,frontal_beta_mean_linear,1.789545816864183e-13
sub-016,RW,OpenEye,frontal_beta_mean_db,-127.46718644979526
sub-016,RW,OpenEye,frontal_beta_sd_linear,5.2816669770779787e-14
sub-016,RW,OpenEye,frontal_beta_cv_linear,
sub-016,RW,OpenEye,frontal_beta_n_epochs_used,135.0
sub-016,RW,OpenEye,global_theta_alpha_ratio_mean_linear,0.8105207083211753
sub-016,RW,OpenEye,global_theta_alpha_ratio_sd_linear,0.43049907176101554
sub-016,RW,OpenEye,global_theta_alpha_ratio_cv_linear,0.5311388929873297
sub-016,RW,OpenEye,global_theta_alpha_ratio_n_epochs_used,135.0
sub-016,RW,PVT,n_epochs_total,14.0
sub-016,RW,PVT,global_theta_mean_linear,7.35389257772264e-13
sub-016,RW,PVT,global_theta_mean_db,-121.33351606619473
sub-016,RW,PVT,global_theta_sd_linear,4.515953296533882e-13
sub-016,RW,PVT,global_theta_cv_linear,
sub-016,RW,PVT,global_theta_n_epochs_used,14.0
sub-016,RW,PVT,posterior_alpha_mean_linear,4.348867681777747e-13
sub-016,RW,PVT,posterior_alpha_mean_db,-123.61402120329124
sub-016,RW,PVT,posterior_alpha_sd_linear,2.8303322182176973e-13
sub-016,RW,PVT,posterior_alpha_cv_linear,
sub-016,RW,PVT,posterior_alpha_n_epochs_used,14.0
sub-016,RW,PVT,frontal_theta_mean_linear,8.225483161191242e-13
sub-016,RW,PVT,frontal_theta_mean_db,-120.84721361612512
sub-016,RW,PVT,frontal_theta_sd_linear,4.887228016799998e-13
sub-016,RW,PVT,frontal_theta_cv_linear,
sub-016,RW,PVT,frontal_theta_n_epochs_used,14.0
sub-016,RW,PVT,frontocentral_theta_mean_linear,5.577235990085589e-13
sub-016,RW,PVT,frontocentral_theta_mean_db,-122.53408108998967
sub-016,RW,PVT,frontocentral_theta_sd_linear,3.1510930452101583e-13
sub-016,RW,PVT,frontocentral_theta_cv_linear,
sub-016,RW,PVT,frontocentral_theta_n_epochs_used,14.0
sub-016,RW,PVT,central_alpha_mean_linear,4.830697931709366e-13
sub-016,RW,PVT,central_alpha_mean_db,-123.15790539516274
sub-016,RW,PVT,central_alpha_sd_linear,2.3405694916369573e-13
sub-016,RW,PVT,central_alpha_cv_linear,
sub-016,RW,PVT,central_alpha_n_epochs_used,14.0
sub-016,RW,PVT,frontal_beta_mean_linear,2.9850302280557387e-13
sub-016,RW,PVT,frontal_beta_mean_db,-125.24728332195777
sub-016,RW,PVT,frontal_beta_sd_linear,1.2363172304593654e-13
sub-016,RW,PVT,frontal_beta_cv_linear,
sub-016,RW,PVT,frontal_beta_n_epochs_used,14.0
sub-016,RW,PVT,global_theta_alpha_ratio_mean_linear,1.4732800708281286
sub-016,RW,PVT,global_theta_alpha_ratio_sd_linear,0.8107378601247934
sub-016,RW,PVT,global_theta_alpha_ratio_cv_linear,0.550294459402467
sub-016,RW,PVT,global_theta_alpha_ratio_n_epochs_used,14.0
sub-016,SD,CloseEye,n_epochs_total,53.0
sub-016,SD,CloseEye,global_theta_mean_linear,6.241859280553116e-13
sub-016,SD,CloseEye,global_theta_mean_db,-122.04531560349784
sub-016,SD,CloseEye,global_theta_sd_linear,3.471505322141917e-13
sub-016,SD,CloseEye,global_theta_cv_linear,
sub-016,SD,CloseEye,global_theta_n_epochs_used,53.0
sub-016,SD,CloseEye,posterior_alpha_mean_linear,6.148762482661238e-13
sub-016,SD,CloseEye,posterior_alpha_mean_db,-122.11055478304999
sub-016,SD,CloseEye,posterior_alpha_sd_linear,6.608331892571137e-13
sub-016,SD,CloseEye,posterior_alpha_cv_linear,
sub-016,SD,CloseEye,posterior_alpha_n_epochs_used,53.0
sub-016,SD,CloseEye,frontal_theta_mean_linear,6.064783251031556e-13
sub-016,SD,CloseEye,frontal_theta_mean_db,-122.17025740407641
sub-016,SD,CloseEye,frontal_theta_sd_linear,3.61779006288214e-13
sub-016,SD,CloseEye,frontal_theta_cv_linear,
sub-016,SD,CloseEye,frontal_theta_n_epochs_used,53.0
sub-016,SD,CloseEye,frontocentral_theta_mean_linear,5.238109204037466e-13
sub-016,SD,CloseEye,frontocentral_theta_mean_db,-122.8064139226999
sub-016,SD,CloseEye,frontocentral_theta_sd_linear,2.5210267261441887e-13
sub-016,SD,CloseEye,frontocentral_theta_cv_linear,
sub-016,SD,CloseEye,frontocentral_theta_n_epochs_used,53.0
sub-016,SD,CloseEye,central_alpha_mean_linear,3.419019250400511e-13
sub-016,SD,CloseEye,central_alpha_mean_db,-124.6581649751949
sub-016,SD,CloseEye,central_alpha_sd_linear,2.37882562413698e-13
sub-016,SD,CloseEye,central_alpha_cv_linear,
sub-016,SD,CloseEye,central_alpha_n_epochs_used,53.0
sub-016,SD,CloseEye,frontal_beta_mean_linear,2.1433815666294725e-13
sub-016,SD,CloseEye,frontal_beta_mean_db,-126.68450832103004
sub-016,SD,CloseEye,frontal_beta_sd_linear,1.1275305703462968e-13
sub-016,SD,CloseEye,frontal_beta_cv_linear,
sub-016,SD,CloseEye,frontal_beta_n_epochs_used,53.0
sub-016,SD,CloseEye,global_theta_alpha_ratio_mean_linear,1.7913494834923074
sub-016,SD,CloseEye,global_theta_alpha_ratio_sd_linear,0.9688477302247501
sub-016,SD,CloseEye,global_theta_alpha_ratio_cv_linear,0.5408479691723486
sub-016,SD,CloseEye,global_theta_alpha_ratio_n_epochs_used,53.0
sub-016,SD,OpenEye,n_epochs_total,2.0
sub-016,SD,OpenEye,global_theta_mean_linear,3.266184108328021e-13
sub-016,SD,OpenEye,global_theta_mean_db,-124.85664193002641
sub-016,SD,OpenEye,global_theta_sd_linear,4.0822599015216675e-14
sub-016,SD,OpenEye,global_theta_cv_linear,
sub-016,SD,OpenEye,global_theta_n_epochs_used,2.0
sub-016,SD,OpenEye,posterior_alpha_mean_linear,8.198259932746559e-13
sub-016,SD,OpenEye,posterior_alpha_mean_db,-120.86160706183412
sub-016,SD,OpenEye,posterior_alpha_sd_linear,2.1394275203569797e-13
sub-016,SD,OpenEye,posterior_alpha_cv_linear,
sub-016,SD,OpenEye,posterior_alpha_n_epochs_used,2.0
sub-016,SD,OpenEye,frontal_theta_mean_linear,3.1794209708631926e-13
sub-016,SD,OpenEye,frontal_theta_mean_db,-124.97348768571152
sub-016,SD,OpenEye,frontal_theta_sd_linear,4.2392793318102706e-14
sub-016,SD,OpenEye,frontal_theta_cv_linear,
sub-016,SD,OpenEye,frontal_theta_n_epochs_used,2.0
sub-016,SD,OpenEye,frontocentral_theta_mean_linear,3.1336493610624117e-13
sub-016,SD,OpenEye,frontocentral_theta_mean_db,-125.03641976353259
sub-016,SD,OpenEye,frontocentral_theta_sd_linear,9.095352974418719e-14
sub-016,SD,OpenEye,frontocentral_theta_cv_linear,
sub-016,SD,OpenEye,frontocentral_theta_n_epochs_used,2.0
sub-016,SD,OpenEye,central_alpha_mean_linear,4.906885656638523e-13
sub-016,SD,OpenEye,central_alpha_mean_db,-123.0899758119941
sub-016,SD,OpenEye,central_alpha_sd_linear,3.839991854146397e-15
sub-016,SD,OpenEye,central_alpha_cv_linear,
sub-016,SD,OpenEye,central_alpha_n_epochs_used,2.0
sub-016,SD,OpenEye,frontal_beta_mean_linear,1.6119932944068145e-13
sub-016,SD,OpenEye,frontal_beta_mean_db,-127.92038960224404
sub-016,SD,OpenEye,frontal_beta_sd_linear,8.44893273014559e-14
sub-016,SD,OpenEye,frontal_beta_cv_linear,
sub-016,SD,OpenEye,frontal_beta_n_epochs_used,2.0
sub-016,SD,OpenEye,global_theta_alpha_ratio_mean_linear,0.5328959217527274
sub-016,SD,OpenEye,global_theta_alpha_ratio_sd_linear,0.002601926813891294
sub-016,SD,OpenEye,global_theta_alpha_ratio_cv_linear,0.004882617238528297
sub-016,SD,OpenEye,global_theta_alpha_ratio_n_epochs_used,2.0
sub-016,SD,PVT,n_epochs_total,1.0
sub-016,SD,PVT,global_theta_mean_linear,7.482416130810059e-13
sub-016,SD,PVT,global_theta_mean_db,-121.25829282361195
sub-016,SD,PVT,global_theta_sd_linear,
sub-016,SD,PVT,global_theta_cv_linear,
sub-016,SD,PVT,global_theta_n_epochs_used,1.0
sub-016,SD,PVT,posterior_alpha_mean_linear,9.905942586864938e-13
sub-016,SD,PVT,posterior_alpha_mean_db,-120.0400685597069
sub-016,SD,PVT,posterior_alpha_sd_linear,
sub-016,SD,PVT,posterior_alpha_cv_linear,
sub-016,SD,PVT,posterior_alpha_n_epochs_used,1.0
sub-016,SD,PVT,frontal_theta_mean_linear,7.263176561548818e-13
sub-016,SD,PVT,frontal_theta_mean_db,-121.38740649294624
sub-016,SD,PVT,frontal_theta_sd_linear,
sub-016,SD,PVT,frontal_theta_cv_linear,
sub-016,SD,PVT,frontal_theta_n_epochs_used,1.0
sub-016,SD,PVT,frontocentral_theta_mean_linear,7.716708640221509e-13
sub-016,SD,PVT,frontocentral_theta_mean_db,-121.12442948911003
sub-016,SD,PVT,frontocentral_theta_sd_linear,
sub-016,SD,PVT,frontocentral_theta_cv_linear,
sub-016,SD,PVT,frontocentral_theta_n_epochs_used,1.0
sub-016,SD,PVT,central_alpha_mean_linear,4.243994994475335e-13
sub-016,SD,PVT,central_alpha_mean_db,-123.71997974782039
sub-016,SD,PVT,central_alpha_sd_linear,
sub-016,SD,PVT,central_alpha_cv_linear,
sub-016,SD,PVT,central_alpha_n_epochs_used,1.0
sub-016,SD,PVT,frontal_beta_mean_linear,3.0574812247025754e-13
sub-016,SD,PVT,frontal_beta_mean_db,-125.14320916349278
sub-016,SD,PVT,frontal_beta_sd_linear,
sub-016,SD,PVT,frontal_beta_cv_linear,
sub-016,SD,PVT,frontal_beta_n_epochs_used,1.0
sub-016,SD,PVT,global_theta_alpha_ratio_mean_linear,1.2114115985197895
sub-016,SD,PVT,global_theta_alpha_ratio_sd_linear,
sub-016,SD,PVT,global_theta_alpha_ratio_cv_linear,
sub-016,SD,PVT,global_theta_alpha_ratio_n_epochs_used,1.0
sub-017,RW,CloseEye,n_epochs_total,472.0
sub-017,RW,CloseEye,global_theta_mean_linear,5.1394674064602295e-12
sub-017,RW,CloseEye,global_theta_mean_db,-112.89063121036477
sub-017,RW,CloseEye,global_theta_sd_linear,2.5099603067525905e-12
sub-017,RW,CloseEye,global_theta_cv_linear,
sub-017,RW,CloseEye,global_theta_n_epochs_used,472.0
sub-017,RW,CloseEye,posterior_alpha_mean_linear,3.305275385865028e-11
sub-017,RW,CloseEye,posterior_alpha_mean_db,-104.807894329959
sub-017,RW,CloseEye,posterior_alpha_sd_linear,1.151944382270949e-11
sub-017,RW,CloseEye,posterior_alpha_cv_linear,
sub-017,RW,CloseEye,posterior_alpha_n_epochs_used,472.0
sub-017,RW,CloseEye,frontal_theta_mean_linear,3.846335030482974e-12
sub-017,RW,CloseEye,frontal_theta_mean_db,-114.14927819131125
sub-017,RW,CloseEye,frontal_theta_sd_linear,3.2272042012709644e-12
sub-017,RW,CloseEye,frontal_theta_cv_linear,
sub-017,RW,CloseEye,frontal_theta_n_epochs_used,472.0
sub-017,RW,CloseEye,frontocentral_theta_mean_linear,2.6501543730191263e-12
sub-017,RW,CloseEye,frontocentral_theta_mean_db,-115.76692441350858
sub-017,RW,CloseEye,frontocentral_theta_sd_linear,1.3832642280297981e-12
sub-017,RW,CloseEye,frontocentral_theta_cv_linear,
sub-017,RW,CloseEye,frontocentral_theta_n_epochs_used,472.0
sub-017,RW,CloseEye,central_alpha_mean_linear,8.829483403061952e-12
sub-017,RW,CloseEye,central_alpha_mean_db,-110.5405378391808
sub-017,RW,CloseEye,central_alpha_sd_linear,4.179838132165752e-12
sub-017,RW,CloseEye,central_alpha_cv_linear,
sub-017,RW,CloseEye,central_alpha_n_epochs_used,472.0
sub-017,RW,CloseEye,frontal_beta_mean_linear,2.2554148907540942e-13
sub-017,RW,CloseEye,frontal_beta_mean_db,-126.46346205902539
sub-017,RW,CloseEye,frontal_beta_sd_linear,7.329041106707259e-14
sub-017,RW,CloseEye,frontal_beta_cv_linear,
sub-017,RW,CloseEye,frontal_beta_n_epochs_used,472.0
sub-017,RW,CloseEye,global_theta_alpha_ratio_mean_linear,0.35035529367548235
sub-017,RW,CloseEye,global_theta_alpha_ratio_sd_linear,0.18634282186735207
sub-017,RW,CloseEye,global_theta_alpha_ratio_cv_linear,0.5318681499356838
sub-017,RW,CloseEye,global_theta_alpha_ratio_n_epochs_used,472.0
sub-017,RW,OpenEye,n_epochs_total,390.0
sub-017,RW,OpenEye,global_theta_mean_linear,1.7969765091100732e-12
sub-017,RW,OpenEye,global_theta_mean_db,-117.45403939574811
sub-017,RW,OpenEye,global_theta_sd_linear,1.2161670704119442e-12
sub-017,RW,OpenEye,global_theta_cv_linear,
sub-017,RW,OpenEye,global_theta_n_epochs_used,390.0
sub-017,RW,OpenEye,posterior_alpha_mean_linear,1.248362753168321e-11
sub-017,RW,OpenEye,posterior_alpha_mean_db,-109.03651472991453
sub-017,RW,OpenEye,posterior_alpha_sd_linear,1.2015311975146949e-11
sub-017,RW,OpenEye,posterior_alpha_cv_linear,
sub-017,RW,OpenEye,posterior_alpha_n_epochs_used,390.0
sub-017,RW,OpenEye,frontal_theta_mean_linear,1.40832983537469e-12
sub-017,RW,OpenEye,frontal_theta_mean_db,-118.5122715238859
sub-017,RW,OpenEye,frontal_theta_sd_linear,9.64756980867946e-13
sub-017,RW,OpenEye,frontal_theta_cv_linear,
sub-017,RW,OpenEye,frontal_theta_n_epochs_used,390.0
sub-017,RW,OpenEye,frontocentral_theta_mean_linear,1.1503433028796942e-12
sub-017,RW,OpenEye,frontocentral_theta_mean_db,-119.3908871011483
sub-017,RW,OpenEye,frontocentral_theta_sd_linear,7.487721925034385e-13
sub-017,RW,OpenEye,frontocentral_theta_cv_linear,
sub-017,RW,OpenEye,frontocentral_theta_n_epochs_used,390.0
sub-017,RW,OpenEye,central_alpha_mean_linear,3.587834441491152e-12
sub-017,RW,OpenEye,central_alpha_mean_db,-114.45140728558066
sub-017,RW,OpenEye,central_alpha_sd_linear,2.7880614973396484e-12
sub-017,RW,OpenEye,central_alpha_cv_linear,
sub-017,RW,OpenEye,central_alpha_n_epochs_used,390.0
sub-017,RW,OpenEye,frontal_beta_mean_linear,2.3961769848827616e-13
sub-017,RW,OpenEye,frontal_beta_mean_db,-126.20078849694531
sub-017,RW,OpenEye,frontal_beta_sd_linear,8.186277487736696e-14
sub-017,RW,OpenEye,frontal_beta_cv_linear,
sub-017,RW,OpenEye,frontal_beta_n_epochs_used,390.0
sub-017,RW,OpenEye,global_theta_alpha_ratio_mean_linear,0.3676279217221364
sub-017,RW,OpenEye,global_theta_alpha_ratio_sd_linear,0.23557500421352806
sub-017,RW,OpenEye,global_theta_alpha_ratio_cv_linear,0.6407973668321695
sub-017,RW,OpenEye,global_theta_alpha_ratio_n_epochs_used,390.0
sub-017,RW,PVT,n_epochs_total,58.0
sub-017,RW,PVT,global_theta_mean_linear,1.302354263372433e-12
sub-017,RW,PVT,global_theta_mean_db,-118.85196825293114
sub-017,RW,PVT,global_theta_sd_linear,6.113540492342772e-13
sub-017,RW,PVT,global_theta_cv_linear,
sub-017,RW,PVT,global_theta_n_epochs_used,58.0
sub-017,RW,PVT,posterior_alpha_mean_linear,1.4040194148925329e-12
sub-017,RW,PVT,posterior_alpha_mean_db,-118.52558208793751
sub-017,RW,PVT,posterior_alpha_sd_linear,9.054021767970269e-13
sub-017,RW,PVT,posterior_alpha_cv_linear,
sub-017,RW,PVT,posterior_alpha_n_epochs_used,58.0
sub-017,RW,PVT,frontal_theta_mean_linear,1.3409249915278968e-12
sub-017,RW,PVT,frontal_theta_mean_db,-118.72523605831825
sub-017,RW,PVT,frontal_theta_sd_linear,1.0123885999982593e-12
sub-017,RW,PVT,frontal_theta_cv_linear,
sub-017,RW,PVT,frontal_theta_n_epochs_used,58.0
sub-017,RW,PVT,frontocentral_theta_mean_linear,9.843368363943683e-13
sub-017,RW,PVT,frontocentral_theta_mean_db,-120.06758306007919
sub-017,RW,PVT,frontocentral_theta_sd_linear,5.299334061691944e-13
sub-017,RW,PVT,frontocentral_theta_cv_linear,
sub-017,RW,PVT,frontocentral_theta_n_epochs_used,58.0
sub-017,RW,PVT,central_alpha_mean_linear,6.317177939942144e-13
sub-017,RW,PVT,central_alpha_mean_db,-121.9932426508482
sub-017,RW,PVT,central_alpha_sd_linear,5.256195603057986e-13
sub-017,RW,PVT,central_alpha_cv_linear,
sub-017,RW,PVT,central_alpha_n_epochs_used,58.0
sub-017,RW,PVT,frontal_beta_mean_linear,2.2366241616466554e-13
sub-017,RW,PVT,frontal_beta_mean_db,-126.49976048610411
sub-017,RW,PVT,frontal_beta_sd_linear,7.649196593464201e-14
sub-017,RW,PVT,frontal_beta_cv_linear,
sub-017,RW,PVT,frontal_beta_n_epochs_used,58.0
sub-017,RW,PVT,global_theta_alpha_ratio_mean_linear,1.7136051570329918
sub-017,RW,PVT,global_theta_alpha_ratio_sd_linear,1.3140458341895571
sub-017,RW,PVT,global_theta_alpha_ratio_cv_linear,0.7668311622408696
sub-017,RW,PVT,global_theta_alpha_ratio_n_epochs_used,58.0
sub-017,SD,CloseEye,n_epochs_total,109.0
sub-017,SD,CloseEye,global_theta_mean_linear,4.256114002495195e-12
sub-017,SD,CloseEye,global_theta_mean_db,-113.7096409085403
sub-017,SD,CloseEye,global_theta_sd_linear,2.4421046045220184e-12
sub-017,SD,CloseEye,global_theta_cv_linear,
sub-017,SD,CloseEye,global_theta_n_epochs_used,109.0
sub-017,SD,CloseEye,posterior_alpha_mean_linear,5.69277816662639e-12
sub-017,SD,CloseEye,posterior_alpha_mean_db,-112.44658800074525
sub-017,SD,CloseEye,posterior_alpha_sd_linear,7.812265476933208e-12
sub-017,SD,CloseEye,posterior_alpha_cv_linear,
sub-017,SD,CloseEye,posterior_alpha_n_epochs_used,109.0
sub-017,SD,CloseEye,frontal_theta_mean_linear,4.2396736793754215e-12
sub-017,SD,CloseEye,frontal_theta_mean_db,-113.72644824316893
sub-017,SD,CloseEye,frontal_theta_sd_linear,2.7835530186384014e-12
sub-017,SD,CloseEye,frontal_theta_cv_linear,
sub-017,SD,CloseEye,frontal_theta_n_epochs_used,109.0
sub-017,SD,CloseEye,frontocentral_theta_mean_linear,4.210146970087841e-12
sub-017,SD,CloseEye,frontocentral_theta_mean_db,-113.7567983907606
sub-017,SD,CloseEye,frontocentral_theta_sd_linear,3.999423433645625e-12
sub-017,SD,CloseEye,frontocentral_theta_cv_linear,
sub-017,SD,CloseEye,frontocentral_theta_n_epochs_used,109.0
sub-017,SD,CloseEye,central_alpha_mean_linear,2.3394640942216395e-12
sub-017,SD,CloseEye,central_alpha_mean_db,-116.30842397853937
sub-017,SD,CloseEye,central_alpha_sd_linear,2.887442327222684e-12
sub-017,SD,CloseEye,central_alpha_cv_linear,
sub-017,SD,CloseEye,central_alpha_n_epochs_used,109.0
sub-017,SD,CloseEye,frontal_beta_mean_linear,1.8135526034054344e-13
sub-017,SD,CloseEye,frontal_beta_mean_db,-127.40938434189866
sub-017,SD,CloseEye,frontal_beta_sd_linear,1.276887196539113e-13
sub-017,SD,CloseEye,frontal_beta_cv_linear,
sub-017,SD,CloseEye,frontal_beta_n_epochs_used,109.0
sub-017,SD,CloseEye,global_theta_alpha_ratio_mean_linear,3.0579614135966584
sub-017,SD,CloseEye,global_theta_alpha_ratio_sd_linear,2.728363723392049
sub-017,SD,CloseEye,global_theta_alpha_ratio_cv_linear,0.8922165306798461
sub-017,SD,CloseEye,global_theta_alpha_ratio_n_epochs_used,109.0
sub-017,SD,OpenEye,n_epochs_total,112.0
sub-017,SD,OpenEye,global_theta_mean_linear,3.422564932872484e-12
sub-017,SD,OpenEye,global_theta_mean_db,-114.65620129020147
sub-017,SD,OpenEye,global_theta_sd_linear,3.900903332560745e-12
sub-017,SD,OpenEye,global_theta_cv_linear,
sub-017,SD,OpenEye,global_theta_n_epochs_used,112.0
sub-017,SD,OpenEye,posterior_alpha_mean_linear,8.324260853116178e-12
sub-017,SD,OpenEye,posterior_alpha_mean_db,-110.79642734595367
sub-017,SD,OpenEye,posterior_alpha_sd_linear,8.910401078152984e-12
sub-017,SD,OpenEye,posterior_alpha_cv_linear,
sub-017,SD,OpenEye,posterior_alpha_n_epochs_used,112.0
sub-017,SD,OpenEye,frontal_theta_mean_linear,3.762650269121678e-12
sub-017,SD,OpenEye,frontal_theta_mean_db,-114.24480518428686
sub-017,SD,OpenEye,frontal_theta_sd_linear,4.385350855738786e-12
sub-017,SD,OpenEye,frontal_theta_cv_linear,
sub-017,SD,OpenEye,frontal_theta_n_epochs_used,112.0
sub-017,SD,OpenEye,frontocentral_theta_mean_linear,2.529301271731312e-12
sub-017,SD,OpenEye,frontocentral_theta_mean_db,-115.96961313049447
sub-017,SD,OpenEye,frontocentral_theta_sd_linear,2.503452582658858e-12
sub-017,SD,OpenEye,frontocentral_theta_cv_linear,
sub-017,SD,OpenEye,frontocentral_theta_n_epochs_used,112.0
sub-017,SD,OpenEye,central_alpha_mean_linear,2.872201259399875e-12
sub-017,SD,OpenEye,central_alpha_mean_db,-115.41751558494221
sub-017,SD,OpenEye,central_alpha_sd_linear,2.6853673582630008e-12
sub-017,SD,OpenEye,central_alpha_cv_linear,
sub-017,SD,OpenEye,central_alpha_n_epochs_used,112.0
sub-017,SD,OpenEye,frontal_beta_mean_linear,2.191600300291117e-13
sub-017,SD,OpenEye,frontal_beta_mean_db,-126.58798860834055
sub-017,SD,OpenEye,frontal_beta_sd_linear,7.846984671022981e-14
sub-017,SD,OpenEye,frontal_beta_cv_linear,
sub-017,SD,OpenEye,frontal_beta_n_epochs_used,112.0
sub-017,SD,OpenEye,global_theta_alpha_ratio_mean_linear,0.9062950626234711
sub-017,SD,OpenEye,global_theta_alpha_ratio_sd_linear,0.5563742969655008
sub-017,SD,OpenEye,global_theta_alpha_ratio_cv_linear,0.6138997330019127
sub-017,SD,OpenEye,global_theta_alpha_ratio_n_epochs_used,112.0
sub-017,SD,PVT,n_epochs_total,1.0
sub-017,SD,PVT,global_theta_mean_linear,7.748771967959692e-12
sub-017,SD,PVT,global_theta_mean_db,-111.1075467467434
sub-017,SD,PVT,global_theta_sd_linear,
sub-017,SD,PVT,global_theta_cv_linear,
sub-017,SD,PVT,global_theta_n_epochs_used,1.0
sub-017,SD,PVT,posterior_alpha_mean_linear,1.1044856941418065e-11
sub-017,SD,PVT,posterior_alpha_mean_db,-109.56831174036886
sub-017,SD,PVT,posterior_alpha_sd_linear,
sub-017,SD,PVT,posterior_alpha_cv_linear,
sub-017,SD,PVT,posterior_alpha_n_epochs_used,1.0
sub-017,SD,PVT,frontal_theta_mean_linear,9.496093284827244e-12
sub-017,SD,PVT,frontal_theta_mean_db,-110.22444872869949
sub-017,SD,PVT,frontal_theta_sd_linear,
sub-017,SD,PVT,frontal_theta_cv_linear,
sub-017,SD,PVT,frontal_theta_n_epochs_used,1.0
sub-017,SD,PVT,frontocentral_theta_mean_linear,6.002725205573995e-12
sub-017,SD,PVT,frontocentral_theta_mean_db,-112.21635472912138
sub-017,SD,PVT,frontocentral_theta_sd_linear,
sub-017,SD,PVT,frontocentral_theta_cv_linear,
sub-017,SD,PVT,frontocentral_theta_n_epochs_used,1.0
sub-017,SD,PVT,central_alpha_mean_linear,1.223529489177447e-12
sub-017,SD,PVT,central_alpha_mean_db,-119.12306750867822
sub-017,SD,PVT,central_alpha_sd_linear,
sub-017,SD,PVT,central_alpha_cv_linear,
sub-017,SD,PVT,central_alpha_n_epochs_used,1.0
sub-017,SD,PVT,frontal_beta_mean_linear,1.640185267580665e-13
sub-017,SD,PVT,frontal_beta_mean_db,-127.84519552803546
sub-017,SD,PVT,frontal_beta_sd_linear,
sub-017,SD,PVT,frontal_beta_cv_linear,
sub-017,SD,PVT,frontal_beta_n_epochs_used,1.0
sub-017,SD,PVT,global_theta_alpha_ratio_mean_linear,1.6994676437273306
sub-017,SD,PVT,global_theta_alpha_ratio_sd_linear,
sub-017,SD,PVT,global_theta_alpha_ratio_cv_linear,
sub-017,SD,PVT,global_theta_alpha_ratio_n_epochs_used,1.0
sub-018,RW,CloseEye,n_epochs_total,327.0
sub-018,RW,CloseEye,global_theta_mean_linear,4.130458070897952e-13
sub-018,RW,CloseEye,global_theta_mean_db,-123.83768377381298
sub-018,RW,CloseEye,global_theta_sd_linear,1.5871704088832633e-13
sub-018,RW,CloseEye,global_theta_cv_linear,
sub-018,RW,CloseEye,global_theta_n_epochs_used,327.0
sub-018,RW,CloseEye,posterior_alpha_mean_linear,4.253627963760647e-12
sub-018,RW,CloseEye,posterior_alpha_mean_db,-113.71217827476914
sub-018,RW,CloseEye,posterior_alpha_sd_linear,3.4098424080385506e-12
sub-018,RW,CloseEye,posterior_alpha_cv_linear,
sub-018,RW,CloseEye,posterior_alpha_n_epochs_used,327.0
sub-018,RW,CloseEye,frontal_theta_mean_linear,3.794466819486899e-13
sub-018,RW,CloseEye,frontal_theta_mean_db,-124.20595174376011
sub-018,RW,CloseEye,frontal_theta_sd_linear,1.9419647812290118e-13
sub-018,RW,CloseEye,frontal_theta_cv_linear,
sub-018,RW,CloseEye,frontal_theta_n_epochs_used,327.0
sub-018,RW,CloseEye,frontocentral_theta_mean_linear,3.24405097633725e-13
sub-018,RW,CloseEye,frontocentral_theta_mean_db,-124.88615171411607
sub-018,RW,CloseEye,frontocentral_theta_sd_linear,1.4524421636366237e-13
sub-018,RW,CloseEye,frontocentral_theta_cv_linear,
sub-018,RW,CloseEye,frontocentral_theta_n_epochs_used,327.0
sub-018,RW,CloseEye,central_alpha_mean_linear,1.1364320623374788e-12
sub-018,RW,CloseEye,central_alpha_mean_db,-119.44371674538671
sub-018,RW,CloseEye,central_alpha_sd_linear,8.049670745349729e-13
sub-018,RW,CloseEye,central_alpha_cv_linear,
sub-018,RW,CloseEye,central_alpha_n_epochs_used,327.0
sub-018,RW,CloseEye,frontal_beta_mean_linear,3.373588385001307e-13
sub-018,RW,CloseEye,frontal_beta_mean_db,-124.71622155047149
sub-018,RW,CloseEye,frontal_beta_sd_linear,8.089960764392844e-14
sub-018,RW,CloseEye,frontal_beta_cv_linear,
sub-018,RW,CloseEye,frontal_beta_n_epochs_used,327.0
sub-018,RW,CloseEye,global_theta_alpha_ratio_mean_linear,0.3044623868847915
sub-018,RW,CloseEye,global_theta_alpha_ratio_sd_linear,0.2499672697126799
sub-018,RW,CloseEye,global_theta_alpha_ratio_cv_linear,0.8210119886081931
sub-018,RW,CloseEye,global_theta_alpha_ratio_n_epochs_used,327.0
sub-018,RW,OpenEye,n_epochs_total,388.0
sub-018,RW,OpenEye,global_theta_mean_linear,4.1964330985302675e-13
sub-018,RW,OpenEye,global_theta_mean_db,-123.76889960057224
sub-018,RW,OpenEye,global_theta_sd_linear,2.0376821812376764e-13
sub-018,RW,OpenEye,global_theta_cv_linear,
sub-018,RW,OpenEye,global_theta_n_epochs_used,388.0
sub-018,RW,OpenEye,posterior_alpha_mean_linear,6.531618428914159e-13
sub-018,RW,OpenEye,posterior_alpha_mean_db,-121.84831579468339
sub-018,RW,OpenEye,posterior_alpha_sd_linear,4.634050502276536e-13
sub-018,RW,OpenEye,posterior_alpha_cv_linear,
sub-018,RW,OpenEye,posterior_alpha_n_epochs_used,388.0
sub-018,RW,OpenEye,frontal_theta_mean_linear,3.4362841461526437e-13
sub-018,RW,OpenEye,frontal_theta_mean_db,-124.63630391311311
sub-018,RW,OpenEye,frontal_theta_sd_linear,1.4835265557892722e-13
sub-018,RW,OpenEye,frontal_theta_cv_linear,
sub-018,RW,OpenEye,frontal_theta_n_epochs_used,388.0
sub-018,RW,OpenEye,frontocentral_theta_mean_linear,3.056497201692472e-13
sub-018,RW,OpenEye,frontocentral_theta_mean_db,-125.14460611177239
sub-018,RW,OpenEye,frontocentral_theta_sd_linear,1.3288154265966008e-13
sub-018,RW,OpenEye,frontocentral_theta_cv_linear,
sub-018,RW,OpenEye,frontocentral_theta_n_epochs_used,388.0
sub-018,RW,OpenEye,central_alpha_mean_linear,3.0215569296547017e-13
sub-018,RW,OpenEye,central_alpha_mean_db,-125.19450186736441
sub-018,RW,OpenEye,central_alpha_sd_linear,1.5350917291363996e-13
sub-018,RW,OpenEye,central_alpha_cv_linear,
sub-018,RW,OpenEye,central_alpha_n_epochs_used,388.0
sub-018,RW,OpenEye,frontal_beta_mean_linear,1.5589845860955677e-13
sub-018,RW,OpenEye,frontal_beta_mean_db,-128.06540057551433
sub-018,RW,OpenEye,frontal_beta_sd_linear,5.2738016705505856e-14
sub-018,RW,OpenEye,frontal_beta_cv_linear,
sub-018,RW,OpenEye,frontal_beta_n_epochs_used,388.0
sub-018,RW,OpenEye,global_theta_alpha_ratio_mean_linear,0.9652723520087361
sub-018,RW,OpenEye,global_theta_alpha_ratio_sd_linear,0.46677298244058585
sub-018,RW,OpenEye,global_theta_alpha_ratio_cv_linear,0.4835660955887
sub-018,RW,OpenEye,global_theta_alpha_ratio_n_epochs_used,388.0
sub-018,RW,PVT,n_epochs_total,53.0
sub-018,RW,PVT,global_theta_mean_linear,9.766437788778836e-13
sub-018,RW,PVT,global_theta_mean_db,-120.1016508430865
sub-018,RW,PVT,global_theta_sd_linear,5.702706001977533e-13
sub-018,RW,PVT,global_theta_cv_linear,
sub-018,RW,PVT,global_theta_n_epochs_used,53.0
sub-018,RW,PVT,posterior_alpha_mean_linear,5.408787188233225e-13
sub-018,RW,PVT,posterior_alpha_mean_db,-122.66721853329585
sub-018,RW,PVT,posterior_alpha_sd_linear,2.8415497131899584e-13
sub-018,RW,PVT,posterior_alpha_cv_linear,
sub-018,RW,PVT,posterior_alpha_n_epochs_used,53.0
sub-018,RW,PVT,frontal_theta_mean_linear,7.865520215632021e-13
sub-018,RW,PVT,frontal_theta_mean_db,-121.04149963833663
sub-018,RW,PVT,frontal_theta_sd_linear,4.622554089833955e-13
sub-018,RW,PVT,frontal_theta_cv_linear,
sub-018,RW,PVT,frontal_theta_n_epochs_used,53.0
sub-018,RW,PVT,frontocentral_theta_mean_linear,6.199690775266049e-13
sub-018,RW,PVT,frontocentral_theta_mean_db,-122.07474454862451
sub-018,RW,PVT,frontocentral_theta_sd_linear,3.624385331547648e-13
sub-018,RW,PVT,frontocentral_theta_cv_linear,
sub-018,RW,PVT,frontocentral_theta_n_epochs_used,53.0
sub-018,RW,PVT,central_alpha_mean_linear,2.8118558801661015e-13
sub-018,RW,PVT,central_alpha_mean_db,-125.50664127368718
sub-018,RW,PVT,central_alpha_sd_linear,1.415530376869906e-13
sub-018,RW,PVT,central_alpha_cv_linear,
sub-018,RW,PVT,central_alpha_n_epochs_used,53.0
sub-018,RW,PVT,frontal_beta_mean_linear,3.6811911107875557e-13
sub-018,RW,PVT,frontal_beta_mean_db,-124.33749753619297
sub-018,RW,PVT,frontal_beta_sd_linear,1.37078311035857e-13
sub-018,RW,PVT,frontal_beta_cv_linear,
sub-018,RW,PVT,frontal_beta_n_epochs_used,53.0
sub-018,RW,PVT,global_theta_alpha_ratio_mean_linear,1.808415459786263
sub-018,RW,PVT,global_theta_alpha_ratio_sd_linear,0.6328514614881361
sub-018,RW,PVT,global_theta_alpha_ratio_cv_linear,0.34994804875364915
sub-018,RW,PVT,global_theta_alpha_ratio_n_epochs_used,53.0
sub-018,SD,CloseEye,n_epochs_total,190.0
sub-018,SD,CloseEye,global_theta_mean_linear,1.2363478921170058e-12
sub-018,SD,CloseEye,global_theta_mean_db,-119.07781316202406
sub-018,SD,CloseEye,global_theta_sd_linear,8.417996599346092e-13
sub-018,SD,CloseEye,global_theta_cv_linear,
sub-018,SD,CloseEye,global_theta_n_epochs_used,190.0
sub-018,SD,CloseEye,posterior_alpha_mean_linear,1.260151292113326e-12
sub-018,SD,CloseEye,posterior_alpha_mean_db,-118.99500792929501
sub-018,SD,CloseEye,posterior_alpha_sd_linear,1.6774727087135602e-12
sub-018,SD,CloseEye,posterior_alpha_cv_linear,
sub-018,SD,CloseEye,posterior_alpha_n_epochs_used,190.0
sub-018,SD,CloseEye,frontal_theta_mean_linear,9.09499511306229e-13
sub-018,SD,CloseEye,frontal_theta_mean_db,-120.41091514531446
sub-018,SD,CloseEye,frontal_theta_sd_linear,7.288291196870879e-13
sub-018,SD,CloseEye,frontal_theta_cv_linear,
sub-018,SD,CloseEye,frontal_theta_n_epochs_used,190.0
sub-018,SD,CloseEye,frontocentral_theta_mean_linear,8.729301053700981e-13
sub-018,SD,CloseEye,frontocentral_theta_mean_db,-120.5891007228861
sub-018,SD,CloseEye,frontocentral_theta_sd_linear,6.550766966205649e-13
sub-018,SD,CloseEye,frontocentral_theta_cv_linear,
sub-018,SD,CloseEye,frontocentral_theta_n_epochs_used,190.0
sub-018,SD,CloseEye,central_alpha_mean_linear,4.788967551055308e-13
sub-018,SD,CloseEye,central_alpha_mean_db,-123.19556787918043
sub-018,SD,CloseEye,central_alpha_sd_linear,4.082278940846079e-13
sub-018,SD,CloseEye,central_alpha_cv_linear,
sub-018,SD,CloseEye,central_alpha_n_epochs_used,190.0
sub-018,SD,CloseEye,frontal_beta_mean_linear,1.7088582394770941e-13
sub-018,SD,CloseEye,frontal_beta_mean_db,-127.66730018568687
sub-018,SD,CloseEye,frontal_beta_sd_linear,8.276590590491322e-14
sub-018,SD,CloseEye,frontal_beta_cv_linear,
sub-018,SD,CloseEye,frontal_beta_n_epochs_used,190.0
sub-018,SD,CloseEye,global_theta_alpha_ratio_mean_linear,2.367920989444403
sub-018,SD,CloseEye,global_theta_alpha_ratio_sd_linear,1.6874140540579474
sub-018,SD,CloseEye,global_theta_alpha_ratio_cv_linear,0.7126141714947479
sub-018,SD,CloseEye,global_theta_alpha_ratio_n_epochs_used,190.0
sub-018,SD,OpenEye,n_epochs_total,8.0
sub-018,SD,OpenEye,global_theta_mean_linear,5.076490857567056e-13
sub-018,SD,OpenEye,global_theta_mean_db,-122.9424647368644
sub-018,SD,OpenEye,global_theta_sd_linear,1.5917425392804233e-13
sub-018,SD,OpenEye,global_theta_cv_linear,
sub-018,SD,OpenEye,global_theta_n_epochs_used,8.0
sub-018,SD,OpenEye,posterior_alpha_mean_linear,9.572304790942583e-13
sub-018,SD,OpenEye,posterior_alpha_mean_db,-120.18882751778825
sub-018,SD,OpenEye,posterior_alpha_sd_linear,7.357381626826218e-13
sub-018,SD,OpenEye,posterior_alpha_cv_linear,
sub-018,SD,OpenEye,posterior_alpha_n_epochs_used,8.0
sub-018,SD,OpenEye,frontal_theta_mean_linear,4.629822777226326e-13
sub-018,SD,OpenEye,frontal_theta_mean_db,-123.34227396702362
sub-018,SD,OpenEye,frontal_theta_sd_linear,2.304083101018638e-13
sub-018,SD,OpenEye,frontal_theta_cv_linear,
sub-018,SD,OpenEye,frontal_theta_n_epochs_used,8.0
sub-018,SD,OpenEye,frontocentral_theta_mean_linear,4.921813868661173e-13
sub-018,SD,OpenEye,frontocentral_theta_mean_db,-123.07678929209962
sub-018,SD,OpenEye,frontocentral_theta_sd_linear,2.0794143918659057e-13
sub-018,SD,OpenEye,frontocentral_theta_cv_linear,
sub-018,SD,OpenEye,frontocentral_theta_n_epochs_used,8.0
sub-018,SD,OpenEye,central_alpha_mean_linear,4.191096455670312e-13
sub-018,SD,OpenEye,central_alpha_mean_db,-123.77442315400516
sub-018,SD,OpenEye,central_alpha_sd_linear,3.233361709526402e-13
sub-018,SD,OpenEye,central_alpha_cv_linear,
sub-018,SD,OpenEye,central_alpha_n_epochs_used,8.0
sub-018,SD,OpenEye,frontal_beta_mean_linear,3.4817789126888925e-13
sub-018,SD,OpenEye,frontal_beta_mean_db,-124.57921933600227
sub-018,SD,OpenEye,frontal_beta_sd_linear,1.3888627446818158e-13
sub-018,SD,OpenEye,frontal_beta_cv_linear,
sub-018,SD,OpenEye,frontal_beta_n_epochs_used,8.0
sub-018,SD,OpenEye,global_theta_alpha_ratio_mean_linear,0.9220760795264926
sub-018,SD,OpenEye,global_theta_alpha_ratio_sd_linear,0.24931425455213743
sub-018,SD,OpenEye,global_theta_alpha_ratio_cv_linear,0.2703836050927229
sub-018,SD,OpenEye,global_theta_alpha_ratio_n_epochs_used,8.0
sub-018,SD,PVT,n_epochs_total,4.0
sub-018,SD,PVT,global_theta_mean_linear,8.017794402319121e-13
sub-018,SD,PVT,global_theta_mean_db,-120.95824827656175
sub-018,SD,PVT,global_theta_sd_linear,2.0199817225474454e-13
sub-018,SD,PVT,global_theta_cv_linear,
sub-018,SD,PVT,global_theta_n_epochs_used,4.0
sub-018,SD,PVT,posterior_alpha_mean_linear,7.650958463718551e-13
sub-018,SD,PVT,posterior_alpha_mean_db,-121.16158133970076
sub-018,SD,PVT,posterior_alpha_sd_linear,3.899491589141747e-13
sub-018,SD,PVT,posterior_alpha_cv_linear,
sub-018,SD,PVT,posterior_alpha_n_epochs_used,4.0
sub-018,SD,PVT,frontal_theta_mean_linear,5.265822206171379e-13
sub-018,SD,PVT,frontal_theta_mean_db,-122.7835071747087
sub-018,SD,PVT,frontal_theta_sd_linear,1.4135612601087438e-13
sub-018,SD,PVT,frontal_theta_cv_linear,
sub-018,SD,PVT,frontal_theta_n_epochs_used,4.0
sub-018,SD,PVT,frontocentral_theta_mean_linear,3.7450084554971394e-13
sub-018,SD,PVT,frontocentral_theta_mean_db,-124.26289776977684
sub-018,SD,PVT,frontocentral_theta_sd_linear,1.0180200666254071e-13
sub-018,SD,PVT,frontocentral_theta_cv_linear,
sub-018,SD,PVT,frontocentral_theta_n_epochs_used,4.0
sub-018,SD,PVT,central_alpha_mean_linear,1.9150483195653614e-13
sub-018,SD,PVT,central_alpha_mean_db,-127.17317002801784
sub-018,SD,PVT,central_alpha_sd_linear,3.0826557135046734e-14
sub-018,SD,PVT,central_alpha_cv_linear,
sub-018,SD,PVT,central_alpha_n_epochs_used,4.0
sub-018,SD,PVT,frontal_beta_mean_linear,5.745931426010384e-13
sub-018,SD,PVT,frontal_beta_mean_db,-122.40471765881216
sub-018,SD,PVT,frontal_beta_sd_linear,3.8981629037581944e-13
sub-018,SD,PVT,frontal_beta_cv_linear,
sub-018,SD,PVT,frontal_beta_n_epochs_used,4.0
sub-018,SD,PVT,global_theta_alpha_ratio_mean_linear,1.5373409730014418
sub-018,SD,PVT,global_theta_alpha_ratio_sd_linear,0.6819036490727652
sub-018,SD,PVT,global_theta_alpha_ratio_cv_linear,0.4435604469328911
sub-018,SD,PVT,global_theta_alpha_ratio_n_epochs_used,4.0
sub-019,RW,CloseEye,n_epochs_total,268.0
sub-019,RW,CloseEye,global_theta_mean_linear,5.445986386651589e-12
sub-019,RW,CloseEye,global_theta_mean_db,-112.6390574184064
sub-019,RW,CloseEye,global_theta_sd_linear,4.659944505007709e-12
sub-019,RW,CloseEye,global_theta_cv_linear,
sub-019,RW,CloseEye,global_theta_n_epochs_used,268.0
sub-019,RW,CloseEye,posterior_alpha_mean_linear,2.0478754325032358e-11
sub-019,RW,CloseEye,posterior_alpha_mean_db,-106.88691755124347
sub-019,RW,CloseEye,posterior_alpha_sd_linear,1.8572942818906602e-11
sub-019,RW,CloseEye,posterior_alpha_cv_linear,
sub-019,RW,CloseEye,posterior_alpha_n_epochs_used,268.0
sub-019,RW,CloseEye,frontal_theta_mean_linear,5.381921000849368e-12
sub-019,RW,CloseEye,frontal_theta_mean_db,-112.6904476383241
sub-019,RW,CloseEye,frontal_theta_sd_linear,5.3922502371803584e-12
sub-019,RW,CloseEye,frontal_theta_cv_linear,
sub-019,RW,CloseEye,frontal_theta_n_epochs_used,268.0
sub-019,RW,CloseEye,frontocentral_theta_mean_linear,4.281293153080362e-12
sub-019,RW,CloseEye,frontocentral_theta_mean_db,-113.68402510065849
sub-019,RW,CloseEye,frontocentral_theta_sd_linear,3.992698067690751e-12
sub-019,RW,CloseEye,frontocentral_theta_cv_linear,
sub-019,RW,CloseEye,frontocentral_theta_n_epochs_used,268.0
sub-019,RW,CloseEye,central_alpha_mean_linear,3.1116775975716806e-12
sub-019,RW,CloseEye,central_alpha_mean_db,-115.06974417322357
sub-019,RW,CloseEye,central_alpha_sd_linear,2.834021491261229e-12
sub-019,RW,CloseEye,central_alpha_cv_linear,
sub-019,RW,CloseEye,central_alpha_n_epochs_used,268.0
sub-019,RW,CloseEye,frontal_beta_mean_linear,1.7648325735091823e-13
sub-019,RW,CloseEye,frontal_beta_mean_db,-127.52750419505
sub-019,RW,CloseEye,frontal_beta_sd_linear,7.829136035565338e-14
sub-019,RW,CloseEye,frontal_beta_cv_linear,
sub-019,RW,CloseEye,frontal_beta_n_epochs_used,268.0
sub-019,RW,CloseEye,global_theta_alpha_ratio_mean_linear,1.2364898976712375
sub-019,RW,CloseEye,global_theta_alpha_ratio_sd_linear,1.0029902060807945
sub-019,RW,CloseEye,global_theta_alpha_ratio_cv_linear,0.8111592403381471
sub-019,RW,CloseEye,global_theta_alpha_ratio_n_epochs_used,268.0
sub-019,RW,OpenEye,n_epochs_total,36.0
sub-019,RW,OpenEye,global_theta_mean_linear,2.1802004218544593e-12
sub-019,RW,OpenEye,global_theta_mean_db,-116.61459351773183
sub-019,RW,OpenEye,global_theta_sd_linear,1.78483244136443e-12
sub-019,RW,OpenEye,global_theta_cv_linear,
sub-019,RW,OpenEye,global_theta_n_epochs_used,36.0
sub-019,RW,OpenEye,posterior_alpha_mean_linear,1.0009089989421035e-11
sub-019,RW,OpenEye,posterior_alpha_mean_db,-109.99595771680919
sub-019,RW,OpenEye,posterior_alpha_sd_linear,1.6082725203635327e-11
sub-019,RW,OpenEye,posterior_alpha_cv_linear,
sub-019,RW,OpenEye,posterior_alpha_n_epochs_used,36.0
sub-019,RW,OpenEye,frontal_theta_mean_linear,2.219235792722512e-12
sub-019,RW,OpenEye,frontal_theta_mean_db,-116.5375310078052
sub-019,RW,OpenEye,frontal_theta_sd_linear,1.8748590409123904e-12
sub-019,RW,OpenEye,frontal_theta_cv_linear,
sub-019,RW,OpenEye,frontal_theta_n_epochs_used,36.0
sub-019,RW,OpenEye,frontocentral_theta_mean_linear,1.7850457591378288e-12
sub-019,RW,OpenEye,frontocentral_theta_mean_db,-117.48296627191056
sub-019,RW,OpenEye,frontocentral_theta_sd_linear,1.6577146903197514e-12
sub-019,RW,OpenEye,frontocentral_theta_cv_linear,
sub-019,RW,OpenEye,frontocentral_theta_n_epochs_used,36.0
sub-019,RW,OpenEye,central_alpha_mean_linear,1.7841370696700603e-12
sub-019,RW,OpenEye,central_alpha_mean_db,-117.48517736477379
sub-019,RW,OpenEye,central_alpha_sd_linear,2.493215938268699e-12
sub-019,RW,OpenEye,central_alpha_cv_linear,
sub-019,RW,OpenEye,central_alpha_n_epochs_used,36.0
sub-019,RW,OpenEye,frontal_beta_mean_linear,1.814229681975432e-13
sub-019,RW,OpenEye,frontal_beta_mean_db,-127.40776521512257
sub-019,RW,OpenEye,frontal_beta_sd_linear,5.344770993395461e-14
sub-019,RW,OpenEye,frontal_beta_cv_linear,
sub-019,RW,OpenEye,frontal_beta_n_epochs_used,36.0
sub-019,RW,OpenEye,global_theta_alpha_ratio_mean_linear,0.970432496909877
sub-019,RW,OpenEye,global_theta_alpha_ratio_sd_linear,0.5687685499415448
sub-019,RW,OpenEye,global_theta_alpha_ratio_cv_linear,0.5860980045007351
sub-019,RW,OpenEye,global_theta_alpha_ratio_n_epochs_used,36.0
sub-019,RW,PVT,n_epochs_total,23.0
sub-019,RW,PVT,global_theta_mean_linear,2.0150377332240467e-12
sub-019,RW,PVT,global_theta_mean_db,-116.95668963018767
sub-019,RW,PVT,global_theta_sd_linear,1.1896741014222456e-12
sub-019,RW,PVT,global_theta_cv_linear,
sub-019,RW,PVT,global_theta_n_epochs_used,23.0
sub-019,RW,PVT,posterior_alpha_mean_linear,2.2173214921037154e-12
sub-019,RW,PVT,posterior_alpha_mean_db,-116.5412784497235
sub-019,RW,PVT,posterior_alpha_sd_linear,9.4307590749086e-13
sub-019,RW,PVT,posterior_alpha_cv_linear,
sub-019,RW,PVT,posterior_alpha_n_epochs_used,23.0
sub-019,RW,PVT,frontal_theta_mean_linear,2.0961750961896927e-12
sub-019,RW,PVT,frontal_theta_mean_db,-116.78526441288642
sub-019,RW,PVT,frontal_theta_sd_linear,1.773264818006887e-12
sub-019,RW,PVT,frontal_theta_cv_linear,
sub-019,RW,PVT,frontal_theta_n_epochs_used,23.0
sub-019,RW,PVT,frontocentral_theta_mean_linear,1.4344702970885688e-12
sub-019,RW,PVT,frontocentral_theta_mean_db,-118.43241219926549
sub-019,RW,PVT,frontocentral_theta_sd_linear,9.3163422661533e-13
sub-019,RW,PVT,frontocentral_theta_cv_linear,
sub-019,RW,PVT,frontocentral_theta_n_epochs_used,23.0
sub-019,RW,PVT,central_alpha_mean_linear,6.095017405267376e-13
sub-019,RW,PVT,central_alpha_mean_db,-122.14866862957496
sub-019,RW,PVT,central_alpha_sd_linear,3.2450225988874815e-13
sub-019,RW,PVT,central_alpha_cv_linear,
sub-019,RW,PVT,central_alpha_n_epochs_used,23.0
sub-019,RW,PVT,frontal_beta_mean_linear,1.7345929436508333e-13
sub-019,RW,PVT,frontal_beta_mean_db,-127.60246841413122
sub-019,RW,PVT,frontal_beta_sd_linear,7.271034990865648e-14
sub-019,RW,PVT,frontal_beta_cv_linear,
sub-019,RW,PVT,frontal_beta_n_epochs_used,23.0
sub-019,RW,PVT,global_theta_alpha_ratio_mean_linear,1.6113691005157165
sub-019,RW,PVT,global_theta_alpha_ratio_sd_linear,1.187931800630568
sub-019,RW,PVT,global_theta_alpha_ratio_cv_linear,0.7372189278361934
sub-019,RW,PVT,global_theta_alpha_ratio_n_epochs_used,23.0
sub-019,SD,CloseEye,n_epochs_total,39.0
sub-019,SD,CloseEye,global_theta_mean_linear,6.1920838847444964e-12
sub-019,SD,CloseEye,global_theta_mean_db,-112.08147595583205
sub-019,SD,CloseEye,global_theta_sd_linear,4.363921997831802e-12
sub-019,SD,CloseEye,global_theta_cv_linear,
sub-019,SD,CloseEye,global_theta_n_epochs_used,39.0
sub-019,SD,CloseEye,posterior_alpha_mean_linear,2.6251862435314055e-12
sub-019,SD,CloseEye,posterior_alpha_mean_db,-115.80803148068978
sub-019,SD,CloseEye,posterior_alpha_sd_linear,1.2302802947462197e-12
sub-019,SD,CloseEye,posterior_alpha_cv_linear,
sub-019,SD,CloseEye,posterior_alpha_n_epochs_used,39.0
sub-019,SD,CloseEye,frontal_theta_mean_linear,5.7535401009535205e-12
sub-019,SD,CloseEye,frontal_theta_mean_db,-112.40048095349164
sub-019,SD,CloseEye,frontal_theta_sd_linear,4.314937292584523e-12
sub-019,SD,CloseEye,frontal_theta_cv_linear,
sub-019,SD,CloseEye,frontal_theta_n_epochs_used,39.0
sub-019,SD,CloseEye,frontocentral_theta_mean_linear,5.146142786944002e-12
sub-019,SD,CloseEye,frontocentral_theta_mean_db,-112.88499429413616
sub-019,SD,CloseEye,frontocentral_theta_sd_linear,3.8878805860915535e-12
sub-019,SD,CloseEye,frontocentral_theta_cv_linear,
sub-019,SD,CloseEye,frontocentral_theta_n_epochs_used,39.0
sub-019,SD,CloseEye,central_alpha_mean_linear,1.4722465776231835e-12
sub-019,SD,CloseEye,central_alpha_mean_db,-118.31953951100033
sub-019,SD,CloseEye,central_alpha_sd_linear,1.0682067248774713e-12
sub-019,SD,CloseEye,central_alpha_cv_linear,
sub-019,SD,CloseEye,central_alpha_n_epochs_used,39.0
sub-019,SD,CloseEye,frontal_beta_mean_linear,1.229612717835632e-13
sub-019,SD,CloseEye,frontal_beta_mean_db,-129.09448107845765
sub-019,SD,CloseEye,frontal_beta_sd_linear,8.239974286983474e-14
sub-019,SD,CloseEye,frontal_beta_cv_linear,
sub-019,SD,CloseEye,frontal_beta_n_epochs_used,39.0
sub-019,SD,CloseEye,global_theta_alpha_ratio_mean_linear,4.157390757147243
sub-019,SD,CloseEye,global_theta_alpha_ratio_sd_linear,2.696549272757358
sub-019,SD,CloseEye,global_theta_alpha_ratio_cv_linear,0.6486157857837981
sub-019,SD,CloseEye,global_theta_alpha_ratio_n_epochs_used,39.0
sub-019,SD,OpenEye,n_epochs_total,57.0
sub-019,SD,OpenEye,global_theta_mean_linear,4.740783017405927e-12
sub-019,SD,OpenEye,global_theta_mean_db,-113.24129580980937
sub-019,SD,OpenEye,global_theta_sd_linear,3.1075005904924815e-12
sub-019,SD,OpenEye,global_theta_cv_linear,
sub-019,SD,OpenEye,global_theta_n_epochs_used,57.0
sub-019,SD,OpenEye,posterior_alpha_mean_linear,2.524283945498163e-12
sub-019,SD,OpenEye,posterior_alpha_mean_db,-115.9782359448102
sub-019,SD,OpenEye,posterior_alpha_sd_linear,1.6142522648278205e-12
sub-019,SD,OpenEye,posterior_alpha_cv_linear,
sub-019,SD,OpenEye,posterior_alpha_n_epochs_used,57.0
sub-019,SD,OpenEye,frontal_theta_mean_linear,3.4761728646331095e-12
sub-019,SD,OpenEye,frontal_theta_mean_db,-114.5887089472015
sub-019,SD,OpenEye,frontal_theta_sd_linear,3.050800624355573e-12
sub-019,SD,OpenEye,frontal_theta_cv_linear,
sub-019,SD,OpenEye,frontal_theta_n_epochs_used,57.0
sub-019,SD,OpenEye,frontocentral_theta_mean_linear,3.5401635393500453e-12
sub-019,SD,OpenEye,frontocentral_theta_mean_db,-114.50949436317507
sub-019,SD,OpenEye,frontocentral_theta_sd_linear,2.945131759638386e-12
sub-019,SD,OpenEye,frontocentral_theta_cv_linear,
sub-019,SD,OpenEye,frontocentral_theta_n_epochs_used,57.0
sub-019,SD,OpenEye,central_alpha_mean_linear,1.1626852015699803e-12
sub-019,SD,OpenEye,central_alpha_mean_db,-119.34454923346223
sub-019,SD,OpenEye,central_alpha_sd_linear,1.2382791466142009e-12
sub-019,SD,OpenEye,central_alpha_cv_linear,
sub-019,SD,OpenEye,central_alpha_n_epochs_used,57.0
sub-019,SD,OpenEye,frontal_beta_mean_linear,1.3217173160677258e-13
sub-019,SD,OpenEye,frontal_beta_mean_db,-128.78132430458612
sub-019,SD,OpenEye,frontal_beta_sd_linear,7.535071109300349e-14
sub-019,SD,OpenEye,frontal_beta_cv_linear,
sub-019,SD,OpenEye,frontal_beta_n_epochs_used,57.0
sub-019,SD,OpenEye,global_theta_alpha_ratio_mean_linear,3.7488732915276395
sub-019,SD,OpenEye,global_theta_alpha_ratio_sd_linear,1.6088097669101524
sub-019,SD,OpenEye,global_theta_alpha_ratio_cv_linear,0.4291448768209964
sub-019,SD,OpenEye,global_theta_alpha_ratio_n_epochs_used,57.0
sub-019,SD,PVT,n_epochs_total,4.0
sub-019,SD,PVT,global_theta_mean_linear,4.176543393365351e-12
sub-019,SD,PVT,global_theta_mean_db,-113.7915991349608
sub-019,SD,PVT,global_theta_sd_linear,2.8659752273376374e-12
sub-019,SD,PVT,global_theta_cv_linear,
sub-019,SD,PVT,global_theta_n_epochs_used,4.0
sub-019,SD,PVT,posterior_alpha_mean_linear,3.6053980049104943e-12
sub-019,SD,PVT,posterior_alpha_mean_db,-114.43020039979872
sub-019,SD,PVT,posterior_alpha_sd_linear,3.75992954111262e-12
sub-019,SD,PVT,posterior_alpha_cv_linear,
sub-019,SD,PVT,posterior_alpha_n_epochs_used,4.0
sub-019,SD,PVT,frontal_theta_mean_linear,4.8787617779950654e-12
sub-019,SD,PVT,frontal_theta_mean_db,-113.11670621889209
sub-019,SD,PVT,frontal_theta_sd_linear,5.6348099931704e-12
sub-019,SD,PVT,frontal_theta_cv_linear,
sub-019,SD,PVT,frontal_theta_n_epochs_used,4.0
sub-019,SD,PVT,frontocentral_theta_mean_linear,3.2128478292233778e-12
sub-019,SD,PVT,frontocentral_theta_mean_db,-114.93079829852124
sub-019,SD,PVT,frontocentral_theta_sd_linear,2.9353424521436956e-12
sub-019,SD,PVT,frontocentral_theta_cv_linear,
sub-019,SD,PVT,frontocentral_theta_n_epochs_used,4.0
sub-019,SD,PVT,central_alpha_mean_linear,9.438411918003018e-13
sub-019,SD,PVT,central_alpha_mean_db,-120.24998914280282
sub-019,SD,PVT,central_alpha_sd_linear,5.181810609622333e-13
sub-019,SD,PVT,central_alpha_cv_linear,
sub-019,SD,PVT,central_alpha_n_epochs_used,4.0
sub-019,SD,PVT,frontal_beta_mean_linear,1.5953096390008205e-13
sub-019,SD,PVT,frontal_beta_mean_db,-127.96550954360045
sub-019,SD,PVT,frontal_beta_sd_linear,6.73272325854557e-14
sub-019,SD,PVT,frontal_beta_cv_linear,
sub-019,SD,PVT,frontal_beta_n_epochs_used,4.0
sub-019,SD,PVT,global_theta_alpha_ratio_mean_linear,3.099647298876696
sub-019,SD,PVT,global_theta_alpha_ratio_sd_linear,2.132542331118272
sub-019,SD,PVT,global_theta_alpha_ratio_cv_linear,0.6879951573493861
sub-019,SD,PVT,global_theta_alpha_ratio_n_epochs_used,4.0
sub-020,RW,CloseEye,n_epochs_total,329.0
sub-020,RW,CloseEye,global_theta_mean_linear,2.1642875750854667e-12
sub-020,RW,CloseEye,global_theta_mean_db,-116.64640479719537
sub-020,RW,CloseEye,global_theta_sd_linear,9.311071643562602e-13
sub-020,RW,CloseEye,global_theta_cv_linear,
sub-020,RW,CloseEye,global_theta_n_epochs_used,329.0
sub-020,RW,CloseEye,posterior_alpha_mean_linear,1.3014399432395831e-11
sub-020,RW,CloseEye,posterior_alpha_mean_db,-108.85568458583592
sub-020,RW,CloseEye,posterior_alpha_sd_linear,8.274757476901583e-12
sub-020,RW,CloseEye,posterior_alpha_cv_linear,
sub-020,RW,CloseEye,posterior_alpha_n_epochs_used,329.0
sub-020,RW,CloseEye,frontal_theta_mean_linear,1.5441277353771618e-12
sub-020,RW,CloseEye,frontal_theta_mean_db,-118.11254329445862
sub-020,RW,CloseEye,frontal_theta_sd_linear,9.191281651263173e-13
sub-020,RW,CloseEye,frontal_theta_cv_linear,
sub-020,RW,CloseEye,frontal_theta_n_epochs_used,329.0
sub-020,RW,CloseEye,frontocentral_theta_mean_linear,1.6230787053092275e-12
sub-020,RW,CloseEye,frontocentral_theta_mean_db,-117.89601010717249
sub-020,RW,CloseEye,frontocentral_theta_sd_linear,1.0731278898391491e-12
sub-020,RW,CloseEye,frontocentral_theta_cv_linear,
sub-020,RW,CloseEye,frontocentral_theta_n_epochs_used,329.0
sub-020,RW,CloseEye,central_alpha_mean_linear,2.827827154081145e-12
sub-020,RW,CloseEye,central_alpha_mean_db,-115.48513039524353
sub-020,RW,CloseEye,central_alpha_sd_linear,1.5490632857348937e-12
sub-020,RW,CloseEye,central_alpha_cv_linear,
sub-020,RW,CloseEye,central_alpha_n_epochs_used,329.0
sub-020,RW,CloseEye,frontal_beta_mean_linear,4.274122639820998e-13
sub-020,RW,CloseEye,frontal_beta_mean_db,-123.6892745914075
sub-020,RW,CloseEye,frontal_beta_sd_linear,2.1690631921667875e-13
sub-020,RW,CloseEye,frontal_beta_cv_linear,
sub-020,RW,CloseEye,frontal_beta_n_epochs_used,329.0
sub-020,RW,CloseEye,global_theta_alpha_ratio_mean_linear,0.5141308408939698
sub-020,RW,CloseEye,global_theta_alpha_ratio_sd_linear,0.3545929327817442
sub-020,RW,CloseEye,global_theta_alpha_ratio_cv_linear,0.6896939544906089
sub-020,RW,CloseEye,global_theta_alpha_ratio_n_epochs_used,329.0
sub-020,RW,OpenEye,n_epochs_total,322.0
sub-020,RW,OpenEye,global_theta_mean_linear,8.753918069622702e-13
sub-020,RW,OpenEye,global_theta_mean_db,-120.57687376830445
sub-020,RW,OpenEye,global_theta_sd_linear,3.8850367004335985e-13
sub-020,RW,OpenEye,global_theta_cv_linear,
sub-020,RW,OpenEye,global_theta_n_epochs_used,322.0
sub-020,RW,OpenEye,posterior_alpha_mean_linear,1.9246064836370074e-12
sub-020,RW,OpenEye,posterior_alpha_mean_db,-117.15607953197167
sub-020,RW,OpenEye,posterior_alpha_sd_linear,1.3914997227973001e-12
sub-020,RW,OpenEye,posterior_alpha_cv_linear,
sub-020,RW,OpenEye,posterior_alpha_n_epochs_used,322.0
sub-020,RW,OpenEye,frontal_theta_mean_linear,7.070861838251276e-13
sub-020,RW,OpenEye,frontal_theta_mean_db,-121.50391289548006
sub-020,RW,OpenEye,frontal_theta_sd_linear,4.3177994937904497e-13
sub-020,RW,OpenEye,frontal_theta_cv_linear,
sub-020,RW,OpenEye,frontal_theta_n_epochs_used,322.0
sub-020,RW,OpenEye,frontocentral_theta_mean_linear,8.03266353663801e-13
sub-020,RW,OpenEye,frontocentral_theta_mean_db,-120.95020389721108
sub-020,RW,OpenEye,frontocentral_theta_sd_linear,5.007341479924851e-13
sub-020,RW,OpenEye,frontocentral_theta_cv_linear,
sub-020,RW,OpenEye,frontocentral_theta_n_epochs_used,322.0
sub-020,RW,OpenEye,central_alpha_mean_linear,8.367352537914695e-13
sub-020,RW,OpenEye,central_alpha_mean_db,-120.77296699167901
sub-020,RW,OpenEye,central_alpha_sd_linear,4.1348573079608146e-13
sub-020,RW,OpenEye,central_alpha_cv_linear,
sub-020,RW,OpenEye,central_alpha_n_epochs_used,322.0
sub-020,RW,OpenEye,frontal_beta_mean_linear,3.232557684018763e-13
sub-020,RW,OpenEye,frontal_beta_mean_db,-124.90155501762388
sub-020,RW,OpenEye,frontal_beta_sd_linear,1.45957810401284e-13
sub-020,RW,OpenEye,frontal_beta_cv_linear,
sub-020,RW,OpenEye,frontal_beta_n_epochs_used,322.0
sub-020,RW,OpenEye,global_theta_alpha_ratio_mean_linear,0.8728981086944181
sub-020,RW,OpenEye,global_theta_alpha_ratio_sd_linear,0.44192349326403757
sub-020,RW,OpenEye,global_theta_alpha_ratio_cv_linear,0.5062715669358208
sub-020,RW,OpenEye,global_theta_alpha_ratio_n_epochs_used,322.0
sub-020,RW,PVT,n_epochs_total,45.0
sub-020,RW,PVT,global_theta_mean_linear,1.0724516079958968e-12
sub-020,RW,PVT,global_theta_mean_db,-119.69532386545114
sub-020,RW,PVT,global_theta_sd_linear,3.154746278479065e-13
sub-020,RW,PVT,global_theta_cv_linear,
sub-020,RW,PVT,global_theta_n_epochs_used,45.0
sub-020,RW,PVT,posterior_alpha_mean_linear,7.888808809444121e-13
sub-020,RW,PVT,posterior_alpha_mean_db,-121.02866346495516
sub-020,RW,PVT,posterior_alpha_sd_linear,3.0504306526607034e-13
sub-020,RW,PVT,posterior_alpha_cv_linear,
sub-020,RW,PVT,posterior_alpha_n_epochs_used,45.0
sub-020,RW,PVT,frontal_theta_mean_linear,1.1374639213976144e-12
sub-020,RW,PVT,frontal_theta_mean_db,-119.43977599147749
sub-020,RW,PVT,frontal_theta_sd_linear,5.568136786409909e-13
sub-020,RW,PVT,frontal_theta_cv_linear,
sub-020,RW,PVT,frontal_theta_n_epochs_used,45.0
sub-020,RW,PVT,frontocentral_theta_mean_linear,1.0248932569200471e-12
sub-020,RW,PVT,frontocentral_theta_mean_db,-119.89227283876694
sub-020,RW,PVT,frontocentral_theta_sd_linear,5.675230321502933e-13
sub-020,RW,PVT,frontocentral_theta_cv_linear,
sub-020,RW,PVT,frontocentral_theta_n_epochs_used,45.0
sub-020,RW,PVT,central_alpha_mean_linear,5.55261161804815e-13
sub-020,RW,PVT,central_alpha_mean_db,-122.5532906628896
sub-020,RW,PVT,central_alpha_sd_linear,3.229514408773814e-13
sub-020,RW,PVT,central_alpha_cv_linear,
sub-020,RW,PVT,central_alpha_n_epochs_used,45.0
sub-020,RW,PVT,frontal_beta_mean_linear,3.5685147746785997e-13
sub-020,RW,PVT,frontal_beta_mean_db,-124.47242352674817
sub-020,RW,PVT,frontal_beta_sd_linear,1.6574244580939895e-13
sub-020,RW,PVT,frontal_beta_cv_linear,
sub-020,RW,PVT,frontal_beta_n_epochs_used,45.0
sub-020,RW,PVT,global_theta_alpha_ratio_mean_linear,1.8619841062987192
sub-020,RW,PVT,global_theta_alpha_ratio_sd_linear,0.8177237669224094
sub-020,RW,PVT,global_theta_alpha_ratio_cv_linear,0.4391679629037722
sub-020,RW,PVT,global_theta_alpha_ratio_n_epochs_used,45.0
sub-020,SD,CloseEye,n_epochs_total,302.0
sub-020,SD,CloseEye,global_theta_mean_linear,3.5500701140628214e-12
sub-020,SD,CloseEye,global_theta_mean_db,-114.49735906754368
sub-020,SD,CloseEye,global_theta_sd_linear,3.289973050399224e-12
sub-020,SD,CloseEye,global_theta_cv_linear,
sub-020,SD,CloseEye,global_theta_n_epochs_used,302.0
sub-020,SD,CloseEye,posterior_alpha_mean_linear,1.8769230799880714e-12
sub-020,SD,CloseEye,posterior_alpha_mean_db,-117.26502150195104
sub-020,SD,CloseEye,posterior_alpha_sd_linear,2.8998282457667166e-12
sub-020,SD,CloseEye,posterior_alpha_cv_linear,
sub-020,SD,CloseEye,posterior_alpha_n_epochs_used,302.0
sub-020,SD,CloseEye,frontal_theta_mean_linear,4.891849486071049e-12
sub-020,SD,CloseEye,frontal_theta_mean_db,-113.10507201441405
sub-020,SD,CloseEye,frontal_theta_sd_linear,5.913418279607715e-12
sub-020,SD,CloseEye,frontal_theta_cv_linear,
sub-020,SD,CloseEye,frontal_theta_n_epochs_used,302.0
sub-020,SD,CloseEye,frontocentral_theta_mean_linear,5.329985455651025e-12
sub-020,SD,CloseEye,frontocentral_theta_mean_db,-112.73255883944898
sub-020,SD,CloseEye,frontocentral_theta_sd_linear,8.092118440795974e-12
sub-020,SD,CloseEye,frontocentral_theta_cv_linear,
sub-020,SD,CloseEye,frontocentral_theta_n_epochs_used,302.0
sub-020,SD,CloseEye,central_alpha_mean_linear,1.1958691465767673e-12
sub-020,SD,CloseEye,central_alpha_mean_db,-119.22235708042214
sub-020,SD,CloseEye,central_alpha_sd_linear,1.3920983724291699e-12
sub-020,SD,CloseEye,central_alpha_cv_linear,
sub-020,SD,CloseEye,central_alpha_n_epochs_used,302.0
sub-020,SD,CloseEye,frontal_beta_mean_linear,5.7151058227586e-13
sub-020,SD,CloseEye,frontal_beta_mean_db,-122.42807023335892
sub-020,SD,CloseEye,frontal_beta_sd_linear,5.754645832954532e-13
sub-020,SD,CloseEye,frontal_beta_cv_linear,
sub-020,SD,CloseEye,frontal_beta_n_epochs_used,302.0
sub-020,SD,CloseEye,global_theta_alpha_ratio_mean_linear,3.639756872904969
sub-020,SD,CloseEye,global_theta_alpha_ratio_sd_linear,2.4224341386478523
sub-020,SD,CloseEye,global_theta_alpha_ratio_cv_linear,0.6655483383192172
sub-020,SD,CloseEye,global_theta_alpha_ratio_n_epochs_used,302.0
sub-020,SD,OpenEye,n_epochs_total,171.0
sub-020,SD,OpenEye,global_theta_mean_linear,1.5613487610154339e-12
sub-020,SD,OpenEye,global_theta_mean_db,-118.06438318963052
sub-020,SD,OpenEye,global_theta_sd_linear,1.1222181341133355e-12
sub-020,SD,OpenEye,global_theta_cv_linear,
sub-020,SD,OpenEye,global_theta_n_epochs_used,171.0
sub-020,SD,OpenEye,posterior_alpha_mean_linear,3.482809621677129e-12
sub-020,SD,OpenEye,posterior_alpha_mean_db,-114.58042577098169
sub-020,SD,OpenEye,posterior_alpha_sd_linear,4.754431505511908e-12
sub-020,SD,OpenEye,posterior_alpha_cv_linear,
sub-020,SD,OpenEye,posterior_alpha_n_epochs_used,171.0
sub-020,SD,OpenEye,frontal_theta_mean_linear,1.721638181007165e-12
sub-020,SD,OpenEye,frontal_theta_mean_db,-117.64002105907421
sub-020,SD,OpenEye,frontal_theta_sd_linear,1.6218560943682192e-12
sub-020,SD,OpenEye,frontal_theta_cv_linear,
sub-020,SD,OpenEye,frontal_theta_n_epochs_used,171.0
sub-020,SD,OpenEye,frontocentral_theta_mean_linear,1.7096840352233352e-12
sub-020,SD,OpenEye,frontocentral_theta_mean_db,-117.6702774348651
sub-020,SD,OpenEye,frontocentral_theta_sd_linear,1.6391927046033103e-12
sub-020,SD,OpenEye,frontocentral_theta_cv_linear,
sub-020,SD,OpenEye,frontocentral_theta_n_epochs_used,171.0
sub-020,SD,OpenEye,central_alpha_mean_linear,1.514761557088976e-12
sub-020,SD,OpenEye,central_alpha_mean_db,-118.19592067975138
sub-020,SD,OpenEye,central_alpha_sd_linear,1.1356972699933003e-12
sub-020,SD,OpenEye,central_alpha_cv_linear,
sub-020,SD,OpenEye,central_alpha_n_epochs_used,171.0
sub-020,SD,OpenEye,frontal_beta_mean_linear,7.233225878288008e-13
sub-020,SD,OpenEye,frontal_beta_mean_db,-121.40534673913538
sub-020,SD,OpenEye,frontal_beta_sd_linear,3.721381881827473e-13
sub-020,SD,OpenEye,frontal_beta_cv_linear,
sub-020,SD,OpenEye,frontal_beta_n_epochs_used,171.0
sub-020,SD,OpenEye,global_theta_alpha_ratio_mean_linear,1.014841547735476
sub-020,SD,OpenEye,global_theta_alpha_ratio_sd_linear,0.6373327658172554
sub-020,SD,OpenEye,global_theta_alpha_ratio_cv_linear,0.6280120943406424
sub-020,SD,OpenEye,global_theta_alpha_ratio_n_epochs_used,171.0
sub-020,SD,PVT,n_epochs_total,35.0
sub-020,SD,PVT,global_theta_mean_linear,1.2657321222771443e-12
sub-020,SD,PVT,global_theta_mean_db,-118.97582017407547
sub-020,SD,PVT,global_theta_sd_linear,5.679607728672482e-13
sub-020,SD,PVT,global_theta_cv_linear,
sub-020,SD,PVT,global_theta_n_epochs_used,35.0
sub-020,SD,PVT,posterior_alpha_mean_linear,3.324545676943142e-12
sub-020,SD,PVT,posterior_alpha_mean_db,-114.78238690443179
sub-020,SD,PVT,posterior_alpha_sd_linear,4.451033482140085e-12
sub-020,SD,PVT,posterior_alpha_cv_linear,
sub-020,SD,PVT,posterior_alpha_n_epochs_used,35.0
sub-020,SD,PVT,frontal_theta_mean_linear,1.3486635271902111e-12
sub-020,SD,PVT,frontal_theta_mean_db,-118.70024890688187
sub-020,SD,PVT,frontal_theta_sd_linear,6.280071302232276e-13
sub-020,SD,PVT,frontal_theta_cv_linear,
sub-020,SD,PVT,frontal_theta_n_epochs_used,35.0
sub-020,SD,PVT,frontocentral_theta_mean_linear,1.1982957854982989e-12
sub-020,SD,PVT,frontocentral_theta_mean_db,-119.21355500672595
sub-020,SD,PVT,frontocentral_theta_sd_linear,5.397680560178901e-13
sub-020,SD,PVT,frontocentral_theta_cv_linear,
sub-020,SD,PVT,frontocentral_theta_n_epochs_used,35.0
sub-020,SD,PVT,central_alpha_mean_linear,1.1923622145028065e-12
sub-020,SD,PVT,central_alpha_mean_db,-119.2351092719535
sub-020,SD,PVT,central_alpha_sd_linear,1.2856123237714447e-12
sub-020,SD,PVT,central_alpha_cv_linear,
sub-020,SD,PVT,central_alpha_n_epochs_used,35.0
sub-020,SD,PVT,frontal_beta_mean_linear,6.690338214251816e-13
sub-020,SD,PVT,frontal_beta_mean_db,-121.7440781353163
sub-020,SD,PVT,frontal_beta_sd_linear,4.0444931488109696e-13
sub-020,SD,PVT,frontal_beta_cv_linear,
sub-020,SD,PVT,frontal_beta_n_epochs_used,35.0
sub-020,SD,PVT,global_theta_alpha_ratio_mean_linear,1.5592842897786923
sub-020,SD,PVT,global_theta_alpha_ratio_sd_linear,1.1075418353034652
sub-020,SD,PVT,global_theta_alpha_ratio_cv_linear,0.7102885872470743
sub-020,SD,PVT,global_theta_alpha_ratio_n_epochs_used,35.0
sub-021,RW,CloseEye,n_epochs_total,376.0
sub-021,RW,CloseEye,global_theta_mean_linear,1.6164267731088183e-12
sub-021,RW,CloseEye,global_theta_mean_db,-117.91384311010937
sub-021,RW,CloseEye,global_theta_sd_linear,6.707217254381642e-13
sub-021,RW,CloseEye,global_theta_cv_linear,
sub-021,RW,CloseEye,global_theta_n_epochs_used,376.0
sub-021,RW,CloseEye,posterior_alpha_mean_linear,1.974605579409084e-11
sub-021,RW,CloseEye,posterior_alpha_mean_db,-107.04514756567221
sub-021,RW,CloseEye,posterior_alpha_sd_linear,7.63921589203053e-12
sub-021,RW,CloseEye,posterior_alpha_cv_linear,
sub-021,RW,CloseEye,posterior_alpha_n_epochs_used,376.0
sub-021,RW,CloseEye,frontal_theta_mean_linear,1.7158148857492273e-12
sub-021,RW,CloseEye,frontal_theta_mean_db,-117.65473370055821
sub-021,RW,CloseEye,frontal_theta_sd_linear,9.3676467422718e-13
sub-021,RW,CloseEye,frontal_theta_cv_linear,
sub-021,RW,CloseEye,frontal_theta_n_epochs_used,376.0
sub-021,RW,CloseEye,frontocentral_theta_mean_linear,1.5070438958970188e-12
sub-021,RW,CloseEye,frontocentral_theta_mean_db,-118.21810114438608
sub-021,RW,CloseEye,frontocentral_theta_sd_linear,7.721714830159122e-13
sub-021,RW,CloseEye,frontocentral_theta_cv_linear,
sub-021,RW,CloseEye,frontocentral_theta_n_epochs_used,376.0
sub-021,RW,CloseEye,central_alpha_mean_linear,5.300467461682359e-12
sub-021,RW,CloseEye,central_alpha_mean_db,-112.75667634305057
sub-021,RW,CloseEye,central_alpha_sd_linear,2.4368012372286587e-12
sub-021,RW,CloseEye,central_alpha_cv_linear,
sub-021,RW,CloseEye,central_alpha_n_epochs_used,376.0
sub-021,RW,CloseEye,frontal_beta_mean_linear,3.404056852316967e-13
sub-021,RW,CloseEye,frontal_beta_mean_db,-124.67719999870715
sub-021,RW,CloseEye,frontal_beta_sd_linear,1.930260482352811e-13
sub-021,RW,CloseEye,frontal_beta_cv_linear,
sub-021,RW,CloseEye,frontal_beta_n_epochs_used,376.0
sub-021,RW,CloseEye,global_theta_alpha_ratio_mean_linear,0.2113645393503999
sub-021,RW,CloseEye,global_theta_alpha_ratio_sd_linear,0.09192852174692566
sub-021,RW,CloseEye,global_theta_alpha_ratio_cv_linear,0.4349287824223275
sub-021,RW,CloseEye,global_theta_alpha_ratio_n_epochs_used,376.0
sub-021,RW,OpenEye,n_epochs_total,136.0
sub-021,RW,OpenEye,global_theta_mean_linear,9.45009904927631e-13
sub-021,RW,OpenEye,global_theta_mean_db,-120.24461607319837
sub-021,RW,OpenEye,global_theta_sd_linear,2.4927498907764957e-13
sub-021,RW,OpenEye,global_theta_cv_linear,
sub-021,RW,OpenEye,global_theta_n_epochs_used,136.0
sub-021,RW,OpenEye,posterior_alpha_mean_linear,2.0488945304697895e-12
sub-021,RW,OpenEye,posterior_alpha_mean_db,-116.88433333706405
sub-021,RW,OpenEye,posterior_alpha_sd_linear,2.236958272370532e-12
sub-021,RW,OpenEye,posterior_alpha_cv_linear,
sub-021,RW,OpenEye,posterior_alpha_n_epochs_used,136.0
sub-021,RW,OpenEye,frontal_theta_mean_linear,1.3147018716079952e-12
sub-021,RW,OpenEye,frontal_theta_mean_db,-118.81099375482079
sub-021,RW,OpenEye,frontal_theta_sd_linear,5.914045221072919e-13
sub-021,RW,OpenEye,frontal_theta_cv_linear,
sub-021,RW,OpenEye,frontal_theta_n_epochs_used,136.0
sub-021,RW,OpenEye,frontocentral_theta_mean_linear,1.0234203950292e-12
sub-021,RW,OpenEye,frontocentral_theta_mean_db,-119.89851716809048
sub-021,RW,OpenEye,frontocentral_theta_sd_linear,4.084616676829086e-13
sub-021,RW,OpenEye,frontocentral_theta_cv_linear,
sub-021,RW,OpenEye,frontocentral_theta_n_epochs_used,136.0
sub-021,RW,OpenEye,central_alpha_mean_linear,6.793039334891164e-13
sub-021,RW,OpenEye,central_alpha_mean_db,-121.67793935653734
sub-021,RW,OpenEye,central_alpha_sd_linear,6.877426561695676e-13
sub-021,RW,OpenEye,central_alpha_cv_linear,
sub-021,RW,OpenEye,central_alpha_n_epochs_used,136.0
sub-021,RW,OpenEye,frontal_beta_mean_linear,7.384112821886674e-13
sub-021,RW,OpenEye,frontal_beta_mean_db,-121.31571101077093
sub-021,RW,OpenEye,frontal_beta_sd_linear,2.9700930833555095e-13
sub-021,RW,OpenEye,frontal_beta_cv_linear,
sub-021,RW,OpenEye,frontal_beta_n_epochs_used,136.0
sub-021,RW,OpenEye,global_theta_alpha_ratio_mean_linear,1.2375766027713764
sub-021,RW,OpenEye,global_theta_alpha_ratio_sd_linear,0.6992989172200659
sub-021,RW,OpenEye,global_theta_alpha_ratio_cv_linear,0.5650550565145507
sub-021,RW,OpenEye,global_theta_alpha_ratio_n_epochs_used,136.0
sub-021,RW,PVT,n_epochs_total,1.0
sub-021,RW,PVT,global_theta_mean_linear,9.47583241330287e-13
sub-021,RW,PVT,global_theta_mean_db,-120.23280873558022
sub-021,RW,PVT,global_theta_sd_linear,
sub-021,RW,PVT,global_theta_cv_linear,
sub-021,RW,PVT,global_theta_n_epochs_used,1.0
sub-021,RW,PVT,posterior_alpha_mean_linear,8.106584138247629e-13
sub-021,RW,PVT,posterior_alpha_mean_db,-120.91043165605063
sub-021,RW,PVT,posterior_alpha_sd_linear,
sub-021,RW,PVT,posterior_alpha_cv_linear,
sub-021,RW,PVT,posterior_alpha_n_epochs_used,1.0
sub-021,RW,PVT,frontal_theta_mean_linear,1.4192856258245828e-12
sub-021,RW,PVT,frontal_theta_mean_db,-118.47862256384894
sub-021,RW,PVT,frontal_theta_sd_linear,
sub-021,RW,PVT,frontal_theta_cv_linear,
sub-021,RW,PVT,frontal_theta_n_epochs_used,1.0
sub-021,RW,PVT,frontocentral_theta_mean_linear,1.2782031909717598e-12
sub-021,RW,PVT,frontocentral_theta_mean_db,-118.93324665154981
sub-021,RW,PVT,frontocentral_theta_sd_linear,
sub-021,RW,PVT,frontocentral_theta_cv_linear,
sub-021,RW,PVT,frontocentral_theta_n_epochs_used,1.0
sub-021,RW,PVT,central_alpha_mean_linear,7.492331785722536e-13
sub-021,RW,PVT,central_alpha_mean_db,-121.25254309324008
sub-021,RW,PVT,central_alpha_sd_linear,
sub-021,RW,PVT,central_alpha_cv_linear,
sub-021,RW,PVT,central_alpha_n_epochs_used,1.0
sub-021,RW,PVT,frontal_beta_mean_linear,1.9270683133770122e-12
sub-021,RW,PVT,frontal_beta_mean_db,-117.15052851317601
sub-021,RW,PVT,frontal_beta_sd_linear,
sub-021,RW,PVT,frontal_beta_cv_linear,
sub-021,RW,PVT,frontal_beta_n_epochs_used,1.0
sub-021,RW,PVT,global_theta_alpha_ratio_mean_linear,1.0875540728099546
sub-021,RW,PVT,global_theta_alpha_ratio_sd_linear,
sub-021,RW,PVT,global_theta_alpha_ratio_cv_linear,
sub-021,RW,PVT,global_theta_alpha_ratio_n_epochs_used,1.0
sub-021,SD,CloseEye,n_epochs_total,124.0
sub-021,SD,CloseEye,global_theta_mean_linear,1.9886148542680124e-12
sub-021,SD,CloseEye,global_theta_mean_db,-117.01400831166103
sub-021,SD,CloseEye,global_theta_sd_linear,6.058082881253161e-13
sub-021,SD,CloseEye,global_theta_cv_linear,
sub-021,SD,CloseEye,global_theta_n_epochs_used,124.0
sub-021,SD,CloseEye,posterior_alpha_mean_linear,3.718468798924983e-12
sub-021,SD,CloseEye,posterior_alpha_mean_db,-114.29609925574871
sub-021,SD,CloseEye,posterior_alpha_sd_linear,4.760182670958198e-12
sub-021,SD,CloseEye,posterior_alpha_cv_linear,
sub-021,SD,CloseEye,posterior_alpha_n_epochs_used,124.0
sub-021,SD,CloseEye,frontal_theta_mean_linear,2.121440965407392e-12
sub-021,SD,CloseEye,frontal_theta_mean_db,-116.73323595229364
sub-021,SD,CloseEye,frontal_theta_sd_linear,1.6357428506365473e-12
sub-021,SD,CloseEye,frontal_theta_cv_linear,
sub-021,SD,CloseEye,frontal_theta_n_epochs_used,124.0
sub-021,SD,CloseEye,frontocentral_theta_mean_linear,2.043371014450578e-12
sub-021,SD,CloseEye,frontocentral_theta_mean_db,-116.89605581043118
sub-021,SD,CloseEye,frontocentral_theta_sd_linear,1.376669207414876e-12
sub-021,SD,CloseEye,frontocentral_theta_cv_linear,
sub-021,SD,CloseEye,frontocentral_theta_n_epochs_used,124.0
sub-021,SD,CloseEye,central_alpha_mean_linear,1.5401166857335253e-12
sub-021,SD,CloseEye,central_alpha_mean_db,-118.12383764526794
sub-021,SD,CloseEye,central_alpha_sd_linear,1.2878862313893492e-12
sub-021,SD,CloseEye,central_alpha_cv_linear,
sub-021,SD,CloseEye,central_alpha_n_epochs_used,124.0
sub-021,SD,CloseEye,frontal_beta_mean_linear,6.661507442281425e-13
sub-021,SD,CloseEye,frontal_beta_mean_db,-121.76282745546237
sub-021,SD,CloseEye,frontal_beta_sd_linear,5.512387350676285e-13
sub-021,SD,CloseEye,frontal_beta_cv_linear,
sub-021,SD,CloseEye,frontal_beta_n_epochs_used,124.0
sub-021,SD,CloseEye,global_theta_alpha_ratio_mean_linear,1.8895059857825247
sub-021,SD,CloseEye,global_theta_alpha_ratio_sd_linear,1.293001004922663
sub-021,SD,CloseEye,global_theta_alpha_ratio_cv_linear,0.6843063820129557
sub-021,SD,CloseEye,global_theta_alpha_ratio_n_epochs_used,124.0
sub-021,SD,OpenEye,n_epochs_total,89.0
sub-021,SD,OpenEye,global_theta_mean_linear,1.3232637496873747e-12
sub-021,SD,OpenEye,global_theta_mean_db,-118.78280715861368
sub-021,SD,OpenEye,global_theta_sd_linear,3.939671220110741e-13
sub-021,SD,OpenEye,global_theta_cv_linear,
sub-021,SD,OpenEye,global_theta_n_epochs_used,89.0
sub-021,SD,OpenEye,posterior_alpha_mean_linear,2.865845327280717e-12
sub-021,SD,OpenEye,posterior_alpha_mean_db,-115.42713604973471
sub-021,SD,OpenEye,posterior_alpha_sd_linear,4.907107867783458e-12
sub-021,SD,OpenEye,posterior_alpha_cv_linear,
sub-021,SD,OpenEye,posterior_alpha_n_epochs_used,89.0
sub-021,SD,OpenEye,frontal_theta_mean_linear,1.472284262921077e-12
sub-021,SD,OpenEye,frontal_theta_mean_db,-118.31942836223122
sub-021,SD,OpenEye,frontal_theta_sd_linear,8.267441488159939e-13
sub-021,SD,OpenEye,frontal_theta_cv_linear,
sub-021,SD,OpenEye,frontal_theta_n_epochs_used,89.0
sub-021,SD,OpenEye,frontocentral_theta_mean_linear,1.5486581401830659e-12
sub-021,SD,OpenEye,frontocentral_theta_mean_db,-118.0998217623562
sub-021,SD,OpenEye,frontocentral_theta_sd_linear,7.071176481610756e-13
sub-021,SD,OpenEye,frontocentral_theta_cv_linear,
sub-021,SD,OpenEye,frontocentral_theta_n_epochs_used,89.0
sub-021,SD,OpenEye,central_alpha_mean_linear,1.2227546352632502e-12
sub-021,SD,OpenEye,central_alpha_mean_db,-119.12581824158423
sub-021,SD,OpenEye,central_alpha_sd_linear,1.7814196617291219e-12
sub-021,SD,OpenEye,central_alpha_cv_linear,
sub-021,SD,OpenEye,central_alpha_n_epochs_used,89.0
sub-021,SD,OpenEye,frontal_beta_mean_linear,1.9105165870736844e-12
sub-021,SD,OpenEye,frontal_beta_mean_db,-117.18798715657124
sub-021,SD,OpenEye,frontal_beta_sd_linear,1.6186081025373206e-12
sub-021,SD,OpenEye,frontal_beta_cv_linear,
sub-021,SD,OpenEye,frontal_beta_n_epochs_used,89.0
sub-021,SD,OpenEye,global_theta_alpha_ratio_mean_linear,1.2207593484277353
sub-021,SD,OpenEye,global_theta_alpha_ratio_sd_linear,0.5863177157264823
sub-021,SD,OpenEye,global_theta_alpha_ratio_cv_linear,0.4802893514447579
sub-021,SD,OpenEye,global_theta_alpha_ratio_n_epochs_used,89.0
sub-021,SD,PVT,n_epochs_total,3.0
sub-021,SD,PVT,global_theta_mean_linear,1.7834716403144382e-12
sub-021,SD,PVT,global_theta_mean_db,-117.48679725280155
sub-021,SD,PVT,global_theta_sd_linear,6.191774308925672e-13
sub-021,SD,PVT,global_theta_cv_linear,
sub-021,SD,PVT,global_theta_n_epochs_used,3.0
sub-021,SD,PVT,posterior_alpha_mean_linear,1.267553667052784e-12
sub-021,SD,PVT,posterior_alpha_mean_db,-118.96957572799154
sub-021,SD,PVT,posterior_alpha_sd_linear,7.18531960224304e-13
sub-021,SD,PVT,posterior_alpha_cv_linear,
sub-021,SD,PVT,posterior_alpha_n_epochs_used,3.0
sub-021,SD,PVT,frontal_theta_mean_linear,1.7727084621504588e-12
sub-021,SD,PVT,frontal_theta_mean_db,-117.51308287029737
sub-021,SD,PVT,frontal_theta_sd_linear,2.47037470876718e-13
sub-021,SD,PVT,frontal_theta_cv_linear,
sub-021,SD,PVT,frontal_theta_n_epochs_used,3.0
sub-021,SD,PVT,frontocentral_theta_mean_linear,2.363927777261601e-12
sub-021,SD,PVT,frontocentral_theta_mean_db,-116.26325004631673
sub-021,SD,PVT,frontocentral_theta_sd_linear,6.984090803415245e-13
sub-021,SD,PVT,frontocentral_theta_cv_linear,
sub-021,SD,PVT,frontocentral_theta_n_epochs_used,3.0
sub-021,SD,PVT,central_alpha_mean_linear,8.295016274578053e-13
sub-021,SD,PVT,central_alpha_mean_db,-120.81066519286074
sub-021,SD,PVT,central_alpha_sd_linear,5.966203878387963e-13
sub-021,SD,PVT,central_alpha_cv_linear,
sub-021,SD,PVT,central_alpha_n_epochs_used,3.0
sub-021,SD,PVT,frontal_beta_mean_linear,1.0249553754601546e-12
sub-021,SD,PVT,frontal_beta_mean_db,-119.89200967888819
sub-021,SD,PVT,frontal_beta_sd_linear,9.173884803348195e-13
sub-021,SD,PVT,frontal_beta_cv_linear,
sub-021,SD,PVT,frontal_beta_n_epochs_used,3.0
sub-021,SD,PVT,global_theta_alpha_ratio_mean_linear,2.1967180968347106
sub-021,SD,PVT,global_theta_alpha_ratio_sd_linear,0.8620814948144946
sub-021,SD,PVT,global_theta_alpha_ratio_cv_linear,0.3924406577506157
sub-021,SD,PVT,global_theta_alpha_ratio_n_epochs_used,3.0
sub-022,RW,CloseEye,n_epochs_total,3.0
sub-022,RW,CloseEye,global_theta_mean_linear,1.985157443463073e-12
sub-022,RW,CloseEye,global_theta_mean_db,-117.02156469343225
sub-022,RW,CloseEye,global_theta_sd_linear,1.6613433931416268e-13
sub-022,RW,CloseEye,global_theta_cv_linear,
sub-022,RW,CloseEye,global_theta_n_epochs_used,3.0
sub-022,RW,CloseEye,posterior_alpha_mean_linear,2.5815697977252345e-11
sub-022,RW,CloseEye,posterior_alpha_mean_db,-105.8811239305348
sub-022,RW,CloseEye,posterior_alpha_sd_linear,1.2297507838907677e-11
sub-022,RW,CloseEye,posterior_alpha_cv_linear,
sub-022,RW,CloseEye,posterior_alpha_n_epochs_used,3.0
sub-022,RW,CloseEye,frontal_theta_mean_linear,8.012554732257073e-13
sub-022,RW,CloseEye,frontal_theta_mean_db,-120.96108655492044
sub-022,RW,CloseEye,frontal_theta_sd_linear,9.235982293921221e-14
sub-022,RW,CloseEye,frontal_theta_cv_linear,
sub-022,RW,CloseEye,frontal_theta_n_epochs_used,3.0
sub-022,RW,CloseEye,frontocentral_theta_mean_linear,9.815053720430695e-13
sub-022,RW,CloseEye,frontocentral_theta_mean_db,-120.0800908031776
sub-022,RW,CloseEye,frontocentral_theta_sd_linear,1.6533256101123454e-13
sub-022,RW,CloseEye,frontocentral_theta_cv_linear,
sub-022,RW,CloseEye,frontocentral_theta_n_epochs_used,3.0
sub-022,RW,CloseEye,central_alpha_mean_linear,2.9126896531790473e-12
sub-022,RW,CloseEye,central_alpha_mean_db,-115.35672680407147
sub-022,RW,CloseEye,central_alpha_sd_linear,1.322838503219248e-12
sub-022,RW,CloseEye,central_alpha_cv_linear,
sub-022,RW,CloseEye,central_alpha_n_epochs_used,3.0
sub-022,RW,CloseEye,frontal_beta_mean_linear,2.679298924019599e-13
sub-022,RW,CloseEye,frontal_beta_mean_db,-125.7161906154498
sub-022,RW,CloseEye,frontal_beta_sd_linear,2.097759319925803e-13
sub-022,RW,CloseEye,frontal_beta_cv_linear,
sub-022,RW,CloseEye,frontal_beta_n_epochs_used,3.0
sub-022,RW,CloseEye,global_theta_alpha_ratio_mean_linear,0.23244828314757174
sub-022,RW,CloseEye,global_theta_alpha_ratio_sd_linear,0.09324518667784805
sub-022,RW,CloseEye,global_theta_alpha_ratio_cv_linear,0.401143796010102
sub-022,RW,CloseEye,global_theta_alpha_ratio_n_epochs_used,3.0
sub-022,RW,OpenEye,n_epochs_total,1.0
sub-022,RW,OpenEye,global_theta_mean_linear,5.184330379761635e-13
sub-022,RW,OpenEye,global_theta_mean_db,-122.85121361861543
sub-022,RW,OpenEye,global_theta_sd_linear,
sub-022,RW,OpenEye,global_theta_cv_linear,
sub-022,RW,OpenEye,global_theta_n_epochs_used,1.0
sub-022,RW,OpenEye,posterior_alpha_mean_linear,4.504934080951892e-12
sub-022,RW,OpenEye,posterior_alpha_mean_db,-113.46290154009465
sub-022,RW,OpenEye,posterior_alpha_sd_linear,
sub-022,RW,OpenEye,posterior_alpha_cv_linear,
sub-022,RW,OpenEye,posterior_alpha_n_epochs_used,1.0
sub-022,RW,OpenEye,frontal_theta_mean_linear,6.002266377011908e-13
sub-022,RW,OpenEye,frontal_theta_mean_db,-122.215241039041
sub-022,RW,OpenEye,frontal_theta_sd_linear,
sub-022,RW,OpenEye,frontal_theta_cv_linear,
sub-022,RW,OpenEye,frontal_theta_n_epochs_used,1.0
sub-022,RW,OpenEye,frontocentral_theta_mean_linear,9.12604688749863e-13
sub-022,RW,OpenEye,frontocentral_theta_mean_db,-120.39611649507395
sub-022,RW,OpenEye,frontocentral_theta_sd_linear,
sub-022,RW,OpenEye,frontocentral_theta_cv_linear,
sub-022,RW,OpenEye,frontocentral_theta_n_epochs_used,1.0
sub-022,RW,OpenEye,central_alpha_mean_linear,2.2705904380770556e-12
sub-022,RW,OpenEye,central_alpha_mean_db,-116.4381872711837
sub-022,RW,OpenEye,central_alpha_sd_linear,
sub-022,RW,OpenEye,central_alpha_cv_linear,
sub-022,RW,OpenEye,central_alpha_n_epochs_used,1.0
sub-022,RW,OpenEye,frontal_beta_mean_linear,1.7916591399184441e-13
sub-022,RW,OpenEye,frontal_beta_mean_db,-127.46206712297996
sub-022,RW,OpenEye,frontal_beta_sd_linear,
sub-022,RW,OpenEye,frontal_beta_cv_linear,
sub-022,RW,OpenEye,frontal_beta_n_epochs_used,1.0
sub-022,RW,OpenEye,global_theta_alpha_ratio_mean_linear,0.19102923701397442
sub-022,RW,OpenEye,global_theta_alpha_ratio_sd_linear,
sub-022,RW,OpenEye,global_theta_alpha_ratio_cv_linear,
sub-022,RW,OpenEye,global_theta_alpha_ratio_n_epochs_used,1.0
sub-022,RW,PVT,n_epochs_total,1.0
sub-022,RW,PVT,global_theta_mean_linear,1.216571756301254e-12
sub-022,RW,PVT,global_theta_mean_db,-119.14783011511844
sub-022,RW,PVT,global_theta_sd_linear,
sub-022,RW,PVT,global_theta_cv_linear,
sub-022,RW,PVT,global_theta_n_epochs_used,1.0
sub-022,RW,PVT,posterior_alpha_mean_linear,6.022113595704416e-13
sub-022,RW,PVT,posterior_alpha_mean_db,-122.20090955056322
sub-022,RW,PVT,posterior_alpha_sd_linear,
sub-022,RW,PVT,posterior_alpha_cv_linear,
sub-022,RW,PVT,posterior_alpha_n_epochs_used,1.0
sub-022,RW,PVT,frontal_theta_mean_linear,7.543297123656443e-13
sub-022,RW,PVT,frontal_theta_mean_db,-121.22310965304175
sub-022,RW,PVT,frontal_theta_sd_linear,
sub-022,RW,PVT,frontal_theta_cv_linear,
sub-022,RW,PVT,frontal_theta_n_epochs_used,1.0
sub-022,RW,PVT,frontocentral_theta_mean_linear,6.515710975998538e-13
sub-022,RW,PVT,frontocentral_theta_mean_db,-121.85890213245361
sub-022,RW,PVT,frontocentral_theta_sd_linear,
sub-022,RW,PVT,frontocentral_theta_cv_linear,
sub-022,RW,PVT,frontocentral_theta_n_epochs_used,1.0
sub-022,RW,PVT,central_alpha_mean_linear,1.6039723551427913e-13
sub-022,RW,PVT,central_alpha_mean_db,-127.94202324892865
sub-022,RW,PVT,central_alpha_sd_linear,
sub-022,RW,PVT,central_alpha_cv_linear,
sub-022,RW,PVT,central_alpha_n_epochs_used,1.0
sub-022,RW,PVT,frontal_beta_mean_linear,1.4424320336319248e-13
sub-022,RW,PVT,frontal_beta_mean_db,-128.40236612636485
sub-022,RW,PVT,frontal_beta_sd_linear,
sub-022,RW,PVT,frontal_beta_cv_linear,
sub-022,RW,PVT,frontal_beta_n_epochs_used,1.0
sub-022,RW,PVT,global_theta_alpha_ratio_mean_linear,1.5281520156579351
sub-022,RW,PVT,global_theta_alpha_ratio_sd_linear,
sub-022,RW,PVT,global_theta_alpha_ratio_cv_linear,
sub-022,RW,PVT,global_theta_alpha_ratio_n_epochs_used,1.0
sub-022,SD,CloseEye,n_epochs_total,379.0
sub-022,SD,CloseEye,global_theta_mean_linear,1.422228093538212e-12
sub-022,SD,CloseEye,global_theta_mean_db,-118.46962948207988
sub-022,SD,CloseEye,global_theta_sd_linear,6.976697438028591e-13
sub-022,SD,CloseEye,global_theta_cv_linear,
sub-022,SD,CloseEye,global_theta_n_epochs_used,379.0
sub-022,SD,CloseEye,posterior_alpha_mean_linear,1.3157607441314489e-11
sub-022,SD,CloseEye,posterior_alpha_mean_db,-108.80815745982922
sub-022,SD,CloseEye,posterior_alpha_sd_linear,1.5318795546303575e-11
sub-022,SD,CloseEye,posterior_alpha_cv_linear,
sub-022,SD,CloseEye,posterior_alpha_n_epochs_used,379.0
sub-022,SD,CloseEye,frontal_theta_mean_linear,1.33025802070523e-12
sub-022,SD,CloseEye,frontal_theta_mean_db,-118.75991628133002
sub-022,SD,CloseEye,frontal_theta_sd_linear,7.924822795651769e-13
sub-022,SD,CloseEye,frontal_theta_cv_linear,
sub-022,SD,CloseEye,frontal_theta_n_epochs_used,379.0
sub-022,SD,CloseEye,frontocentral_theta_mean_linear,1.386421747350717e-12
sub-022,SD,CloseEye,frontocentral_theta_mean_db,-118.58035088354492
sub-022,SD,CloseEye,frontocentral_theta_sd_linear,7.980494850075639e-13
sub-022,SD,CloseEye,frontocentral_theta_cv_linear,
sub-022,SD,CloseEye,frontocentral_theta_n_epochs_used,379.0
sub-022,SD,CloseEye,central_alpha_mean_linear,3.4106670211053465e-12
sub-022,SD,CloseEye,central_alpha_mean_db,-114.67132405169951
sub-022,SD,CloseEye,central_alpha_sd_linear,3.2107021161013683e-12
sub-022,SD,CloseEye,central_alpha_cv_linear,
sub-022,SD,CloseEye,central_alpha_n_epochs_used,379.0
sub-022,SD,CloseEye,frontal_beta_mean_linear,1.6752295636245038e-13
sub-022,SD,CloseEye,frontal_beta_mean_db,-127.75350413541287
sub-022,SD,CloseEye,frontal_beta_sd_linear,1.2887572700087468e-13
sub-022,SD,CloseEye,frontal_beta_cv_linear,
sub-022,SD,CloseEye,frontal_beta_n_epochs_used,379.0
sub-022,SD,CloseEye,global_theta_alpha_ratio_mean_linear,1.2277547148375278
sub-022,SD,CloseEye,global_theta_alpha_ratio_sd_linear,1.637221879143661
sub-022,SD,CloseEye,global_theta_alpha_ratio_cv_linear,1.3335089324908997
sub-022,SD,CloseEye,global_theta_alpha_ratio_n_epochs_used,379.0
sub-022,SD,OpenEye,n_epochs_total,397.0
sub-022,SD,OpenEye,global_theta_mean_linear,8.840676397784066e-13
sub-022,SD,OpenEye,global_theta_mean_db,-120.53405441185848
sub-022,SD,OpenEye,global_theta_sd_linear,4.513847546266827e-13
sub-022,SD,OpenEye,global_theta_cv_linear,
sub-022,SD,OpenEye,global_theta_n_epochs_used,397.0
sub-022,SD,OpenEye,posterior_alpha_mean_linear,7.596829430482434e-12
sub-022,SD,OpenEye,posterior_alpha_mean_db,-111.19354930951162
sub-022,SD,OpenEye,posterior_alpha_sd_linear,8.197954187484203e-12
sub-022,SD,OpenEye,posterior_alpha_cv_linear,
sub-022,SD,OpenEye,posterior_alpha_n_epochs_used,397.0
sub-022,SD,OpenEye,frontal_theta_mean_linear,8.982063221772126e-13
sub-022,SD,OpenEye,frontal_theta_mean_db,-120.46516544210465
sub-022,SD,OpenEye,frontal_theta_sd_linear,4.595181848190811e-13
sub-022,SD,OpenEye,frontal_theta_cv_linear,
sub-022,SD,OpenEye,frontal_theta_n_epochs_used,397.0
sub-022,SD,OpenEye,frontocentral_theta_mean_linear,9.012774968657471e-13
sub-022,SD,OpenEye,frontocentral_theta_mean_db,-120.4503448983654
sub-022,SD,OpenEye,frontocentral_theta_sd_linear,4.2435188876197473e-13
sub-022,SD,OpenEye,frontocentral_theta_cv_linear,
sub-022,SD,OpenEye,frontocentral_theta_n_epochs_used,397.0
sub-022,SD,OpenEye,central_alpha_mean_linear,2.1488646399474352e-12
sub-022,SD,OpenEye,central_alpha_mean_db,-116.67746066656767
sub-022,SD,OpenEye,central_alpha_sd_linear,1.6707648889806204e-12
sub-022,SD,OpenEye,central_alpha_cv_linear,
sub-022,SD,OpenEye,central_alpha_n_epochs_used,397.0
sub-022,SD,OpenEye,frontal_beta_mean_linear,2.1999421681882132e-13
sub-022,SD,OpenEye,frontal_beta_mean_db,-126.57150614583858
sub-022,SD,OpenEye,frontal_beta_sd_linear,1.776919544711227e-13
sub-022,SD,OpenEye,frontal_beta_cv_linear,
sub-022,SD,OpenEye,frontal_beta_n_epochs_used,397.0
sub-022,SD,OpenEye,global_theta_alpha_ratio_mean_linear,0.5570328331271448
sub-022,SD,OpenEye,global_theta_alpha_ratio_sd_linear,0.596862992520706
sub-022,SD,OpenEye,global_theta_alpha_ratio_cv_linear,1.0715041502490206
sub-022,SD,OpenEye,global_theta_alpha_ratio_n_epochs_used,397.0
sub-022,SD,PVT,n_epochs_total,55.0
sub-022,SD,PVT,global_theta_mean_linear,1.4149651645548106e-12
sub-022,SD,PVT,global_theta_mean_db,-118.49186105350205
sub-022,SD,PVT,global_theta_sd_linear,9.273283985106061e-13
sub-022,SD,PVT,global_theta_cv_linear,
sub-022,SD,PVT,global_theta_n_epochs_used,55.0
sub-022,SD,PVT,posterior_alpha_mean_linear,3.3554754487546686e-12
sub-022,SD,PVT,posterior_alpha_mean_db,-114.74217196498319
sub-022,SD,PVT,posterior_alpha_sd_linear,6.862177198029269e-12
sub-022,SD,PVT,posterior_alpha_cv_linear,
sub-022,SD,PVT,posterior_alpha_n_epochs_used,55.0
sub-022,SD,PVT,frontal_theta_mean_linear,1.4210393792726068e-12
sub-022,SD,PVT,frontal_theta_mean_db,-118.47326031498908
sub-022,SD,PVT,frontal_theta_sd_linear,1.0829543102744603e-12
sub-022,SD,PVT,frontal_theta_cv_linear,
sub-022,SD,PVT,frontal_theta_n_epochs_used,55.0
sub-022,SD,PVT,frontocentral_theta_mean_linear,1.2226072477542899e-12
sub-022,SD,PVT,frontocentral_theta_mean_db,-119.1263416648046
sub-022,SD,PVT,frontocentral_theta_sd_linear,8.730731668026697e-13
sub-022,SD,PVT,frontocentral_theta_cv_linear,
sub-022,SD,PVT,frontocentral_theta_n_epochs_used,55.0
sub-022,SD,PVT,central_alpha_mean_linear,1.0160583028358072e-12
sub-022,SD,PVT,central_alpha_mean_db,-119.9298647261139
sub-022,SD,PVT,central_alpha_sd_linear,1.1154237848298316e-12
sub-022,SD,PVT,central_alpha_cv_linear,
sub-022,SD,PVT,central_alpha_n_epochs_used,55.0
sub-022,SD,PVT,frontal_beta_mean_linear,1.498376610167197e-13
sub-022,SD,PVT,frontal_beta_mean_db,-128.23735909858536
sub-022,SD,PVT,frontal_beta_sd_linear,1.1092564110618834e-13
sub-022,SD,PVT,frontal_beta_cv_linear,
sub-022,SD,PVT,frontal_beta_n_epochs_used,55.0
sub-022,SD,PVT,global_theta_alpha_ratio_mean_linear,1.5607901031963625
sub-022,SD,PVT,global_theta_alpha_ratio_sd_linear,1.1442614436940253
sub-022,SD,PVT,global_theta_alpha_ratio_cv_linear,0.733129612592159
sub-022,SD,PVT,global_theta_alpha_ratio_n_epochs_used,55.0
sub-023,RW,CloseEye,n_epochs_total,8.0
sub-023,RW,CloseEye,global_theta_mean_linear,2.350289204188297e-12
sub-023,RW,CloseEye,global_theta_mean_db,-116.28837666076608
sub-023,RW,CloseEye,global_theta_sd_linear,6.726058988054194e-13
sub-023,RW,CloseEye,global_theta_cv_linear,
sub-023,RW,CloseEye,global_theta_n_epochs_used,8.0
sub-023,RW,CloseEye,posterior_alpha_mean_linear,3.4560351856477176e-11
sub-023,RW,CloseEye,posterior_alpha_mean_db,-104.61419054387483
sub-023,RW,CloseEye,posterior_alpha_sd_linear,1.161646478902115e-11
sub-023,RW,CloseEye,posterior_alpha_cv_linear,
sub-023,RW,CloseEye,posterior_alpha_n_epochs_used,8.0
sub-023,RW,CloseEye,frontal_theta_mean_linear,2.3331455268040097e-12
sub-023,RW,CloseEye,frontal_theta_mean_db,-116.32016842149028
sub-023,RW,CloseEye,frontal_theta_sd_linear,9.500665720280724e-13
sub-023,RW,CloseEye,frontal_theta_cv_linear,
sub-023,RW,CloseEye,frontal_theta_n_epochs_used,8.0
sub-023,RW,CloseEye,frontocentral_theta_mean_linear,2.057731633994924e-12
sub-023,RW,CloseEye,frontocentral_theta_mean_db,-116.86564404770321
sub-023,RW,CloseEye,frontocentral_theta_sd_linear,1.0214579460454945e-12
sub-023,RW,CloseEye,frontocentral_theta_cv_linear,
sub-023,RW,CloseEye,frontocentral_theta_n_epochs_used,8.0
sub-023,RW,CloseEye,central_alpha_mean_linear,9.671645142116205e-12
sub-023,RW,CloseEye,central_alpha_mean_db,-110.14489675802182
sub-023,RW,CloseEye,central_alpha_sd_linear,3.647204018921683e-12
sub-023,RW,CloseEye,central_alpha_cv_linear,
sub-023,RW,CloseEye,central_alpha_n_epochs_used,8.0
sub-023,RW,CloseEye,frontal_beta_mean_linear,8.128287447090025e-13
sub-023,RW,CloseEye,frontal_beta_mean_db,-120.89882324233946
sub-023,RW,CloseEye,frontal_beta_sd_linear,1.9638106552814005e-13
sub-023,RW,CloseEye,frontal_beta_cv_linear,
sub-023,RW,CloseEye,frontal_beta_n_epochs_used,8.0
sub-023,RW,CloseEye,global_theta_alpha_ratio_mean_linear,0.15207542100816396
sub-023,RW,CloseEye,global_theta_alpha_ratio_sd_linear,0.1198999790787498
sub-023,RW,CloseEye,global_theta_alpha_ratio_cv_linear,0.7884244428447972
sub-023,RW,CloseEye,global_theta_alpha_ratio_n_epochs_used,8.0
sub-023,RW,OpenEye,n_epochs_total,1.0
sub-023,RW,OpenEye,global_theta_mean_linear,1.0304174429362277e-12
sub-023,RW,OpenEye,global_theta_mean_db,-119.86893222157597
sub-023,RW,OpenEye,global_theta_sd_linear,
sub-023,RW,OpenEye,global_theta_cv_linear,
sub-023,RW,OpenEye,global_theta_n_epochs_used,1.0
sub-023,RW,OpenEye,posterior_alpha_mean_linear,1.7464656640175968e-12
sub-023,RW,OpenEye,posterior_alpha_mean_db,-117.57784735856009
sub-023,RW,OpenEye,posterior_alpha_sd_linear,
sub-023,RW,OpenEye,posterior_alpha_cv_linear,
sub-023,RW,OpenEye,posterior_alpha_n_epochs_used,1.0
sub-023,RW,OpenEye,frontal_theta_mean_linear,1.0022470003549273e-12
sub-023,RW,OpenEye,frontal_theta_mean_db,-119.9892902899275
sub-023,RW,OpenEye,frontal_theta_sd_linear,
sub-023,RW,OpenEye,frontal_theta_cv_linear,
sub-023,RW,OpenEye,frontal_theta_n_epochs_used,1.0
sub-023,RW,OpenEye,frontocentral_theta_mean_linear,8.467040726043885e-13
sub-023,RW,OpenEye,frontocentral_theta_mean_db,-120.72154474306642
sub-023,RW,OpenEye,frontocentral_theta_sd_linear,
sub-023,RW,OpenEye,frontocentral_theta_cv_linear,
sub-023,RW,OpenEye,frontocentral_theta_n_epochs_used,1.0
sub-023,RW,OpenEye,central_alpha_mean_linear,7.756084360135193e-13
sub-023,RW,OpenEye,central_alpha_mean_db,-121.10233161956438
sub-023,RW,OpenEye,central_alpha_sd_linear,
sub-023,RW,OpenEye,central_alpha_cv_linear,
sub-023,RW,OpenEye,central_alpha_n_epochs_used,1.0
sub-023,RW,OpenEye,frontal_beta_mean_linear,1.7942909529130274e-12
sub-023,RW,OpenEye,frontal_beta_mean_db,-117.46053391758224
sub-023,RW,OpenEye,frontal_beta_sd_linear,
sub-023,RW,OpenEye,frontal_beta_cv_linear,
sub-023,RW,OpenEye,frontal_beta_n_epochs_used,1.0
sub-023,RW,OpenEye,global_theta_alpha_ratio_mean_linear,1.0753659903019526
sub-023,RW,OpenEye,global_theta_alpha_ratio_sd_linear,
sub-023,RW,OpenEye,global_theta_alpha_ratio_cv_linear,
sub-023,RW,OpenEye,global_theta_alpha_ratio_n_epochs_used,1.0
sub-023,RW,PVT,n_epochs_total,2.0
sub-023,RW,PVT,global_theta_mean_linear,2.083610130756767e-12
sub-023,RW,PVT,global_theta_mean_db,-116.8113726054009
sub-023,RW,PVT,global_theta_sd_linear,6.247224903578609e-14
sub-023,RW,PVT,global_theta_cv_linear,
sub-023,RW,PVT,global_theta_n_epochs_used,2.0
sub-023,RW,PVT,posterior_alpha_mean_linear,3.2625542637873266e-12
sub-023,RW,PVT,posterior_alpha_mean_db,-114.86412699844054
sub-023,RW,PVT,posterior_alpha_sd_linear,1.2867464713327104e-12
sub-023,RW,PVT,posterior_alpha_cv_linear,
sub-023,RW,PVT,posterior_alpha_n_epochs_used,2.0
sub-023,RW,PVT,frontal_theta_mean_linear,2.660322308276836e-12
sub-023,RW,PVT,frontal_theta_mean_db,-115.75029496727512
sub-023,RW,PVT,frontal_theta_sd_linear,1.3945812641109896e-12
sub-023,RW,PVT,frontal_theta_cv_linear,
sub-023,RW,PVT,frontal_theta_n_epochs_used,2.0
sub-023,RW,PVT,frontocentral_theta_mean_linear,2.3783346571148114e-12
sub-023,RW,PVT,frontocentral_theta_mean_db,-116.23686491101141
sub-023,RW,PVT,frontocentral_theta_sd_linear,9.827817663590308e-13
sub-023,RW,PVT,frontocentral_theta_cv_linear,
sub-023,RW,PVT,frontocentral_theta_n_epochs_used,2.0
sub-023,RW,PVT,central_alpha_mean_linear,9.943037467112673e-13
sub-023,RW,PVT,central_alpha_mean_db,-120.02383949712937
sub-023,RW,PVT,central_alpha_sd_linear,1.4357095850318538e-14
sub-023,RW,PVT,central_alpha_cv_linear,
sub-023,RW,PVT,central_alpha_n_epochs_used,2.0
sub-023,RW,PVT,frontal_beta_mean_linear,8.15808059642603e-13
sub-023,RW,PVT,frontal_beta_mean_db,-120.88293819349789
sub-023,RW,PVT,frontal_beta_sd_linear,3.653703912357029e-13
sub-023,RW,PVT,frontal_beta_cv_linear,
sub-023,RW,PVT,frontal_beta_n_epochs_used,2.0
sub-023,RW,PVT,global_theta_alpha_ratio_mean_linear,1.1470531122341232
sub-023,RW,PVT,global_theta_alpha_ratio_sd_linear,0.23533200124290676
sub-023,RW,PVT,global_theta_alpha_ratio_cv_linear,0.20516225337164115
sub-023,RW,PVT,global_theta_alpha_ratio_n_epochs_used,2.0
sub-023,SD,CloseEye,n_epochs_total,349.0
sub-023,SD,CloseEye,global_theta_mean_linear,2.7380836039498295e-12
sub-023,SD,CloseEye,global_theta_mean_db,-115.62518077724242
sub-023,SD,CloseEye,global_theta_sd_linear,2.2882489296376603e-12
sub-023,SD,CloseEye,global_theta_cv_linear,
sub-023,SD,CloseEye,global_theta_n_epochs_used,349.0
sub-023,SD,CloseEye,posterior_alpha_mean_linear,3.585242777687147e-12
sub-023,SD,CloseEye,posterior_alpha_mean_db,-114.45454534090831
sub-023,SD,CloseEye,posterior_alpha_sd_linear,8.789245268307407e-12
sub-023,SD,CloseEye,posterior_alpha_cv_linear,
sub-023,SD,CloseEye,posterior_alpha_n_epochs_used,349.0
sub-023,SD,CloseEye,frontal_theta_mean_linear,3.989279628283879e-12
sub-023,SD,CloseEye,frontal_theta_mean_db,-113.99081348481303
sub-023,SD,CloseEye,frontal_theta_sd_linear,3.970712888008507e-12
sub-023,SD,CloseEye,frontal_theta_cv_linear,
sub-023,SD,CloseEye,frontal_theta_n_epochs_used,349.0
sub-023,SD,CloseEye,frontocentral_theta_mean_linear,4.8127094373344585e-12
sub-023,SD,CloseEye,frontocentral_theta_mean_db,-113.17590321000274
sub-023,SD,CloseEye,frontocentral_theta_sd_linear,7.897977241933603e-12
sub-023,SD,CloseEye,frontocentral_theta_cv_linear,
sub-023,SD,CloseEye,frontocentral_theta_n_epochs_used,349.0
sub-023,SD,CloseEye,central_alpha_mean_linear,2.0880633120243148e-12
sub-023,SD,CloseEye,central_alpha_mean_db,-116.80210156847048
sub-023,SD,CloseEye,central_alpha_sd_linear,2.6269195997186653e-12
sub-023,SD,CloseEye,central_alpha_cv_linear,
sub-023,SD,CloseEye,central_alpha_n_epochs_used,349.0
sub-023,SD,CloseEye,frontal_beta_mean_linear,7.758406344667714e-13
sub-023,SD,CloseEye,frontal_beta_mean_db,-121.10103201324706
sub-023,SD,CloseEye,frontal_beta_sd_linear,6.306437953195081e-13
sub-023,SD,CloseEye,frontal_beta_cv_linear,
sub-023,SD,CloseEye,frontal_beta_n_epochs_used,349.0
sub-023,SD,CloseEye,global_theta_alpha_ratio_mean_linear,2.1376051151367554
sub-023,SD,CloseEye,global_theta_alpha_ratio_sd_linear,1.5330009696364977
sub-023,SD,CloseEye,global_theta_alpha_ratio_cv_linear,0.7171581686350998
sub-023,SD,CloseEye,global_theta_alpha_ratio_n_epochs_used,349.0
sub-023,SD,OpenEye,n_epochs_total,316.0
sub-023,SD,OpenEye,global_theta_mean_linear,1.5278005639724931e-12
sub-023,SD,OpenEye,global_theta_mean_db,-118.15870219904454
sub-023,SD,OpenEye,global_theta_sd_linear,1.0693257152920575e-12
sub-023,SD,OpenEye,global_theta_cv_linear,
sub-023,SD,OpenEye,global_theta_n_epochs_used,316.0
sub-023,SD,OpenEye,posterior_alpha_mean_linear,6.690719727323151e-12
sub-023,SD,OpenEye,posterior_alpha_mean_db,-111.74512749561664
sub-023,SD,OpenEye,posterior_alpha_sd_linear,1.0603889203651006e-11
sub-023,SD,OpenEye,posterior_alpha_cv_linear,
sub-023,SD,OpenEye,posterior_alpha_n_epochs_used,316.0
sub-023,SD,OpenEye,frontal_theta_mean_linear,2.4954686532741433e-12
sub-023,SD,OpenEye,frontal_theta_mean_db,-116.0280923971396
sub-023,SD,OpenEye,frontal_theta_sd_linear,1.9519748346380126e-12
sub-023,SD,OpenEye,frontal_theta_cv_linear,
sub-023,SD,OpenEye,frontal_theta_n_epochs_used,316.0
sub-023,SD,OpenEye,frontocentral_theta_mean_linear,1.702125563348142e-12
sub-023,SD,OpenEye,frontocentral_theta_mean_db,-117.68951755178637
sub-023,SD,OpenEye,frontocentral_theta_sd_linear,1.9776979713263063e-12
sub-023,SD,OpenEye,frontocentral_theta_cv_linear,
sub-023,SD,OpenEye,frontocentral_theta_n_epochs_used,316.0
sub-023,SD,OpenEye,central_alpha_mean_linear,2.9513608340066637e-12
sub-023,SD,OpenEye,central_alpha_mean_db,-115.29945017552618
sub-023,SD,OpenEye,central_alpha_sd_linear,3.7448046059766346e-12
sub-023,SD,OpenEye,central_alpha_cv_linear,
sub-023,SD,OpenEye,central_alpha_n_epochs_used,316.0
sub-023,SD,OpenEye,frontal_beta_mean_linear,9.905802603405187e-13
sub-023,SD,OpenEye,frontal_beta_mean_db,-120.04012991767345
sub-023,SD,OpenEye,frontal_beta_sd_linear,7.558152372096529e-13
sub-023,SD,OpenEye,frontal_beta_cv_linear,
sub-023,SD,OpenEye,frontal_beta_n_epochs_used,316.0
sub-023,SD,OpenEye,global_theta_alpha_ratio_mean_linear,0.8982926452023376
sub-023,SD,OpenEye,global_theta_alpha_ratio_sd_linear,0.824140838055103
sub-023,SD,OpenEye,global_theta_alpha_ratio_cv_linear,0.9174525055467504
sub-023,SD,OpenEye,global_theta_alpha_ratio_n_epochs_used,316.0
sub-023,SD,PVT,n_epochs_total,27.0
sub-023,SD,PVT,global_theta_mean_linear,1.610803750563971e-12
sub-023,SD,PVT,global_theta_mean_db,-117.92897505757179
sub-023,SD,PVT,global_theta_sd_linear,5.123397605619851e-13
sub-023,SD,PVT,global_theta_cv_linear,
sub-023,SD,PVT,global_theta_n_epochs_used,27.0
sub-023,SD,PVT,posterior_alpha_mean_linear,3.2832514796986817e-12
sub-023,SD,PVT,posterior_alpha_mean_db,-114.83666481217472
sub-023,SD,PVT,posterior_alpha_sd_linear,8.392466877744042e-12
sub-023,SD,PVT,posterior_alpha_cv_linear,
sub-023,SD,PVT,posterior_alpha_n_epochs_used,27.0
sub-023,SD,PVT,frontal_theta_mean_linear,2.0194494017425774e-12
sub-023,SD,PVT,frontal_theta_mean_db,-116.94719274436424
sub-023,SD,PVT,frontal_theta_sd_linear,8.646515442014209e-13
sub-023,SD,PVT,frontal_theta_cv_linear,
sub-023,SD,PVT,frontal_theta_n_epochs_used,27.0
sub-023,SD,PVT,frontocentral_theta_mean_linear,1.414385409680715e-12
sub-023,SD,PVT,frontocentral_theta_mean_db,-118.4936405772919
sub-023,SD,PVT,frontocentral_theta_sd_linear,9.145891248946697e-13
sub-023,SD,PVT,frontocentral_theta_cv_linear,
sub-023,SD,PVT,frontocentral_theta_n_epochs_used,27.0
sub-023,SD,PVT,central_alpha_mean_linear,2.067100622332898e-12
sub-023,SD,PVT,central_alpha_mean_db,-116.84591733564241
sub-023,SD,PVT,central_alpha_sd_linear,2.346310519765027e-12
sub-023,SD,PVT,central_alpha_cv_linear,
sub-023,SD,PVT,central_alpha_n_epochs_used,27.0
sub-023,SD,PVT,frontal_beta_mean_linear,1.018618019437151e-12
sub-023,SD,PVT,frontal_beta_mean_db,-119.91893985527926
sub-023,SD,PVT,frontal_beta_sd_linear,3.7258024226207485e-13
sub-023,SD,PVT,frontal_beta_cv_linear,
sub-023,SD,PVT,frontal_beta_n_epochs_used,27.0
sub-023,SD,PVT,global_theta_alpha_ratio_mean_linear,1.0678649521190577
sub-023,SD,PVT,global_theta_alpha_ratio_sd_linear,0.5984275758598258
sub-023,SD,PVT,global_theta_alpha_ratio_cv_linear,0.5603963072973914
sub-023,SD,PVT,global_theta_alpha_ratio_n_epochs_used,27.0
sub-024,RW,CloseEye,n_epochs_total,531.0
sub-024,RW,CloseEye,global_theta_mean_linear,1.845113987909946e-12
sub-024,RW,CloseEye,global_theta_mean_db,-117.33924538025953
sub-024,RW,CloseEye,global_theta_sd_linear,1.6907251810782674e-12
sub-024,RW,CloseEye,global_theta_cv_linear,
sub-024,RW,CloseEye,global_theta_n_epochs_used,531.0
sub-024,RW,CloseEye,posterior_alpha_mean_linear,1.0101754044812023e-12
sub-024,RW,CloseEye,posterior_alpha_mean_db,-119.95507758898903
sub-024,RW,CloseEye,posterior_alpha_sd_linear,1.3135769886471975e-12
sub-024,RW,CloseEye,posterior_alpha_cv_linear,
sub-024,RW,CloseEye,posterior_alpha_n_epochs_used,531.0
sub-024,RW,CloseEye,frontal_theta_mean_linear,1.615969869701353e-12
sub-024,RW,CloseEye,frontal_theta_mean_db,-117.91507070309272
sub-024,RW,CloseEye,frontal_theta_sd_linear,1.673861105591003e-12
sub-024,RW,CloseEye,frontal_theta_cv_linear,
sub-024,RW,CloseEye,frontal_theta_n_epochs_used,531.0
sub-024,RW,CloseEye,frontocentral_theta_mean_linear,1.8405593321474124e-12
sub-024,RW,CloseEye,frontocentral_theta_mean_db,-117.34997788089201
sub-024,RW,CloseEye,frontocentral_theta_sd_linear,2.1258143280440916e-12
sub-024,RW,CloseEye,frontocentral_theta_cv_linear,
sub-024,RW,CloseEye,frontocentral_theta_n_epochs_used,531.0
sub-024,RW,CloseEye,central_alpha_mean_linear,5.031191775066493e-13
sub-024,RW,CloseEye,central_alpha_mean_db,-122.98137500752298
sub-024,RW,CloseEye,central_alpha_sd_linear,4.933052598011112e-13
sub-024,RW,CloseEye,central_alpha_cv_linear,
sub-024,RW,CloseEye,central_alpha_n_epochs_used,531.0
sub-024,RW,CloseEye,frontal_beta_mean_linear,1.262318819254256e-13
sub-024,RW,CloseEye,frontal_beta_mean_db,-128.98067680799696
sub-024,RW,CloseEye,frontal_beta_sd_linear,1.074801422997734e-13
sub-024,RW,CloseEye,frontal_beta_cv_linear,
sub-024,RW,CloseEye,frontal_beta_n_epochs_used,531.0
sub-024,RW,CloseEye,global_theta_alpha_ratio_mean_linear,3.6106613603839985
sub-024,RW,CloseEye,global_theta_alpha_ratio_sd_linear,2.637954336406975
sub-024,RW,CloseEye,global_theta_alpha_ratio_cv_linear,0.7306014253650265
sub-024,RW,CloseEye,global_theta_alpha_ratio_n_epochs_used,531.0
sub-024,RW,OpenEye,n_epochs_total,377.0
sub-024,RW,OpenEye,global_theta_mean_linear,1.1289114935097595e-12
sub-024,RW,OpenEye,global_theta_mean_db,-119.47254692763443
sub-024,RW,OpenEye,global_theta_sd_linear,9.116146031400903e-13
sub-024,RW,OpenEye,global_theta_cv_linear,
sub-024,RW,OpenEye,global_theta_n_epochs_used,377.0
sub-024,RW,OpenEye,posterior_alpha_mean_linear,6.743102317472396e-13
sub-024,RW,OpenEye,posterior_alpha_mean_db,-121.7099726451503
sub-024,RW,OpenEye,posterior_alpha_sd_linear,3.689391399617115e-13
sub-024,RW,OpenEye,posterior_alpha_cv_linear,
sub-024,RW,OpenEye,posterior_alpha_n_epochs_used,377.0
sub-024,RW,OpenEye,frontal_theta_mean_linear,1.0143064204338763e-12
sub-024,RW,OpenEye,frontal_theta_mean_db,-119.93735763282334
sub-024,RW,OpenEye,frontal_theta_sd_linear,1.5938036820174954e-12
sub-024,RW,OpenEye,frontal_theta_cv_linear,
sub-024,RW,OpenEye,frontal_theta_n_epochs_used,377.0
sub-024,RW,OpenEye,frontocentral_theta_mean_linear,9.677908672838068e-13
sub-024,RW,OpenEye,frontocentral_theta_mean_db,-120.14118849794264
sub-024,RW,OpenEye,frontocentral_theta_sd_linear,1.6456801682791432e-12
sub-024,RW,OpenEye,frontocentral_theta_cv_linear,
sub-024,RW,OpenEye,frontocentral_theta_n_epochs_used,377.0
sub-024,RW,OpenEye,central_alpha_mean_linear,2.0487136480668211e-13
sub-024,RW,OpenEye,central_alpha_mean_db,-126.88048295273562
sub-024,RW,OpenEye,central_alpha_sd_linear,1.089469324799775e-13
sub-024,RW,OpenEye,central_alpha_cv_linear,
sub-024,RW,OpenEye,central_alpha_n_epochs_used,377.0
sub-024,RW,OpenEye,frontal_beta_mean_linear,2.711176593892093e-13
sub-024,RW,OpenEye,frontal_beta_mean_db,-125.66486653109263
sub-024,RW,OpenEye,frontal_beta_sd_linear,1.4371744258444464e-13
sub-024,RW,OpenEye,frontal_beta_cv_linear,
sub-024,RW,OpenEye,frontal_beta_n_epochs_used,377.0
sub-024,RW,OpenEye,global_theta_alpha_ratio_mean_linear,2.3507385912409324
sub-024,RW,OpenEye,global_theta_alpha_ratio_sd_linear,1.5387271449331372
sub-024,RW,OpenEye,global_theta_alpha_ratio_cv_linear,0.654571780404072
sub-024,RW,OpenEye,global_theta_alpha_ratio_n_epochs_used,377.0
sub-024,RW,PVT,n_epochs_total,41.0
sub-024,RW,PVT,global_theta_mean_linear,1.2150342116182333e-12
sub-024,RW,PVT,global_theta_mean_db,-119.1533213446967
sub-024,RW,PVT,global_theta_sd_linear,5.67358634796013e-13
sub-024,RW,PVT,global_theta_cv_linear,
sub-024,RW,PVT,global_theta_n_epochs_used,41.0
sub-024,RW,PVT,posterior_alpha_mean_linear,8.37748845559941e-13
sub-024,RW,PVT,posterior_alpha_mean_db,-120.76771067837923
sub-024,RW,PVT,posterior_alpha_sd_linear,4.523974593543894e-13
sub-024,RW,PVT,posterior_alpha_cv_linear,
sub-024,RW,PVT,posterior_alpha_n_epochs_used,41.0
sub-024,RW,PVT,frontal_theta_mean_linear,1.2796826355014324e-12
sub-024,RW,PVT,frontal_theta_mean_db,-118.92822372887511
sub-024,RW,PVT,frontal_theta_sd_linear,1.0806085616972238e-12
sub-024,RW,PVT,frontal_theta_cv_linear,
sub-024,RW,PVT,frontal_theta_n_epochs_used,41.0
sub-024,RW,PVT,frontocentral_theta_mean_linear,1.1169438905411969e-12
sub-024,RW,PVT,frontocentral_theta_mean_db,-119.51882315365964
sub-024,RW,PVT,frontocentral_theta_sd_linear,9.056357492213698e-13
sub-024,RW,PVT,frontocentral_theta_cv_linear,
sub-024,RW,PVT,frontocentral_theta_n_epochs_used,41.0
sub-024,RW,PVT,central_alpha_mean_linear,2.0665139063422935e-13
sub-024,RW,PVT,central_alpha_mean_db,-126.84295273808645
sub-024,RW,PVT,central_alpha_sd_linear,1.2513069466910135e-13
sub-024,RW,PVT,central_alpha_cv_linear,
sub-024,RW,PVT,central_alpha_n_epochs_used,41.0
sub-024,RW,PVT,frontal_beta_mean_linear,6.081374023138959e-13
sub-024,RW,PVT,frontal_beta_mean_db,-122.15839743610447
sub-024,RW,PVT,frontal_beta_sd_linear,3.1740211053801715e-13
sub-024,RW,PVT,frontal_beta_cv_linear,
sub-024,RW,PVT,frontal_beta_n_epochs_used,41.0
sub-024,RW,PVT,global_theta_alpha_ratio_mean_linear,2.515282110159169
sub-024,RW,PVT,global_theta_alpha_ratio_sd_linear,1.1958536328749476
sub-024,RW,PVT,global_theta_alpha_ratio_cv_linear,0.4754351919591529
sub-024,RW,PVT,global_theta_alpha_ratio_n_epochs_used,41.0
sub-024,SD,CloseEye,n_epochs_total,320.0
sub-024,SD,CloseEye,global_theta_mean_linear,3.2549079224108584e-12
sub-024,SD,CloseEye,global_theta_mean_db,-114.87431666748337
sub-024,SD,CloseEye,global_theta_sd_linear,3.0337808546622566e-12
sub-024,SD,CloseEye,global_theta_cv_linear,
sub-024,SD,CloseEye,global_theta_n_epochs_used,320.0
sub-024,SD,CloseEye,posterior_alpha_mean_linear,1.0503022241660902e-12
sub-024,SD,CloseEye,posterior_alpha_mean_db,-119.78593910253183
sub-024,SD,CloseEye,posterior_alpha_sd_linear,7.77374747669755e-13
sub-024,SD,CloseEye,posterior_alpha_cv_linear,
sub-024,SD,CloseEye,posterior_alpha_n_epochs_used,320.0
sub-024,SD,CloseEye,frontal_theta_mean_linear,3.3418102704260483e-12
sub-024,SD,CloseEye,frontal_theta_mean_db,-114.7598935510936
sub-024,SD,CloseEye,frontal_theta_sd_linear,6.0324469763353834e-12
sub-024,SD,CloseEye,frontal_theta_cv_linear,
sub-024,SD,CloseEye,frontal_theta_n_epochs_used,320.0
sub-024,SD,CloseEye,frontocentral_theta_mean_linear,3.462760050461415e-12
sub-024,SD,CloseEye,frontocentral_theta_mean_db,-114.60549753912275
sub-024,SD,CloseEye,frontocentral_theta_sd_linear,4.866777578895998e-12
sub-024,SD,CloseEye,frontocentral_theta_cv_linear,
sub-024,SD,CloseEye,frontocentral_theta_n_epochs_used,320.0
sub-024,SD,CloseEye,central_alpha_mean_linear,7.876611200958899e-13
sub-024,SD,CloseEye,central_alpha_mean_db,-121.03538179322285
sub-024,SD,CloseEye,central_alpha_sd_linear,7.973454556229105e-13
sub-024,SD,CloseEye,central_alpha_cv_linear,
sub-024,SD,CloseEye,central_alpha_n_epochs_used,320.0
sub-024,SD,CloseEye,frontal_beta_mean_linear,1.3112800725133705e-13
sub-024,SD,CloseEye,frontal_beta_mean_db,-128.81569751420858
sub-024,SD,CloseEye,frontal_beta_sd_linear,8.760533171922408e-14
sub-024,SD,CloseEye,frontal_beta_cv_linear,
sub-024,SD,CloseEye,frontal_beta_n_epochs_used,320.0
sub-024,SD,CloseEye,global_theta_alpha_ratio_mean_linear,4.242478260996567
sub-024,SD,CloseEye,global_theta_alpha_ratio_sd_linear,2.5053833651576345
sub-024,SD,CloseEye,global_theta_alpha_ratio_cv_linear,0.5905471309519721
sub-024,SD,CloseEye,global_theta_alpha_ratio_n_epochs_used,320.0
sub-024,SD,OpenEye,n_epochs_total,53.0
sub-024,SD,OpenEye,global_theta_mean_linear,2.8522987503650673e-12
sub-024,SD,OpenEye,global_theta_mean_db,-115.44771180877214
sub-024,SD,OpenEye,global_theta_sd_linear,2.0468762718263917e-12
sub-024,SD,OpenEye,global_theta_cv_linear,
sub-024,SD,OpenEye,global_theta_n_epochs_used,53.0
sub-024,SD,OpenEye,posterior_alpha_mean_linear,1.3846035535326665e-12
sub-024,SD,OpenEye,posterior_alpha_mean_db,-118.58604917238992
sub-024,SD,OpenEye,posterior_alpha_sd_linear,9.855824463897604e-13
sub-024,SD,OpenEye,posterior_alpha_cv_linear,
sub-024,SD,OpenEye,posterior_alpha_n_epochs_used,53.0
sub-024,SD,OpenEye,frontal_theta_mean_linear,2.026606594375902e-12
sub-024,SD,OpenEye,frontal_theta_mean_db,-116.93182967780089
sub-024,SD,OpenEye,frontal_theta_sd_linear,1.8162469212866498e-12
sub-024,SD,OpenEye,frontal_theta_cv_linear,
sub-024,SD,OpenEye,frontal_theta_n_epochs_used,53.0
sub-024,SD,OpenEye,frontocentral_theta_mean_linear,2.33714381526177e-12
sub-024,SD,OpenEye,frontocentral_theta_mean_db,-116.31273303660285
sub-024,SD,OpenEye,frontocentral_theta_sd_linear,2.33759812027789e-12
sub-024,SD,OpenEye,frontocentral_theta_cv_linear,
sub-024,SD,OpenEye,frontocentral_theta_n_epochs_used,53.0
sub-024,SD,OpenEye,central_alpha_mean_linear,9.796089580987815e-13
sub-024,SD,OpenEye,central_alpha_mean_db,-120.08848823207785
sub-024,SD,OpenEye,central_alpha_sd_linear,1.0872755834573259e-12
sub-024,SD,OpenEye,central_alpha_cv_linear,
sub-024,SD,OpenEye,central_alpha_n_epochs_used,53.0
sub-024,SD,OpenEye,frontal_beta_mean_linear,1.3484484552839412e-13
sub-024,SD,OpenEye,frontal_beta_mean_db,-128.69451099495484
sub-024,SD,OpenEye,frontal_beta_sd_linear,7.936930066265377e-14
sub-024,SD,OpenEye,frontal_beta_cv_linear,
sub-024,SD,OpenEye,frontal_beta_n_epochs_used,53.0
sub-024,SD,OpenEye,global_theta_alpha_ratio_mean_linear,3.1171775247475226
sub-024,SD,OpenEye,global_theta_alpha_ratio_sd_linear,1.4806963792648253
sub-024,SD,OpenEye,global_theta_alpha_ratio_cv_linear,0.47501188735946476
sub-024,SD,OpenEye,global_theta_alpha_ratio_n_epochs_used,53.0
sub-024,SD,PVT,n_epochs_total,1.0
sub-024,SD,PVT,global_theta_mean_linear,9.065598085699685e-13
sub-024,SD,PVT,global_theta_mean_db,-120.424971797066
sub-024,SD,PVT,global_theta_sd_linear,
sub-024,SD,PVT,global_theta_cv_linear,
sub-024,SD,PVT,global_theta_n_epochs_used,1.0
sub-024,SD,PVT,posterior_alpha_mean_linear,4.584167737029159e-13
sub-024,SD,PVT,posterior_alpha_mean_db,-123.38529190200425
sub-024,SD,PVT,posterior_alpha_sd_linear,
sub-024,SD,PVT,posterior_alpha_cv_linear,
sub-024,SD,PVT,posterior_alpha_n_epochs_used,1.0
sub-024,SD,PVT,frontal_theta_mean_linear,6.005590146540717e-13
sub-024,SD,PVT,frontal_theta_mean_db,-122.21283767729865
sub-024,SD,PVT,frontal_theta_sd_linear,
sub-024,SD,PVT,frontal_theta_cv_linear,
sub-024,SD,PVT,frontal_theta_n_epochs_used,1.0
sub-024,SD,PVT,frontocentral_theta_mean_linear,3.719282050642908e-13
sub-024,SD,PVT,frontocentral_theta_mean_db,-124.29281685311297
sub-024,SD,PVT,frontocentral_theta_sd_linear,
sub-024,SD,PVT,frontocentral_theta_cv_linear,
sub-024,SD,PVT,frontocentral_theta_n_epochs_used,1.0
sub-024,SD,PVT,central_alpha_mean_linear,9.825454555869693e-14
sub-024,SD,PVT,central_alpha_mean_db,-130.06666997635242
sub-024,SD,PVT,central_alpha_sd_linear,
sub-024,SD,PVT,central_alpha_cv_linear,
sub-024,SD,PVT,central_alpha_n_epochs_used,1.0
sub-024,SD,PVT,frontal_beta_mean_linear,2.6258016723721073e-14
sub-024,SD,PVT,frontal_beta_mean_db,-135.77081013391637
sub-024,SD,PVT,frontal_beta_sd_linear,
sub-024,SD,PVT,frontal_beta_cv_linear,
sub-024,SD,PVT,frontal_beta_n_epochs_used,1.0
sub-024,SD,PVT,global_theta_alpha_ratio_mean_linear,3.9262534346447833
sub-024,SD,PVT,global_theta_alpha_ratio_sd_linear,
sub-024,SD,PVT,global_theta_alpha_ratio_cv_linear,
sub-024,SD,PVT,global_theta_alpha_ratio_n_epochs_used,1.0
sub-025,RW,CloseEye,n_epochs_total,329.0
sub-025,RW,CloseEye,global_theta_mean_linear,1.1709019703899325e-12
sub-025,RW,CloseEye,global_theta_mean_db,-119.31397113316906
sub-025,RW,CloseEye,global_theta_sd_linear,6.012256503675209e-13
sub-025,RW,CloseEye,global_theta_cv_linear,
sub-025,RW,CloseEye,global_theta_n_epochs_used,329.0
sub-025,RW,CloseEye,posterior_alpha_mean_linear,1.6863410412205254e-12
sub-025,RW,CloseEye,posterior_alpha_mean_db,-117.72997409403054
sub-025,RW,CloseEye,posterior_alpha_sd_linear,3.1215162015788758e-12
sub-025,RW,CloseEye,posterior_alpha_cv_linear,
sub-025,RW,CloseEye,posterior_alpha_n_epochs_used,329.0
sub-025,RW,CloseEye,frontal_theta_mean_linear,1.1415513769349163e-12
sub-025,RW,CloseEye,frontal_theta_mean_db,-119.42420070816928
sub-025,RW,CloseEye,frontal_theta_sd_linear,6.044830449854458e-13
sub-025,RW,CloseEye,frontal_theta_cv_linear,
sub-025,RW,CloseEye,frontal_theta_n_epochs_used,329.0
sub-025,RW,CloseEye,frontocentral_theta_mean_linear,1.268314207611604e-12
sub-025,RW,CloseEye,frontocentral_theta_mean_db,-118.96697117001473
sub-025,RW,CloseEye,frontocentral_theta_sd_linear,8.170333418247548e-13
sub-025,RW,CloseEye,frontocentral_theta_cv_linear,
sub-025,RW,CloseEye,frontocentral_theta_n_epochs_used,329.0
sub-025,RW,CloseEye,central_alpha_mean_linear,1.18282991188214e-12
sub-025,RW,CloseEye,central_alpha_mean_db,-119.26996181897734
sub-025,RW,CloseEye,central_alpha_sd_linear,1.1655126345641575e-12
sub-025,RW,CloseEye,central_alpha_cv_linear,
sub-025,RW,CloseEye,central_alpha_n_epochs_used,329.0
sub-025,RW,CloseEye,frontal_beta_mean_linear,4.67849452343782e-13
sub-025,RW,CloseEye,frontal_beta_mean_db,-123.29687804279062
sub-025,RW,CloseEye,frontal_beta_sd_linear,2.859145036333715e-13
sub-025,RW,CloseEye,frontal_beta_cv_linear,
sub-025,RW,CloseEye,frontal_beta_n_epochs_used,329.0
sub-025,RW,CloseEye,global_theta_alpha_ratio_mean_linear,1.6552596509211726
sub-025,RW,CloseEye,global_theta_alpha_ratio_sd_linear,1.017124727619564
sub-025,RW,CloseEye,global_theta_alpha_ratio_cv_linear,0.6144804696070018
sub-025,RW,CloseEye,global_theta_alpha_ratio_n_epochs_used,329.0
sub-025,RW,OpenEye,n_epochs_total,602.0
sub-025,RW,OpenEye,global_theta_mean_linear,9.562664968715374e-13
sub-025,RW,OpenEye,global_theta_mean_db,-120.19320228358433
sub-025,RW,OpenEye,global_theta_sd_linear,5.018986360648111e-13
sub-025,RW,OpenEye,global_theta_cv_linear,
sub-025,RW,OpenEye,global_theta_n_epochs_used,602.0
sub-025,RW,OpenEye,posterior_alpha_mean_linear,1.8065790225986947e-12
sub-025,RW,OpenEye,posterior_alpha_mean_db,-117.43089661590548
sub-025,RW,OpenEye,posterior_alpha_sd_linear,3.5949806790389574e-12
sub-025,RW,OpenEye,posterior_alpha_cv_linear,
sub-025,RW,OpenEye,posterior_alpha_n_epochs_used,602.0
sub-025,RW,OpenEye,frontal_theta_mean_linear,9.887975040590772e-13
sub-025,RW,OpenEye,frontal_theta_mean_db,-120.04795124183406
sub-025,RW,OpenEye,frontal_theta_sd_linear,4.761415123671586e-13
sub-025,RW,OpenEye,frontal_theta_cv_linear,
sub-025,RW,OpenEye,frontal_theta_n_epochs_used,602.0
sub-025,RW,OpenEye,frontocentral_theta_mean_linear,1.0903895676136309e-12
sub-025,RW,OpenEye,frontocentral_theta_mean_db,-119.62329882501395
sub-025,RW,OpenEye,frontocentral_theta_sd_linear,5.362940058948592e-13
sub-025,RW,OpenEye,frontocentral_theta_cv_linear,
sub-025,RW,OpenEye,frontocentral_theta_n_epochs_used,602.0
sub-025,RW,OpenEye,central_alpha_mean_linear,1.036223333929085e-12
sub-025,RW,OpenEye,central_alpha_mean_db,-119.84453580619171
sub-025,RW,OpenEye,central_alpha_sd_linear,9.822151003708492e-13
sub-025,RW,OpenEye,central_alpha_cv_linear,
sub-025,RW,OpenEye,central_alpha_n_epochs_used,602.0
sub-025,RW,OpenEye,frontal_beta_mean_linear,9.088945982645394e-13
sub-025,RW,OpenEye,frontal_beta_mean_db,-120.41380391690393
sub-025,RW,OpenEye,frontal_beta_sd_linear,9.273781543136907e-13
sub-025,RW,OpenEye,frontal_beta_cv_linear,
sub-025,RW,OpenEye,frontal_beta_n_epochs_used,602.0
sub-025,RW,OpenEye,global_theta_alpha_ratio_mean_linear,1.1986494639924612
sub-025,RW,OpenEye,global_theta_alpha_ratio_sd_linear,0.7784386452446316
sub-025,RW,OpenEye,global_theta_alpha_ratio_cv_linear,0.6494297696107153
sub-025,RW,OpenEye,global_theta_alpha_ratio_n_epochs_used,602.0
sub-025,RW,PVT,n_epochs_total,30.0
sub-025,RW,PVT,global_theta_mean_linear,1.1187292734273673e-12
sub-025,RW,PVT,global_theta_mean_db,-119.51188807814682
sub-025,RW,PVT,global_theta_sd_linear,6.776854344117575e-13
sub-025,RW,PVT,global_theta_cv_linear,
sub-025,RW,PVT,global_theta_n_epochs_used,30.0
sub-025,RW,PVT,posterior_alpha_mean_linear,8.078479646724519e-13
sub-025,RW,PVT,posterior_alpha_mean_db,-120.92551011347054
sub-025,RW,PVT,posterior_alpha_sd_linear,3.6124531331131133e-13
sub-025,RW,PVT,posterior_alpha_cv_linear,
sub-025,RW,PVT,posterior_alpha_n_epochs_used,30.0
sub-025,RW,PVT,frontal_theta_mean_linear,9.77006509442728e-13
sub-025,RW,PVT,frontal_theta_mean_db,-120.10003851682066
sub-025,RW,PVT,frontal_theta_sd_linear,5.393767544360903e-13
sub-025,RW,PVT,frontal_theta_cv_linear,
sub-025,RW,PVT,frontal_theta_n_epochs_used,30.0
sub-025,RW,PVT,frontocentral_theta_mean_linear,9.792972595647911e-13
sub-025,RW,PVT,frontocentral_theta_mean_db,-120.0898700059648
sub-025,RW,PVT,frontocentral_theta_sd_linear,3.750430176536944e-13
sub-025,RW,PVT,frontocentral_theta_cv_linear,
sub-025,RW,PVT,frontocentral_theta_n_epochs_used,30.0
sub-025,RW,PVT,central_alpha_mean_linear,6.721232890574977e-13
sub-025,RW,PVT,central_alpha_mean_db,-121.72407604949841
sub-025,RW,PVT,central_alpha_sd_linear,3.937178146563291e-13
sub-025,RW,PVT,central_alpha_cv_linear,
sub-025,RW,PVT,central_alpha_n_epochs_used,30.0
sub-025,RW,PVT,frontal_beta_mean_linear,4.240398480232555e-13
sub-025,RW,PVT,frontal_beta_mean_db,-123.72365974984587
sub-025,RW,PVT,frontal_beta_sd_linear,1.876370589099847e-13
sub-025,RW,PVT,frontal_beta_cv_linear,
sub-025,RW,PVT,frontal_beta_n_epochs_used,30.0
sub-025,RW,PVT,global_theta_alpha_ratio_mean_linear,1.6831759933212571
sub-025,RW,PVT,global_theta_alpha_ratio_sd_linear,0.679994954658881
sub-025,RW,PVT,global_theta_alpha_ratio_cv_linear,0.40399515995775886
sub-025,RW,PVT,global_theta_alpha_ratio_n_epochs_used,30.0
sub-025,SD,CloseEye,n_epochs_total,317.0
sub-025,SD,CloseEye,global_theta_mean_linear,3.0677607741689047e-12
sub-025,SD,CloseEye,global_theta_mean_db,-115.13147076839292
sub-025,SD,CloseEye,global_theta_sd_linear,2.928179951663178e-12
sub-025,SD,CloseEye,global_theta_cv_linear,
sub-025,SD,CloseEye,global_theta_n_epochs_used,317.0
sub-025,SD,CloseEye,posterior_alpha_mean_linear,2.1366738086936644e-12
sub-025,SD,CloseEye,posterior_alpha_mean_db,-116.70216643694572
sub-025,SD,CloseEye,posterior_alpha_sd_linear,2.2645051400304392e-12
sub-025,SD,CloseEye,posterior_alpha_cv_linear,
sub-025,SD,CloseEye,posterior_alpha_n_epochs_used,317.0
sub-025,SD,CloseEye,frontal_theta_mean_linear,2.3130450773893707e-12
sub-025,SD,CloseEye,frontal_theta_mean_db,-116.35774214652719
sub-025,SD,CloseEye,frontal_theta_sd_linear,1.7870302887385235e-12
sub-025,SD,CloseEye,frontal_theta_cv_linear,
sub-025,SD,CloseEye,frontal_theta_n_epochs_used,317.0
sub-025,SD,CloseEye,frontocentral_theta_mean_linear,2.972274642177934e-12
sub-025,SD,CloseEye,frontocentral_theta_mean_db,-115.268786207842
sub-025,SD,CloseEye,frontocentral_theta_sd_linear,3.675130742530512e-12
sub-025,SD,CloseEye,frontocentral_theta_cv_linear,
sub-025,SD,CloseEye,frontocentral_theta_n_epochs_used,317.0
sub-025,SD,CloseEye,central_alpha_mean_linear,1.7844877622907644e-12
sub-025,SD,CloseEye,central_alpha_mean_db,-117.48432389921248
sub-025,SD,CloseEye,central_alpha_sd_linear,2.6318744158440823e-12
sub-025,SD,CloseEye,central_alpha_cv_linear,
sub-025,SD,CloseEye,central_alpha_n_epochs_used,317.0
sub-025,SD,CloseEye,frontal_beta_mean_linear,4.922147796523932e-13
sub-025,SD,CloseEye,frontal_beta_mean_db,-123.07649478133534
sub-025,SD,CloseEye,frontal_beta_sd_linear,4.0823887870463106e-13
sub-025,SD,CloseEye,frontal_beta_cv_linear,
sub-025,SD,CloseEye,frontal_beta_n_epochs_used,317.0
sub-025,SD,CloseEye,global_theta_alpha_ratio_mean_linear,2.2540664176728344
sub-025,SD,CloseEye,global_theta_alpha_ratio_sd_linear,1.025865257063687
sub-025,SD,CloseEye,global_theta_alpha_ratio_cv_linear,0.4551175817271706
sub-025,SD,CloseEye,global_theta_alpha_ratio_n_epochs_used,317.0
sub-025,SD,OpenEye,n_epochs_total,156.0
sub-025,SD,OpenEye,global_theta_mean_linear,2.561959360533281e-12
sub-025,SD,OpenEye,global_theta_mean_db,-115.9139012499669
sub-025,SD,OpenEye,global_theta_sd_linear,1.8168167921008782e-12
sub-025,SD,OpenEye,global_theta_cv_linear,
sub-025,SD,OpenEye,global_theta_n_epochs_used,156.0
sub-025,SD,OpenEye,posterior_alpha_mean_linear,1.9863970615198354e-12
sub-025,SD,OpenEye,posterior_alpha_mean_db,-117.01885392057355
sub-025,SD,OpenEye,posterior_alpha_sd_linear,2.079441568021362e-12
sub-025,SD,OpenEye,posterior_alpha_cv_linear,
sub-025,SD,OpenEye,posterior_alpha_n_epochs_used,156.0
sub-025,SD,OpenEye,frontal_theta_mean_linear,2.3755738246624715e-12
sub-025,SD,OpenEye,frontal_theta_mean_db,-116.24190877099606
sub-025,SD,OpenEye,frontal_theta_sd_linear,2.217727969260187e-12
sub-025,SD,OpenEye,frontal_theta_cv_linear,
sub-025,SD,OpenEye,frontal_theta_n_epochs_used,156.0
sub-025,SD,OpenEye,frontocentral_theta_mean_linear,2.7740320900147818e-12
sub-025,SD,OpenEye,frontocentral_theta_mean_db,-115.56853758040069
sub-025,SD,OpenEye,frontocentral_theta_sd_linear,3.038869018440387e-12
sub-025,SD,OpenEye,frontocentral_theta_cv_linear,
sub-025,SD,OpenEye,frontocentral_theta_n_epochs_used,156.0
sub-025,SD,OpenEye,central_alpha_mean_linear,1.378093668883361e-12
sub-025,SD,OpenEye,central_alpha_mean_db,-118.60651292645161
sub-025,SD,OpenEye,central_alpha_sd_linear,1.4308058999983999e-12
sub-025,SD,OpenEye,central_alpha_cv_linear,
sub-025,SD,OpenEye,central_alpha_n_epochs_used,156.0
sub-025,SD,OpenEye,frontal_beta_mean_linear,5.79247607818285e-13
sub-025,SD,OpenEye,frontal_beta_mean_db,-122.36969303669764
sub-025,SD,OpenEye,frontal_beta_sd_linear,5.021429325004109e-13
sub-025,SD,OpenEye,frontal_beta_cv_linear,
sub-025,SD,OpenEye,frontal_beta_n_epochs_used,156.0
sub-025,SD,OpenEye,global_theta_alpha_ratio_mean_linear,2.2153650120285096
sub-025,SD,OpenEye,global_theta_alpha_ratio_sd_linear,0.9657618312806899
sub-025,SD,OpenEye,global_theta_alpha_ratio_cv_linear,0.435938017454011
sub-025,SD,OpenEye,global_theta_alpha_ratio_n_epochs_used,156.0
sub-025,SD,PVT,n_epochs_total,30.0
sub-025,SD,PVT,global_theta_mean_linear,1.6273659679906325e-12
sub-025,SD,PVT,global_theta_mean_db,-117.88455517444197
sub-025,SD,PVT,global_theta_sd_linear,7.106091960733242e-13
sub-025,SD,PVT,global_theta_cv_linear,
sub-025,SD,PVT,global_theta_n_epochs_used,30.0
sub-025,SD,PVT,posterior_alpha_mean_linear,1.6287977285394489e-12
sub-025,SD,PVT,posterior_alpha_mean_db,-117.88073644165785
sub-025,SD,PVT,posterior_alpha_sd_linear,1.3951907792010327e-12
sub-025,SD,PVT,posterior_alpha_cv_linear,
sub-025,SD,PVT,posterior_alpha_n_epochs_used,30.0
sub-025,SD,PVT,frontal_theta_mean_linear,1.5778786813425228e-12
sub-025,SD,PVT,frontal_theta_mean_db,-118.01865280387005
sub-025,SD,PVT,frontal_theta_sd_linear,1.1354915956347223e-12
sub-025,SD,PVT,frontal_theta_cv_linear,
sub-025,SD,PVT,frontal_theta_n_epochs_used,30.0
sub-025,SD,PVT,frontocentral_theta_mean_linear,1.5350596595898568e-12
sub-025,SD,PVT,frontocentral_theta_mean_db,-118.13811925494612
sub-025,SD,PVT,frontocentral_theta_sd_linear,9.455444392719852e-13
sub-025,SD,PVT,frontocentral_theta_cv_linear,
sub-025,SD,PVT,frontocentral_theta_n_epochs_used,30.0
sub-025,SD,PVT,central_alpha_mean_linear,9.58552673789545e-13
sub-025,SD,PVT,central_alpha_mean_db,-120.18283426251372
sub-025,SD,PVT,central_alpha_sd_linear,8.319933698879058e-13
sub-025,SD,PVT,central_alpha_cv_linear,
sub-025,SD,PVT,central_alpha_n_epochs_used,30.0
sub-025,SD,PVT,frontal_beta_mean_linear,7.887949305407371e-13
sub-025,SD,PVT,frontal_beta_mean_db,-121.02913653149534
sub-025,SD,PVT,frontal_beta_sd_linear,4.820047024829514e-13
sub-025,SD,PVT,frontal_beta_cv_linear,
sub-025,SD,PVT,frontal_beta_n_epochs_used,30.0
sub-025,SD,PVT,global_theta_alpha_ratio_mean_linear,1.707101419297429
sub-025,SD,PVT,global_theta_alpha_ratio_sd_linear,0.7483927116961199
sub-025,SD,PVT,global_theta_alpha_ratio_cv_linear,0.43839967750956865
sub-025,SD,PVT,global_theta_alpha_ratio_n_epochs_used,30.0
sub-026,RW,CloseEye,n_epochs_total,234.0
sub-026,RW,CloseEye,global_theta_mean_linear,6.763226904914559e-13
sub-026,RW,CloseEye,global_theta_mean_db,-121.69703481308537
sub-026,RW,CloseEye,global_theta_sd_linear,3.1641644330606775e-13
sub-026,RW,CloseEye,global_theta_cv_linear,
sub-026,RW,CloseEye,global_theta_n_epochs_used,234.0
sub-026,RW,CloseEye,posterior_alpha_mean_linear,5.970149430769468e-12
sub-026,RW,CloseEye,posterior_alpha_mean_db,-112.23998646310127
sub-026,RW,CloseEye,posterior_alpha_sd_linear,3.590106234250038e-12
sub-026,RW,CloseEye,posterior_alpha_cv_linear,
sub-026,RW,CloseEye,posterior_alpha_n_epochs_used,234.0
sub-026,RW,CloseEye,frontal_theta_mean_linear,9.27621974367869e-13
sub-026,RW,CloseEye,frontal_theta_mean_db,-120.32525027437549
sub-026,RW,CloseEye,frontal_theta_sd_linear,6.171606563250507e-13
sub-026,RW,CloseEye,frontal_theta_cv_linear,
sub-026,RW,CloseEye,frontal_theta_n_epochs_used,234.0
sub-026,RW,CloseEye,frontocentral_theta_mean_linear,6.562635991240211e-13
sub-026,RW,CloseEye,frontocentral_theta_mean_db,-121.82774766783142
sub-026,RW,CloseEye,frontocentral_theta_sd_linear,3.8570141547023677e-13
sub-026,RW,CloseEye,frontocentral_theta_cv_linear,
sub-026,RW,CloseEye,frontocentral_theta_n_epochs_used,234.0
sub-026,RW,CloseEye,central_alpha_mean_linear,1.942045397695594e-12
sub-026,RW,CloseEye,central_alpha_mean_db,-117.1169096973266
sub-026,RW,CloseEye,central_alpha_sd_linear,1.1013214097884842e-12
sub-026,RW,CloseEye,central_alpha_cv_linear,
sub-026,RW,CloseEye,central_alpha_n_epochs_used,234.0
sub-026,RW,CloseEye,frontal_beta_mean_linear,9.498823959647548e-14
sub-026,RW,CloseEye,frontal_beta_mean_db,-130.2131613847801
sub-026,RW,CloseEye,frontal_beta_sd_linear,2.789307001522394e-14
sub-026,RW,CloseEye,frontal_beta_cv_linear,
sub-026,RW,CloseEye,frontal_beta_n_epochs_used,234.0
sub-026,RW,CloseEye,global_theta_alpha_ratio_mean_linear,0.35844782382302415
sub-026,RW,CloseEye,global_theta_alpha_ratio_sd_linear,0.39658533785672506
sub-026,RW,CloseEye,global_theta_alpha_ratio_cv_linear,1.106396277223684
sub-026,RW,CloseEye,global_theta_alpha_ratio_n_epochs_used,234.0
sub-026,RW,PVT,n_epochs_total,44.0
sub-026,RW,PVT,global_theta_mean_linear,8.694560735660498e-13
sub-026,RW,PVT,global_theta_mean_db,-120.6064145700037
sub-026,RW,PVT,global_theta_sd_linear,3.1955639136175064e-13
sub-026,RW,PVT,global_theta_cv_linear,
sub-026,RW,PVT,global_theta_n_epochs_used,44.0
sub-026,RW,PVT,posterior_alpha_mean_linear,6.902317433370026e-13
sub-026,RW,PVT,posterior_alpha_mean_db,-121.60865383433553
sub-026,RW,PVT,posterior_alpha_sd_linear,3.055044584841291e-13
sub-026,RW,PVT,posterior_alpha_cv_linear,
sub-026,RW,PVT,posterior_alpha_n_epochs_used,44.0
sub-026,RW,PVT,frontal_theta_mean_linear,1.049029160932754e-12
sub-026,RW,PVT,frontal_theta_mean_db,-119.79120523133331
sub-026,RW,PVT,frontal_theta_sd_linear,6.164196252166665e-13
sub-026,RW,PVT,frontal_theta_cv_linear,
sub-026,RW,PVT,frontal_theta_n_epochs_used,44.0
sub-026,RW,PVT,frontocentral_theta_mean_linear,6.758705738983367e-13
sub-026,RW,PVT,frontocentral_theta_mean_db,-121.69993805612177
sub-026,RW,PVT,frontocentral_theta_sd_linear,4.0466707026267076e-13
sub-026,RW,PVT,frontocentral_theta_cv_linear,
sub-026,RW,PVT,frontocentral_theta_n_epochs_used,44.0
sub-026,RW,PVT,central_alpha_mean_linear,4.446664861725063e-13
sub-026,RW,PVT,central_alpha_mean_db,-123.51748790215717
sub-026,RW,PVT,central_alpha_sd_linear,2.710654701540942e-13
sub-026,RW,PVT,central_alpha_cv_linear,
sub-026,RW,PVT,central_alpha_n_epochs_used,44.0
sub-026,RW,PVT,frontal_beta_mean_linear,8.140668550141148e-14
sub-026,RW,PVT,frontal_beta_mean_db,-130.8815695974339
sub-026,RW,PVT,frontal_beta_sd_linear,2.9162687696876576e-14
sub-026,RW,PVT,frontal_beta_cv_linear,
sub-026,RW,PVT,frontal_beta_n_epochs_used,44.0
sub-026,RW,PVT,global_theta_alpha_ratio_mean_linear,1.999203313675556
sub-026,RW,PVT,global_theta_alpha_ratio_sd_linear,1.1207935226138743
sub-026,RW,PVT,global_theta_alpha_ratio_cv_linear,0.5606200804826017
sub-026,RW,PVT,global_theta_alpha_ratio_n_epochs_used,44.0
sub-026,SD,CloseEye,n_epochs_total,123.0
sub-026,SD,CloseEye,global_theta_mean_linear,1.6920503359877533e-12
sub-026,SD,CloseEye,global_theta_mean_db,-117.71529733573661
sub-026,SD,CloseEye,global_theta_sd_linear,9.51321398006449e-13
sub-026,SD,CloseEye,global_theta_cv_linear,
sub-026,SD,CloseEye,global_theta_n_epochs_used,123.0
sub-026,SD,CloseEye,posterior_alpha_mean_linear,1.6603157138375598e-12
sub-026,SD,CloseEye,posterior_alpha_mean_db,-117.7975124466856
sub-026,SD,CloseEye,posterior_alpha_sd_linear,3.057710419121204e-12
sub-026,SD,CloseEye,posterior_alpha_cv_linear,
sub-026,SD,CloseEye,posterior_alpha_n_epochs_used,123.0
sub-026,SD,CloseEye,frontal_theta_mean_linear,1.5926952019002519e-12
sub-026,SD,CloseEye,frontal_theta_mean_db,-117.97806785604823
sub-026,SD,CloseEye,frontal_theta_sd_linear,1.030817764741916e-12
sub-026,SD,CloseEye,frontal_theta_cv_linear,
sub-026,SD,CloseEye,frontal_theta_n_epochs_used,123.0
sub-026,SD,CloseEye,frontocentral_theta_mean_linear,1.5319941976646985e-12
sub-026,SD,CloseEye,frontocentral_theta_mean_db,-118.14679938230071
sub-026,SD,CloseEye,frontocentral_theta_sd_linear,1.3207335866192797e-12
sub-026,SD,CloseEye,frontocentral_theta_cv_linear,
sub-026,SD,CloseEye,frontocentral_theta_n_epochs_used,123.0
sub-026,SD,CloseEye,central_alpha_mean_linear,5.246008982788634e-13
sub-026,SD,CloseEye,central_alpha_mean_db,-122.79987187828213
sub-026,SD,CloseEye,central_alpha_sd_linear,4.950266966406197e-13
sub-026,SD,CloseEye,central_alpha_cv_linear,
sub-026,SD,CloseEye,central_alpha_n_epochs_used,123.0
sub-026,SD,CloseEye,frontal_beta_mean_linear,9.775650131246471e-14
sub-026,SD,CloseEye,frontal_beta_mean_db,-130.0886901012096
sub-026,SD,CloseEye,frontal_beta_sd_linear,6.332559320340256e-14
sub-026,SD,CloseEye,frontal_beta_cv_linear,
sub-026,SD,CloseEye,frontal_beta_n_epochs_used,123.0
sub-026,SD,CloseEye,global_theta_alpha_ratio_mean_linear,2.9390245552363954
sub-026,SD,CloseEye,global_theta_alpha_ratio_sd_linear,1.747706539634948
sub-026,SD,CloseEye,global_theta_alpha_ratio_cv_linear,0.5946553037541309
sub-026,SD,CloseEye,global_theta_alpha_ratio_n_epochs_used,123.0
sub-026,SD,OpenEye,n_epochs_total,143.0
sub-026,SD,OpenEye,global_theta_mean_linear,1.7973434905291008e-12
sub-026,SD,OpenEye,global_theta_mean_db,-117.45315267271506
sub-026,SD,OpenEye,global_theta_sd_linear,1.5161796059515537e-12
sub-026,SD,OpenEye,global_theta_cv_linear,
sub-026,SD,OpenEye,global_theta_n_epochs_used,143.0
sub-026,SD,OpenEye,posterior_alpha_mean_linear,1.1770592520826138e-12
sub-026,SD,OpenEye,posterior_alpha_mean_db,-119.29119755505724
sub-026,SD,OpenEye,posterior_alpha_sd_linear,2.1113753739913667e-12
sub-026,SD,OpenEye,posterior_alpha_cv_linear,
sub-026,SD,OpenEye,posterior_alpha_n_epochs_used,143.0
sub-026,SD,OpenEye,frontal_theta_mean_linear,2.1356664637763856e-12
sub-026,SD,OpenEye,frontal_theta_mean_db,-116.70421420865625
sub-026,SD,OpenEye,frontal_theta_sd_linear,2.4661043722535724e-12
sub-026,SD,OpenEye,frontal_theta_cv_linear,
sub-026,SD,OpenEye,frontal_theta_n_epochs_used,143.0
sub-026,SD,OpenEye,frontocentral_theta_mean_linear,2.0061004388965207e-12
sub-026,SD,OpenEye,frontocentral_theta_mean_db,-116.97599259975132
sub-026,SD,OpenEye,frontocentral_theta_sd_linear,1.8278482953328955e-12
sub-026,SD,OpenEye,frontocentral_theta_cv_linear,
sub-026,SD,OpenEye,frontocentral_theta_n_epochs_used,143.0
sub-026,SD,OpenEye,central_alpha_mean_linear,4.603393314175108e-13
sub-026,SD,OpenEye,central_alpha_mean_db,-123.36712486006331
sub-026,SD,OpenEye,central_alpha_sd_linear,3.6704450603456004e-13
sub-026,SD,OpenEye,central_alpha_cv_linear,
sub-026,SD,OpenEye,central_alpha_n_epochs_used,143.0
sub-026,SD,OpenEye,frontal_beta_mean_linear,1.9717353976626975e-13
sub-026,SD,OpenEye,frontal_beta_mean_db,-127.04662566482354
sub-026,SD,OpenEye,frontal_beta_sd_linear,1.3785184060033394e-13
sub-026,SD,OpenEye,frontal_beta_cv_linear,
sub-026,SD,OpenEye,frontal_beta_n_epochs_used,143.0
sub-026,SD,OpenEye,global_theta_alpha_ratio_mean_linear,3.223084995537805
sub-026,SD,OpenEye,global_theta_alpha_ratio_sd_linear,1.742365999478884
sub-026,SD,OpenEye,global_theta_alpha_ratio_cv_linear,0.5405895289423331
sub-026,SD,OpenEye,global_theta_alpha_ratio_n_epochs_used,143.0
sub-026,SD,PVT,n_epochs_total,5.0
sub-026,SD,PVT,global_theta_mean_linear,2.669363266407517e-12
sub-026,SD,PVT,global_theta_mean_db,-115.73556195986089
sub-026,SD,PVT,global_theta_sd_linear,1.1726333469160806e-12
sub-026,SD,PVT,global_theta_cv_linear,
sub-026,SD,PVT,global_theta_n_epochs_used,5.0
sub-026,SD,PVT,posterior_alpha_mean_linear,8.344825007772732e-13
sub-026,SD,PVT,posterior_alpha_mean_db,-120.78467221542448
sub-026,SD,PVT,posterior_alpha_sd_linear,6.159618390209425e-13
sub-026,SD,PVT,posterior_alpha_cv_linear,
sub-026,SD,PVT,posterior_alpha_n_epochs_used,5.0
sub-026,SD,PVT,frontal_theta_mean_linear,2.9299947789391953e-12
sub-026,SD,PVT,frontal_theta_mean_db,-115.33100242517988
sub-026,SD,PVT,frontal_theta_sd_linear,1.6602410053722709e-12
sub-026,SD,PVT,frontal_theta_cv_linear,
sub-026,SD,PVT,frontal_theta_n_epochs_used,5.0
sub-026,SD,PVT,frontocentral_theta_mean_linear,2.4989040447113635e-12
sub-026,SD,PVT,frontocentral_theta_mean_db,-116.02211831703539
sub-026,SD,PVT,frontocentral_theta_sd_linear,1.5624886973592071e-12
sub-026,SD,PVT,frontocentral_theta_cv_linear,
sub-026,SD,PVT,frontocentral_theta_n_epochs_used,5.0
sub-026,SD,PVT,central_alpha_mean_linear,5.765439662929154e-13
sub-026,SD,PVT,central_alpha_mean_db,-122.39000340720057
sub-026,SD,PVT,central_alpha_sd_linear,5.515140541447362e-13
sub-026,SD,PVT,central_alpha_cv_linear,
sub-026,SD,PVT,central_alpha_n_epochs_used,5.0
sub-026,SD,PVT,frontal_beta_mean_linear,1.1338469062156397e-13
sub-026,SD,PVT,frontal_beta_mean_db,-129.44595920517696
sub-026,SD,PVT,frontal_beta_sd_linear,5.81009848716541e-14
sub-026,SD,PVT,frontal_beta_cv_linear,
sub-026,SD,PVT,frontal_beta_n_epochs_used,5.0
sub-026,SD,PVT,global_theta_alpha_ratio_mean_linear,4.256786626198928
sub-026,SD,PVT,global_theta_alpha_ratio_sd_linear,2.2098486070305356
sub-026,SD,PVT,global_theta_alpha_ratio_cv_linear,0.5191353950958558
sub-026,SD,PVT,global_theta_alpha_ratio_n_epochs_used,5.0
sub-027,RW,CloseEye,n_epochs_total,61.0
sub-027,RW,CloseEye,global_theta_mean_linear,6.04673559336266e-13
sub-027,RW,CloseEye,global_theta_mean_db,-122.18319571701974
sub-027,RW,CloseEye,global_theta_sd_linear,2.9498065951241826e-13
sub-027,RW,CloseEye,global_theta_cv_linear,
sub-027,RW,CloseEye,global_theta_n_epochs_used,61.0
sub-027,RW,CloseEye,posterior_alpha_mean_linear,2.2310397461508023e-12
sub-027,RW,CloseEye,posterior_alpha_mean_db,-116.51449471576059
sub-027,RW,CloseEye,posterior_alpha_sd_linear,2.5567163641450364e-12
sub-027,RW,CloseEye,posterior_alpha_cv_linear,
sub-027,RW,CloseEye,posterior_alpha_n_epochs_used,61.0
sub-027,RW,CloseEye,frontal_theta_mean_linear,8.559017242631821e-13
sub-027,RW,CloseEye,frontal_theta_mean_db,-120.67463445310207
sub-027,RW,CloseEye,frontal_theta_sd_linear,7.41107133757341e-13
sub-027,RW,CloseEye,frontal_theta_cv_linear,
sub-027,RW,CloseEye,frontal_theta_n_epochs_used,61.0
sub-027,RW,CloseEye,frontocentral_theta_mean_linear,4.971670677775094e-13
sub-027,RW,CloseEye,frontocentral_theta_mean_db,-123.03303725467332
sub-027,RW,CloseEye,frontocentral_theta_sd_linear,4.11175175989502e-13
sub-027,RW,CloseEye,frontocentral_theta_cv_linear,
sub-027,RW,CloseEye,frontocentral_theta_n_epochs_used,61.0
sub-027,RW,CloseEye,central_alpha_mean_linear,7.110955095259474e-13
sub-027,RW,CloseEye,central_alpha_mean_db,-121.4793647350642
sub-027,RW,CloseEye,central_alpha_sd_linear,5.939716833309842e-13
sub-027,RW,CloseEye,central_alpha_cv_linear,
sub-027,RW,CloseEye,central_alpha_n_epochs_used,61.0
sub-027,RW,CloseEye,frontal_beta_mean_linear,1.9596139528410333e-13
sub-027,RW,CloseEye,frontal_beta_mean_db,-127.07337654796783
sub-027,RW,CloseEye,frontal_beta_sd_linear,1.1021012603015868e-13
sub-027,RW,CloseEye,frontal_beta_cv_linear,
sub-027,RW,CloseEye,frontal_beta_n_epochs_used,61.0
sub-027,RW,CloseEye,global_theta_alpha_ratio_mean_linear,1.2790934655330468
sub-027,RW,CloseEye,global_theta_alpha_ratio_sd_linear,1.545911825268233
sub-027,RW,CloseEye,global_theta_alpha_ratio_cv_linear,1.208599580034593
sub-027,RW,CloseEye,global_theta_alpha_ratio_n_epochs_used,61.0
sub-027,RW,OpenEye,n_epochs_total,487.0
sub-027,RW,OpenEye,global_theta_mean_linear,6.520218013228223e-13
sub-027,RW,OpenEye,global_theta_mean_db,-121.85590009877768
sub-027,RW,OpenEye,global_theta_sd_linear,3.415662740355252e-13
sub-027,RW,OpenEye,global_theta_cv_linear,
sub-027,RW,OpenEye,global_theta_n_epochs_used,487.0
sub-027,RW,OpenEye,posterior_alpha_mean_linear,9.726121153211672e-13
sub-027,RW,OpenEye,posterior_alpha_mean_db,-120.11961188064211
sub-027,RW,OpenEye,posterior_alpha_sd_linear,1.3445134792600679e-12
sub-027,RW,OpenEye,posterior_alpha_cv_linear,
sub-027,RW,OpenEye,posterior_alpha_n_epochs_used,487.0
sub-027,RW,OpenEye,frontal_theta_mean_linear,7.184077956382191e-13
sub-027,RW,OpenEye,frontal_theta_mean_db,-121.43494753198905
sub-027,RW,OpenEye,frontal_theta_sd_linear,4.1269944030269736e-13
sub-027,RW,OpenEye,frontal_theta_cv_linear,
sub-027,RW,OpenEye,frontal_theta_n_epochs_used,487.0
sub-027,RW,OpenEye,frontocentral_theta_mean_linear,4.807756144954114e-13
sub-027,RW,OpenEye,frontocentral_theta_mean_db,-123.17857037227583
sub-027,RW,OpenEye,frontocentral_theta_sd_linear,2.8729347517045587e-13
sub-027,RW,OpenEye,frontocentral_theta_cv_linear,
sub-027,RW,OpenEye,frontocentral_theta_n_epochs_used,487.0
sub-027,RW,OpenEye,central_alpha_mean_linear,4.670546380580912e-13
sub-027,RW,OpenEye,central_alpha_mean_db,-123.3042588994389
sub-027,RW,OpenEye,central_alpha_sd_linear,4.455502459956161e-13
sub-027,RW,OpenEye,central_alpha_cv_linear,
sub-027,RW,OpenEye,central_alpha_n_epochs_used,487.0
sub-027,RW,OpenEye,frontal_beta_mean_linear,2.7730107273594623e-13
sub-027,RW,OpenEye,frontal_beta_mean_db,-125.56700834828094
sub-027,RW,OpenEye,frontal_beta_sd_linear,2.1283999540874017e-13
sub-027,RW,OpenEye,frontal_beta_cv_linear,
sub-027,RW,OpenEye,frontal_beta_n_epochs_used,487.0
sub-027,RW,OpenEye,global_theta_alpha_ratio_mean_linear,1.3161284351420237
sub-027,RW,OpenEye,global_theta_alpha_ratio_sd_linear,0.8716966338392765
sub-027,RW,OpenEye,global_theta_alpha_ratio_cv_linear,0.6623188212974149
sub-027,RW,OpenEye,global_theta_alpha_ratio_n_epochs_used,487.0
sub-027,RW,PVT,n_epochs_total,8.0
sub-027,RW,PVT,global_theta_mean_linear,7.616628306745521e-13
sub-027,RW,PVT,global_theta_mean_db,-121.1811064783119
sub-027,RW,PVT,global_theta_sd_linear,3.2250675148739676e-13
sub-027,RW,PVT,global_theta_cv_linear,
sub-027,RW,PVT,global_theta_n_epochs_used,8.0
sub-027,RW,PVT,posterior_alpha_mean_linear,6.625427132486329e-13
sub-027,RW,PVT,posterior_alpha_mean_db,-121.78640593005647
sub-027,RW,PVT,posterior_alpha_sd_linear,4.3117060781114414e-13
sub-027,RW,PVT,posterior_alpha_cv_linear,
sub-027,RW,PVT,posterior_alpha_n_epochs_used,8.0
sub-027,RW,PVT,frontal_theta_mean_linear,8.820377260334334e-13
sub-027,RW,PVT,frontal_theta_mean_db,-120.54403523321264
sub-027,RW,PVT,frontal_theta_sd_linear,4.0473965570136645e-13
sub-027,RW,PVT,frontal_theta_cv_linear,
sub-027,RW,PVT,frontal_theta_n_epochs_used,8.0
sub-027,RW,PVT,frontocentral_theta_mean_linear,6.10550068191242e-13
sub-027,RW,PVT,frontocentral_theta_mean_db,-122.14120800586196
sub-027,RW,PVT,frontocentral_theta_sd_linear,4.791261232796537e-13
sub-027,RW,PVT,frontocentral_theta_cv_linear,
sub-027,RW,PVT,frontocentral_theta_n_epochs_used,8.0
sub-027,RW,PVT,central_alpha_mean_linear,3.267872346258581e-13
sub-027,RW,PVT,central_alpha_mean_db,-124.85439923604092
sub-027,RW,PVT,central_alpha_sd_linear,2.2803421214520545e-13
sub-027,RW,PVT,central_alpha_cv_linear,
sub-027,RW,PVT,central_alpha_n_epochs_used,8.0
sub-027,RW,PVT,frontal_beta_mean_linear,4.634368981269186e-13
sub-027,RW,PVT,frontal_beta_mean_db,-123.33801359429728
sub-027,RW,PVT,frontal_beta_sd_linear,5.520760144632987e-13
sub-027,RW,PVT,frontal_beta_cv_linear,
sub-027,RW,PVT,frontal_beta_n_epochs_used,8.0
sub-027,RW,PVT,global_theta_alpha_ratio_mean_linear,1.6203585447619755
sub-027,RW,PVT,global_theta_alpha_ratio_sd_linear,0.6214501620208365
sub-027,RW,PVT,global_theta_alpha_ratio_cv_linear,0.3835263275709914
sub-027,RW,PVT,global_theta_alpha_ratio_n_epochs_used,8.0
sub-027,SD,CloseEye,n_epochs_total,140.0
sub-027,SD,CloseEye,global_theta_mean_linear,1.202602111336711e-12
sub-027,SD,CloseEye,global_theta_mean_db,-119.19797858683579
sub-027,SD,CloseEye,global_theta_sd_linear,1.0271937560582475e-12
sub-027,SD,CloseEye,global_theta_cv_linear,
sub-027,SD,CloseEye,global_theta_n_epochs_used,140.0
sub-027,SD,CloseEye,posterior_alpha_mean_linear,1.1552096102019532e-12
sub-027,SD,CloseEye,posterior_alpha_mean_db,-119.37255738473995
sub-027,SD,CloseEye,posterior_alpha_sd_linear,1.3536866876415904e-12
sub-027,SD,CloseEye,posterior_alpha_cv_linear,
sub-027,SD,CloseEye,posterior_alpha_n_epochs_used,140.0
sub-027,SD,CloseEye,frontal_theta_mean_linear,1.8963605039688583e-12
sub-027,SD,CloseEye,frontal_theta_mean_db,-117.22028249924081
sub-027,SD,CloseEye,frontal_theta_sd_linear,2.0139140014656866e-12
sub-027,SD,CloseEye,frontal_theta_cv_linear,
sub-027,SD,CloseEye,frontal_theta_n_epochs_used,140.0
sub-027,SD,CloseEye,frontocentral_theta_mean_linear,1.5521966004379451e-12
sub-027,SD,CloseEye,frontocentral_theta_mean_db,-118.08991149885509
sub-027,SD,CloseEye,frontocentral_theta_sd_linear,2.404877821755226e-12
sub-027,SD,CloseEye,frontocentral_theta_cv_linear,
sub-027,SD,CloseEye,frontocentral_theta_n_epochs_used,140.0
sub-027,SD,CloseEye,central_alpha_mean_linear,3.8384973314344335e-13
sub-027,SD,CloseEye,central_alpha_mean_db,-124.15587604364278
sub-027,SD,CloseEye,central_alpha_sd_linear,2.615361760603521e-13
sub-027,SD,CloseEye,central_alpha_cv_linear,
sub-027,SD,CloseEye,central_alpha_n_epochs_used,140.0
sub-027,SD,CloseEye,frontal_beta_mean_linear,1.5345530109604682e-13
sub-027,SD,CloseEye,frontal_beta_mean_db,-128.13390149170414
sub-027,SD,CloseEye,frontal_beta_sd_linear,1.0945365385043899e-13
sub-027,SD,CloseEye,frontal_beta_cv_linear,
sub-027,SD,CloseEye,frontal_beta_n_epochs_used,140.0
sub-027,SD,CloseEye,global_theta_alpha_ratio_mean_linear,2.2619157684282367
sub-027,SD,CloseEye,global_theta_alpha_ratio_sd_linear,1.5711038332151395
sub-027,SD,CloseEye,global_theta_alpha_ratio_cv_linear,0.6945898937283904
sub-027,SD,CloseEye,global_theta_alpha_ratio_n_epochs_used,140.0
sub-027,SD,OpenEye,n_epochs_total,18.0
sub-027,SD,OpenEye,global_theta_mean_linear,1.7138317410764327e-12
sub-027,SD,OpenEye,global_theta_mean_db,-117.65975554374242
sub-027,SD,OpenEye,global_theta_sd_linear,4.794156019532416e-13
sub-027,SD,OpenEye,global_theta_cv_linear,
sub-027,SD,OpenEye,global_theta_n_epochs_used,18.0
sub-027,SD,OpenEye,posterior_alpha_mean_linear,5.552745904600665e-13
sub-027,SD,OpenEye,posterior_alpha_mean_db,-122.55318567465025
sub-027,SD,OpenEye,posterior_alpha_sd_linear,3.52835763690107e-13
sub-027,SD,OpenEye,posterior_alpha_cv_linear,
sub-027,SD,OpenEye,posterior_alpha_n_epochs_used,18.0
sub-027,SD,OpenEye,frontal_theta_mean_linear,1.0917926764441385e-12
sub-027,SD,OpenEye,frontal_theta_mean_db,-119.61771507027542
sub-027,SD,OpenEye,frontal_theta_sd_linear,4.138271217623452e-13
sub-027,SD,OpenEye,frontal_theta_cv_linear,
sub-027,SD,OpenEye,frontal_theta_n_epochs_used,18.0
sub-027,SD,OpenEye,frontocentral_theta_mean_linear,1.0353107355789382e-12
sub-027,SD,OpenEye,frontocentral_theta_mean_db,-119.84836148795986
sub-027,SD,OpenEye,frontocentral_theta_sd_linear,4.94804439102438e-13
sub-027,SD,OpenEye,frontocentral_theta_cv_linear,
sub-027,SD,OpenEye,frontocentral_theta_n_epochs_used,18.0
sub-027,SD,OpenEye,central_alpha_mean_linear,2.7101688142109457e-13
sub-027,SD,OpenEye,central_alpha_mean_db,-125.66647983886153
sub-027,SD,OpenEye,central_alpha_sd_linear,1.4318993361932422e-13
sub-027,SD,OpenEye,central_alpha_cv_linear,
sub-027,SD,OpenEye,central_alpha_n_epochs_used,18.0
sub-027,SD,OpenEye,frontal_beta_mean_linear,1.166039469181917e-13
sub-027,SD,OpenEye,frontal_beta_mean_db,-129.32460524352945
sub-027,SD,OpenEye,frontal_beta_sd_linear,3.373313233543089e-14
sub-027,SD,OpenEye,frontal_beta_cv_linear,
sub-027,SD,OpenEye,frontal_beta_n_epochs_used,18.0
sub-027,SD,OpenEye,global_theta_alpha_ratio_mean_linear,2.3264490609096713
sub-027,SD,OpenEye,global_theta_alpha_ratio_sd_linear,0.8915880835082296
sub-027,SD,OpenEye,global_theta_alpha_ratio_cv_linear,0.38323989056506885
sub-027,SD,OpenEye,global_theta_alpha_ratio_n_epochs_used,18.0
sub-027,SD,PVT,n_epochs_total,4.0
sub-027,SD,PVT,global_theta_mean_linear,7.320383219471779e-13
sub-027,SD,PVT,global_theta_mean_db,-121.35334471330205
sub-027,SD,PVT,global_theta_sd_linear,2.3797612252081086e-13
sub-027,SD,PVT,global_theta_cv_linear,
sub-027,SD,PVT,global_theta_n_epochs_used,4.0
sub-027,SD,PVT,posterior_alpha_mean_linear,1.4326286280026559e-12
sub-027,SD,PVT,posterior_alpha_mean_db,-118.43799068110506
sub-027,SD,PVT,posterior_alpha_sd_linear,2.092601247576311e-12
sub-027,SD,PVT,posterior_alpha_cv_linear,
sub-027,SD,PVT,posterior_alpha_n_epochs_used,4.0
sub-027,SD,PVT,frontal_theta_mean_linear,1.1181484080662573e-12
sub-027,SD,PVT,frontal_theta_mean_db,-119.51414315499835
sub-027,SD,PVT,frontal_theta_sd_linear,3.884459585975049e-13
sub-027,SD,PVT,frontal_theta_cv_linear,
sub-027,SD,PVT,frontal_theta_n_epochs_used,4.0
sub-027,SD,PVT,frontocentral_theta_mean_linear,9.057145658763934e-13
sub-027,SD,PVT,frontocentral_theta_mean_db,-120.42902189388634
sub-027,SD,PVT,frontocentral_theta_sd_linear,3.9305312135202845e-13
sub-027,SD,PVT,frontocentral_theta_cv_linear,
sub-027,SD,PVT,frontocentral_theta_n_epochs_used,4.0
sub-027,SD,PVT,central_alpha_mean_linear,2.8806450939864524e-13
sub-027,SD,PVT,central_alpha_mean_db,-125.40175613103403
sub-027,SD,PVT,central_alpha_sd_linear,2.219939586691168e-13
sub-027,SD,PVT,central_alpha_cv_linear,
sub-027,SD,PVT,central_alpha_n_epochs_used,4.0
sub-027,SD,PVT,frontal_beta_mean_linear,1.4559435135883747e-13
sub-027,SD,PVT,frontal_beta_mean_db,-128.36193640104196
sub-027,SD,PVT,frontal_beta_sd_linear,4.5187247008286616e-14
sub-027,SD,PVT,frontal_beta_cv_linear,
sub-027,SD,PVT,frontal_beta_n_epochs_used,4.0
sub-027,SD,PVT,global_theta_alpha_ratio_mean_linear,2.2344916131362216
sub-027,SD,PVT,global_theta_alpha_ratio_sd_linear,1.3854151311620049
sub-027,SD,PVT,global_theta_alpha_ratio_cv_linear,0.6200135740127056
sub-027,SD,PVT,global_theta_alpha_ratio_n_epochs_used,4.0
sub-028,RW,CloseEye,n_epochs_total,140.0
sub-028,RW,CloseEye,global_theta_mean_linear,1.2239236403411283e-12
sub-028,RW,CloseEye,global_theta_mean_db,-119.12166893952596
sub-028,RW,CloseEye,global_theta_sd_linear,6.236283119750197e-13
sub-028,RW,CloseEye,global_theta_cv_linear,
sub-028,RW,CloseEye,global_theta_n_epochs_used,140.0
sub-028,RW,CloseEye,posterior_alpha_mean_linear,2.0484718614133227e-11
sub-028,RW,CloseEye,posterior_alpha_mean_db,-106.8856528978357
sub-028,RW,CloseEye,posterior_alpha_sd_linear,1.0642172985266361e-11
sub-028,RW,CloseEye,posterior_alpha_cv_linear,
sub-028,RW,CloseEye,posterior_alpha_n_epochs_used,140.0
sub-028,RW,CloseEye,frontal_theta_mean_linear,1.0525711207344041e-12
sub-028,RW,CloseEye,frontal_theta_mean_db,-119.77656943130812
sub-028,RW,CloseEye,frontal_theta_sd_linear,5.895347902963602e-13
sub-028,RW,CloseEye,frontal_theta_cv_linear,
sub-028,RW,CloseEye,frontal_theta_n_epochs_used,140.0
sub-028,RW,CloseEye,frontocentral_theta_mean_linear,7.868368568974354e-13
sub-028,RW,CloseEye,frontocentral_theta_mean_db,-121.03992764921452
sub-028,RW,CloseEye,frontocentral_theta_sd_linear,4.650767240647273e-13
sub-028,RW,CloseEye,frontocentral_theta_cv_linear,
sub-028,RW,CloseEye,frontocentral_theta_n_epochs_used,140.0
sub-028,RW,CloseEye,central_alpha_mean_linear,3.5418670310961535e-12
sub-028,RW,CloseEye,central_alpha_mean_db,-114.50740521463555
sub-028,RW,CloseEye,central_alpha_sd_linear,1.9939844201968882e-12
sub-028,RW,CloseEye,central_alpha_cv_linear,
sub-028,RW,CloseEye,central_alpha_n_epochs_used,140.0
sub-028,RW,CloseEye,frontal_beta_mean_linear,2.3887728258395443e-13
sub-028,RW,CloseEye,frontal_beta_mean_db,-126.21421645961048
sub-028,RW,CloseEye,frontal_beta_sd_linear,7.897333933503438e-14
sub-028,RW,CloseEye,frontal_beta_cv_linear,
sub-028,RW,CloseEye,frontal_beta_n_epochs_used,140.0
sub-028,RW,CloseEye,global_theta_alpha_ratio_mean_linear,0.17627685175075727
sub-028,RW,CloseEye,global_theta_alpha_ratio_sd_linear,0.07722994052806685
sub-028,RW,CloseEye,global_theta_alpha_ratio_cv_linear,0.43811731240392415
sub-028,RW,CloseEye,global_theta_alpha_ratio_n_epochs_used,140.0
sub-028,RW,OpenEye,n_epochs_total,36.0
sub-028,RW,OpenEye,global_theta_mean_linear,7.201426591841823e-13
sub-028,RW,OpenEye,global_theta_mean_db,-121.42447574760276
sub-028,RW,OpenEye,global_theta_sd_linear,2.5421630242376075e-13
sub-028,RW,OpenEye,global_theta_cv_linear,
sub-028,RW,OpenEye,global_theta_n_epochs_used,36.0
sub-028,RW,OpenEye,posterior_alpha_mean_linear,1.3653560063865697e-12
sub-028,RW,OpenEye,posterior_alpha_mean_db,-118.64683472275487
sub-028,RW,OpenEye,posterior_alpha_sd_linear,6.311384637561948e-13
sub-028,RW,OpenEye,posterior_alpha_cv_linear,
sub-028,RW,OpenEye,posterior_alpha_n_epochs_used,36.0
sub-028,RW,OpenEye,frontal_theta_mean_linear,5.169464982091186e-13
sub-028,RW,OpenEye,frontal_theta_mean_db,-122.86367899293886
sub-028,RW,OpenEye,frontal_theta_sd_linear,2.532666240312963e-13
sub-028,RW,OpenEye,frontal_theta_cv_linear,
sub-028,RW,OpenEye,frontal_theta_n_epochs_used,36.0
sub-028,RW,OpenEye,frontocentral_theta_mean_linear,3.2922634502084867e-13
sub-028,RW,OpenEye,frontocentral_theta_mean_db,-124.82212610982887
sub-028,RW,OpenEye,frontocentral_theta_sd_linear,1.1083176097196346e-13
sub-028,RW,OpenEye,frontocentral_theta_cv_linear,
sub-028,RW,OpenEye,frontocentral_theta_n_epochs_used,36.0
sub-028,RW,OpenEye,central_alpha_mean_linear,2.8202270927795223e-13
sub-028,RW,OpenEye,central_alpha_mean_db,-125.49374121611646
sub-028,RW,OpenEye,central_alpha_sd_linear,2.337617521016925e-13
sub-028,RW,OpenEye,central_alpha_cv_linear,
sub-028,RW,OpenEye,central_alpha_n_epochs_used,36.0
sub-028,RW,OpenEye,frontal_beta_mean_linear,2.2995524100122853e-13
sub-028,RW,OpenEye,frontal_beta_mean_db,-126.37937535713299
sub-028,RW,OpenEye,frontal_beta_sd_linear,6.491305935529583e-14
sub-028,RW,OpenEye,frontal_beta_cv_linear,
sub-028,RW,OpenEye,frontal_beta_n_epochs_used,36.0
sub-028,RW,OpenEye,global_theta_alpha_ratio_mean_linear,1.3709486234722192
sub-028,RW,OpenEye,global_theta_alpha_ratio_sd_linear,0.4295143428194502
sub-028,RW,OpenEye,global_theta_alpha_ratio_cv_linear,0.3132971837643439
sub-028,RW,OpenEye,global_theta_alpha_ratio_n_epochs_used,36.0
sub-028,SD,CloseEye,n_epochs_total,96.0
sub-028,SD,CloseEye,global_theta_mean_linear,2.2232635941182584e-12
sub-028,SD,CloseEye,global_theta_mean_db,-116.52965671271676
sub-028,SD,CloseEye,global_theta_sd_linear,2.09474233695749e-12
sub-028,SD,CloseEye,global_theta_cv_linear,
sub-028,SD,CloseEye,global_theta_n_epochs_used,96.0
sub-028,SD,CloseEye,posterior_alpha_mean_linear,2.730330276051058e-12
sub-028,SD,CloseEye,posterior_alpha_mean_db,-115.63749497445784
sub-028,SD,CloseEye,posterior_alpha_sd_linear,4.881137312234498e-12
sub-028,SD,CloseEye,posterior_alpha_cv_linear,
sub-028,SD,CloseEye,posterior_alpha_n_epochs_used,96.0
sub-028,SD,CloseEye,frontal_theta_mean_linear,2.123872340554452e-12
sub-028,SD,CloseEye,frontal_theta_mean_db,-116.72826189076844
sub-028,SD,CloseEye,frontal_theta_sd_linear,1.877086633801511e-12
sub-028,SD,CloseEye,frontal_theta_cv_linear,
sub-028,SD,CloseEye,frontal_theta_n_epochs_used,96.0
sub-028,SD,CloseEye,frontocentral_theta_mean_linear,2.2391942452356625e-12
sub-028,SD,CloseEye,frontocentral_theta_mean_db,-116.49865166994593
sub-028,SD,CloseEye,frontocentral_theta_sd_linear,2.0310702237912753e-12
sub-028,SD,CloseEye,frontocentral_theta_cv_linear,
sub-028,SD,CloseEye,frontocentral_theta_n_epochs_used,96.0
sub-028,SD,CloseEye,central_alpha_mean_linear,7.30162370582963e-13
sub-028,SD,CloseEye,central_alpha_mean_db,-121.36448502272926
sub-028,SD,CloseEye,central_alpha_sd_linear,7.771770508516081e-13
sub-028,SD,CloseEye,central_alpha_cv_linear,
sub-028,SD,CloseEye,central_alpha_n_epochs_used,96.0
sub-028,SD,CloseEye,frontal_beta_mean_linear,2.0996082133702619e-13
sub-028,SD,CloseEye,frontal_beta_mean_db,-126.77402690449348
sub-028,SD,CloseEye,frontal_beta_sd_linear,1.7598969988015874e-13
sub-028,SD,CloseEye,frontal_beta_cv_linear,
sub-028,SD,CloseEye,frontal_beta_n_epochs_used,96.0
sub-028,SD,CloseEye,global_theta_alpha_ratio_mean_linear,3.2657893446983546
sub-028,SD,CloseEye,global_theta_alpha_ratio_sd_linear,2.0520002560009325
sub-028,SD,CloseEye,global_theta_alpha_ratio_cv_linear,0.6283320935357102
sub-028,SD,CloseEye,global_theta_alpha_ratio_n_epochs_used,96.0
sub-028,SD,OpenEye,n_epochs_total,50.0
sub-028,SD,OpenEye,global_theta_mean_linear,1.8250427424324328e-12
sub-028,SD,OpenEye,global_theta_mean_db,-117.3867412451834
sub-028,SD,OpenEye,global_theta_sd_linear,1.3825554296479233e-12
sub-028,SD,OpenEye,global_theta_cv_linear,
sub-028,SD,OpenEye,global_theta_n_epochs_used,50.0
sub-028,SD,OpenEye,posterior_alpha_mean_linear,1.989089593834872e-12
sub-028,SD,OpenEye,posterior_alpha_mean_db,-117.01297176527132
sub-028,SD,OpenEye,posterior_alpha_sd_linear,7.460200317316055e-12
sub-028,SD,OpenEye,posterior_alpha_cv_linear,
sub-028,SD,OpenEye,posterior_alpha_n_epochs_used,50.0
sub-028,SD,OpenEye,frontal_theta_mean_linear,2.2478156019711632e-12
sub-028,SD,OpenEye,frontal_theta_mean_db,-116.4819642016554
sub-028,SD,OpenEye,frontal_theta_sd_linear,3.307417330147377e-12
sub-028,SD,OpenEye,frontal_theta_cv_linear,
sub-028,SD,OpenEye,frontal_theta_n_epochs_used,50.0
sub-028,SD,OpenEye,frontocentral_theta_mean_linear,1.982850918814971e-12
sub-028,SD,OpenEye,frontocentral_theta_mean_db,-117.02661306456477
sub-028,SD,OpenEye,frontocentral_theta_sd_linear,2.2930870468665007e-12
sub-028,SD,OpenEye,frontocentral_theta_cv_linear,
sub-028,SD,OpenEye,frontocentral_theta_n_epochs_used,50.0
sub-028,SD,OpenEye,central_alpha_mean_linear,4.807116858263274e-13
sub-028,SD,OpenEye,central_alpha_mean_db,-123.17914762484419
sub-028,SD,OpenEye,central_alpha_sd_linear,8.860506205488927e-13
sub-028,SD,OpenEye,central_alpha_cv_linear,
sub-028,SD,OpenEye,central_alpha_n_epochs_used,50.0
sub-028,SD,OpenEye,frontal_beta_mean_linear,5.605087891809955e-13
sub-028,SD,OpenEye,frontal_beta_mean_db,-122.51245562012971
sub-028,SD,OpenEye,frontal_beta_sd_linear,1.31386985014425e-12
sub-028,SD,OpenEye,frontal_beta_cv_linear,
sub-028,SD,OpenEye,frontal_beta_n_epochs_used,50.0
sub-028,SD,OpenEye,global_theta_alpha_ratio_mean_linear,3.874549392889338
sub-028,SD,OpenEye,global_theta_alpha_ratio_sd_linear,2.144673259940804
sub-028,SD,OpenEye,global_theta_alpha_ratio_cv_linear,0.5535284345262852
sub-028,SD,OpenEye,global_theta_alpha_ratio_n_epochs_used,50.0
sub-028,SD,PVT,n_epochs_total,2.0
sub-028,SD,PVT,global_theta_mean_linear,9.615989519149004e-13
sub-028,SD,PVT,global_theta_mean_db,-120.16905746524877
sub-028,SD,PVT,global_theta_sd_linear,7.157232548759069e-13
sub-028,SD,PVT,global_theta_cv_linear,
sub-028,SD,PVT,global_theta_n_epochs_used,2.0
sub-028,SD,PVT,posterior_alpha_mean_linear,7.641265832992209e-13
sub-028,SD,PVT,posterior_alpha_mean_db,-121.16708509695896
sub-028,SD,PVT,posterior_alpha_sd_linear,1.0056012749068076e-13
sub-028,SD,PVT,posterior_alpha_cv_linear,
sub-028,SD,PVT,posterior_alpha_n_epochs_used,2.0
sub-028,SD,PVT,frontal_theta_mean_linear,1.6786335719363429e-12
sub-028,SD,PVT,frontal_theta_mean_db,-117.74986652066643
sub-028,SD,PVT,frontal_theta_sd_linear,1.645394461535074e-12
sub-028,SD,PVT,frontal_theta_cv_linear,
sub-028,SD,PVT,frontal_theta_n_epochs_used,2.0
sub-028,SD,PVT,frontocentral_theta_mean_linear,6.358286160528938e-13
sub-028,SD,PVT,frontocentral_theta_mean_db,-121.96508291949203
sub-028,SD,PVT,frontocentral_theta_sd_linear,2.4062208503005114e-13
sub-028,SD,PVT,frontocentral_theta_cv_linear,
sub-028,SD,PVT,frontocentral_theta_n_epochs_used,2.0
sub-028,SD,PVT,central_alpha_mean_linear,2.818644430937878e-13
sub-028,SD,PVT,central_alpha_mean_db,-125.49617716604061
sub-028,SD,PVT,central_alpha_sd_linear,6.805340231576352e-14
sub-028,SD,PVT,central_alpha_cv_linear,
sub-028,SD,PVT,central_alpha_n_epochs_used,2.0
sub-028,SD,PVT,frontal_beta_mean_linear,3.5796213781119327e-12
sub-028,SD,PVT,frontal_beta_mean_db,-114.46135968366507
sub-028,SD,PVT,frontal_beta_sd_linear,1.2485142976454375e-13
sub-028,SD,PVT,frontal_beta_cv_linear,
sub-028,SD,PVT,frontal_beta_n_epochs_used,2.0
sub-028,SD,PVT,global_theta_alpha_ratio_mean_linear,1.2789901958717587
sub-028,SD,PVT,global_theta_alpha_ratio_sd_linear,0.25181830156991647
sub-028,SD,PVT,global_theta_alpha_ratio_cv_linear,0.1968883752062519
sub-028,SD,PVT,global_theta_alpha_ratio_n_epochs_used,2.0
sub-029,RW,CloseEye,n_epochs_total,390.0
sub-029,RW,CloseEye,global_theta_mean_linear,4.5147921851062145e-13
sub-029,RW,CloseEye,global_theta_mean_db,-123.45148694996843
sub-029,RW,CloseEye,global_theta_sd_linear,2.0182627045067125e-13
sub-029,RW,CloseEye,global_theta_cv_linear,
sub-029,RW,CloseEye,global_theta_n_epochs_used,390.0
sub-029,RW,CloseEye,posterior_alpha_mean_linear,3.933949766643369e-12
sub-029,RW,CloseEye,posterior_alpha_mean_db,-114.0514667770399
sub-029,RW,CloseEye,posterior_alpha_sd_linear,2.7712874718008303e-12
sub-029,RW,CloseEye,posterior_alpha_cv_linear,
sub-029,RW,CloseEye,posterior_alpha_n_epochs_used,390.0
sub-029,RW,CloseEye,frontal_theta_mean_linear,3.964594474293981e-13
sub-029,RW,CloseEye,frontal_theta_mean_db,-124.01558061927851
sub-029,RW,CloseEye,frontal_theta_sd_linear,1.8070408614092008e-13
sub-029,RW,CloseEye,frontal_theta_cv_linear,
sub-029,RW,CloseEye,frontal_theta_n_epochs_used,390.0
sub-029,RW,CloseEye,frontocentral_theta_mean_linear,3.0361050919225104e-13
sub-029,RW,CloseEye,frontocentral_theta_mean_db,-125.17365695986547
sub-029,RW,CloseEye,frontocentral_theta_sd_linear,1.324902015716123e-13
sub-029,RW,CloseEye,frontocentral_theta_cv_linear,
sub-029,RW,CloseEye,frontocentral_theta_n_epochs_used,390.0
sub-029,RW,CloseEye,central_alpha_mean_linear,8.161951213270966e-13
sub-029,RW,CloseEye,central_alpha_mean_db,-120.88087872413612
sub-029,RW,CloseEye,central_alpha_sd_linear,9.23401300442441e-13
sub-029,RW,CloseEye,central_alpha_cv_linear,
sub-029,RW,CloseEye,central_alpha_n_epochs_used,390.0
sub-029,RW,CloseEye,frontal_beta_mean_linear,1.9918927550428315e-13
sub-029,RW,CloseEye,frontal_beta_mean_db,-127.00250191453557
sub-029,RW,CloseEye,frontal_beta_sd_linear,9.024514692911102e-14
sub-029,RW,CloseEye,frontal_beta_cv_linear,
sub-029,RW,CloseEye,frontal_beta_n_epochs_used,390.0
sub-029,RW,CloseEye,global_theta_alpha_ratio_mean_linear,0.46835519618460625
sub-029,RW,CloseEye,global_theta_alpha_ratio_sd_linear,0.3096588478593072
sub-029,RW,CloseEye,global_theta_alpha_ratio_cv_linear,0.6611624049052983
sub-029,RW,CloseEye,global_theta_alpha_ratio_n_epochs_used,390.0
sub-029,RW,OpenEye,n_epochs_total,345.0
sub-029,RW,OpenEye,global_theta_mean_linear,6.471199479098513e-13
sub-029,RW,OpenEye,global_theta_mean_db,-121.88866219761117
sub-029,RW,OpenEye,global_theta_sd_linear,4.0821895763263765e-13
sub-029,RW,OpenEye,global_theta_cv_linear,
sub-029,RW,OpenEye,global_theta_n_epochs_used,345.0
sub-029,RW,OpenEye,posterior_alpha_mean_linear,2.8443698331710656e-12
sub-029,RW,OpenEye,posterior_alpha_mean_db,-115.45980034345948
sub-029,RW,OpenEye,posterior_alpha_sd_linear,1.820032940970905e-12
sub-029,RW,OpenEye,posterior_alpha_cv_linear,
sub-029,RW,OpenEye,posterior_alpha_n_epochs_used,345.0
sub-029,RW,OpenEye,frontal_theta_mean_linear,4.943402991126519e-13
sub-029,RW,OpenEye,frontal_theta_mean_db,-123.05778954166085
sub-029,RW,OpenEye,frontal_theta_sd_linear,2.513532973839819e-13
sub-029,RW,OpenEye,frontal_theta_cv_linear,
sub-029,RW,OpenEye,frontal_theta_n_epochs_used,345.0
sub-029,RW,OpenEye,frontocentral_theta_mean_linear,3.600609512374197e-13
sub-029,RW,OpenEye,frontocentral_theta_mean_db,-124.43356234647084
sub-029,RW,OpenEye,frontocentral_theta_sd_linear,1.7004867550497166e-13
sub-029,RW,OpenEye,frontocentral_theta_cv_linear,
sub-029,RW,OpenEye,frontocentral_theta_n_epochs_used,345.0
sub-029,RW,OpenEye,central_alpha_mean_linear,3.7431033328571556e-13
sub-029,RW,OpenEye,central_alpha_mean_db,-124.2651063208622
sub-029,RW,OpenEye,central_alpha_sd_linear,3.5654487419098066e-13
sub-029,RW,OpenEye,central_alpha_cv_linear,
sub-029,RW,OpenEye,central_alpha_n_epochs_used,345.0
sub-029,RW,OpenEye,frontal_beta_mean_linear,2.684131227782413e-13
sub-029,RW,OpenEye,frontal_beta_mean_db,-125.70837133883595
sub-029,RW,OpenEye,frontal_beta_sd_linear,9.941092414777738e-14
sub-029,RW,OpenEye,frontal_beta_cv_linear,
sub-029,RW,OpenEye,frontal_beta_n_epochs_used,345.0
sub-029,RW,OpenEye,global_theta_alpha_ratio_mean_linear,0.8052410722695778
sub-029,RW,OpenEye,global_theta_alpha_ratio_sd_linear,0.4800542965837281
sub-029,RW,OpenEye,global_theta_alpha_ratio_cv_linear,0.596162209201142
sub-029,RW,OpenEye,global_theta_alpha_ratio_n_epochs_used,345.0
sub-029,RW,PVT,n_epochs_total,46.0
sub-029,RW,PVT,global_theta_mean_linear,9.648538819523538e-13
sub-029,RW,PVT,global_theta_mean_db,-120.15438517549781
sub-029,RW,PVT,global_theta_sd_linear,4.513428537967759e-13
sub-029,RW,PVT,global_theta_cv_linear,
sub-029,RW,PVT,global_theta_n_epochs_used,46.0
sub-029,RW,PVT,posterior_alpha_mean_linear,2.5501524384405146e-12
sub-029,RW,PVT,posterior_alpha_mean_db,-115.93396045456502
sub-029,RW,PVT,posterior_alpha_sd_linear,1.8082897278159989e-12
sub-029,RW,PVT,posterior_alpha_cv_linear,
sub-029,RW,PVT,posterior_alpha_n_epochs_used,46.0
sub-029,RW,PVT,frontal_theta_mean_linear,8.090817715486661e-13
sub-029,RW,PVT,frontal_theta_mean_db,-120.9188841175061
sub-029,RW,PVT,frontal_theta_sd_linear,4.652993861055794e-13
sub-029,RW,PVT,frontal_theta_cv_linear,
sub-029,RW,PVT,frontal_theta_n_epochs_used,46.0
sub-029,RW,PVT,frontocentral_theta_mean_linear,5.009809799994132e-13
sub-029,RW,PVT,frontocentral_theta_mean_db,-122.99986316837882
sub-029,RW,PVT,frontocentral_theta_sd_linear,2.3911084445554847e-13
sub-029,RW,PVT,frontocentral_theta_cv_linear,
sub-029,RW,PVT,frontocentral_theta_n_epochs_used,46.0
sub-029,RW,PVT,central_alpha_mean_linear,3.0553157902504633e-13
sub-029,RW,PVT,central_alpha_mean_db,-125.14628387233049
sub-029,RW,PVT,central_alpha_sd_linear,2.6894025879323627e-13
sub-029,RW,PVT,central_alpha_cv_linear,
sub-029,RW,PVT,central_alpha_n_epochs_used,46.0
sub-029,RW,PVT,frontal_beta_mean_linear,2.5721289336077106e-13
sub-029,RW,PVT,frontal_beta_mean_db,-125.89332512847204
sub-029,RW,PVT,frontal_beta_sd_linear,1.0448128716887165e-13
sub-029,RW,PVT,frontal_beta_cv_linear,
sub-029,RW,PVT,frontal_beta_n_epochs_used,46.0
sub-029,RW,PVT,global_theta_alpha_ratio_mean_linear,1.2438601064427892
sub-029,RW,PVT,global_theta_alpha_ratio_sd_linear,0.5216570183186224
sub-029,RW,PVT,global_theta_alpha_ratio_cv_linear,0.4193856010146232
sub-029,RW,PVT,global_theta_alpha_ratio_n_epochs_used,46.0
sub-029,SD,CloseEye,n_epochs_total,33.0
sub-029,SD,CloseEye,global_theta_mean_linear,7.074801600279386e-13
sub-029,SD,CloseEye,global_theta_mean_db,-121.50149451479106
sub-029,SD,CloseEye,global_theta_sd_linear,2.4739731997462116e-13
sub-029,SD,CloseEye,global_theta_cv_linear,
sub-029,SD,CloseEye,global_theta_n_epochs_used,33.0
sub-029,SD,CloseEye,posterior_alpha_mean_linear,9.629525422335095e-13
sub-029,SD,CloseEye,posterior_alpha_mean_db,-120.16294984704851
sub-029,SD,CloseEye,posterior_alpha_sd_linear,7.917487090891921e-13
sub-029,SD,CloseEye,posterior_alpha_cv_linear,
sub-029,SD,CloseEye,posterior_alpha_n_epochs_used,33.0
sub-029,SD,CloseEye,frontal_theta_mean_linear,6.523251758919487e-13
sub-029,SD,CloseEye,frontal_theta_mean_db,-121.85388055852965
sub-029,SD,CloseEye,frontal_theta_sd_linear,2.6765671791282765e-13
sub-029,SD,CloseEye,frontal_theta_cv_linear,
sub-029,SD,CloseEye,frontal_theta_n_epochs_used,33.0
sub-029,SD,CloseEye,frontocentral_theta_mean_linear,5.60444073042159e-13
sub-029,SD,CloseEye,frontocentral_theta_mean_db,-122.51295688530584
sub-029,SD,CloseEye,frontocentral_theta_sd_linear,2.5216466287072214e-13
sub-029,SD,CloseEye,frontocentral_theta_cv_linear,
sub-029,SD,CloseEye,frontocentral_theta_n_epochs_used,33.0
sub-029,SD,CloseEye,central_alpha_mean_linear,2.825459200520449e-13
sub-029,SD,CloseEye,central_alpha_mean_db,-125.48569794170672
sub-029,SD,CloseEye,central_alpha_sd_linear,1.3448420126177095e-13
sub-029,SD,CloseEye,central_alpha_cv_linear,
sub-029,SD,CloseEye,central_alpha_n_epochs_used,33.0
sub-029,SD,CloseEye,frontal_beta_mean_linear,1.5635994951866987e-13
sub-029,SD,CloseEye,frontal_beta_mean_db,-128.0525818035191
sub-029,SD,CloseEye,frontal_beta_sd_linear,6.122555400709721e-14
sub-029,SD,CloseEye,frontal_beta_cv_linear,
sub-029,SD,CloseEye,frontal_beta_n_epochs_used,33.0
sub-029,SD,CloseEye,global_theta_alpha_ratio_mean_linear,1.8565930898464873
sub-029,SD,CloseEye,global_theta_alpha_ratio_sd_linear,1.2199840302972542
sub-029,SD,CloseEye,global_theta_alpha_ratio_cv_linear,0.6571090008732763
sub-029,SD,CloseEye,global_theta_alpha_ratio_n_epochs_used,33.0
sub-029,SD,OpenEye,n_epochs_total,38.0
sub-029,SD,OpenEye,global_theta_mean_linear,6.243766772452669e-13
sub-029,SD,OpenEye,global_theta_mean_db,-122.04398908824963
sub-029,SD,OpenEye,global_theta_sd_linear,4.658475747110588e-13
sub-029,SD,OpenEye,global_theta_cv_linear,
sub-029,SD,OpenEye,global_theta_n_epochs_used,38.0
sub-029,SD,OpenEye,posterior_alpha_mean_linear,1.081871685732903e-12
sub-029,SD,OpenEye,posterior_alpha_mean_db,-119.65735119261367
sub-029,SD,OpenEye,posterior_alpha_sd_linear,1.2654909891241643e-12
sub-029,SD,OpenEye,posterior_alpha_cv_linear,
sub-029,SD,OpenEye,posterior_alpha_n_epochs_used,38.0
sub-029,SD,OpenEye,frontal_theta_mean_linear,6.697276212339671e-13
sub-029,SD,OpenEye,frontal_theta_mean_db,-121.73957825164216
sub-029,SD,OpenEye,frontal_theta_sd_linear,4.5391526963067103e-13
sub-029,SD,OpenEye,frontal_theta_cv_linear,
sub-029,SD,OpenEye,frontal_theta_n_epochs_used,38.0
sub-029,SD,OpenEye,frontocentral_theta_mean_linear,4.729151547237205e-13
sub-029,SD,OpenEye,frontocentral_theta_mean_db,-123.25012905200111
sub-029,SD,OpenEye,frontocentral_theta_sd_linear,2.443289535703399e-13
sub-029,SD,OpenEye,frontocentral_theta_cv_linear,
sub-029,SD,OpenEye,frontocentral_theta_n_epochs_used,38.0
sub-029,SD,OpenEye,central_alpha_mean_linear,3.121730725266217e-13
sub-029,SD,OpenEye,central_alpha_mean_db,-125.0529576294902
sub-029,SD,OpenEye,central_alpha_sd_linear,3.460999109111797e-13
sub-029,SD,OpenEye,central_alpha_cv_linear,
sub-029,SD,OpenEye,central_alpha_n_epochs_used,38.0
sub-029,SD,OpenEye,frontal_beta_mean_linear,1.659667895650911e-13
sub-029,SD,OpenEye,frontal_beta_mean_db,-127.79398158778437
sub-029,SD,OpenEye,frontal_beta_sd_linear,5.949131302170256e-14
sub-029,SD,OpenEye,frontal_beta_cv_linear,
sub-029,SD,OpenEye,frontal_beta_n_epochs_used,38.0
sub-029,SD,OpenEye,global_theta_alpha_ratio_mean_linear,1.7062401185542633
sub-029,SD,OpenEye,global_theta_alpha_ratio_sd_linear,0.9169893147181243
sub-029,SD,OpenEye,global_theta_alpha_ratio_cv_linear,0.5374327474465378
sub-029,SD,OpenEye,global_theta_alpha_ratio_n_epochs_used,38.0
sub-029,SD,PVT,n_epochs_total,1.0
sub-029,SD,PVT,global_theta_mean_linear,7.530735977687989e-13
sub-029,SD,PVT,global_theta_mean_db,-121.23034544844755
sub-029,SD,PVT,global_theta_sd_linear,
sub-029,SD,PVT,global_theta_cv_linear,
sub-029,SD,PVT,global_theta_n_epochs_used,1.0
sub-029,SD,PVT,posterior_alpha_mean_linear,3.9526243225355473e-13
sub-029,SD,PVT,posterior_alpha_mean_db,-124.02870558302865
sub-029,SD,PVT,posterior_alpha_sd_linear,
sub-029,SD,PVT,posterior_alpha_cv_linear,
sub-029,SD,PVT,posterior_alpha_n_epochs_used,1.0
sub-029,SD,PVT,frontal_theta_mean_linear,3.947630593976471e-13
sub-029,SD,PVT,frontal_theta_mean_db,-124.03419282529163
sub-029,SD,PVT,frontal_theta_sd_linear,
sub-029,SD,PVT,frontal_theta_cv_linear,
sub-029,SD,PVT,frontal_theta_n_epochs_used,1.0
sub-029,SD,PVT,frontocentral_theta_mean_linear,6.877774466915078e-13
sub-029,SD,PVT,frontocentral_theta_mean_db,-121.62411882879654
sub-029,SD,PVT,frontocentral_theta_sd_linear,
sub-029,SD,PVT,frontocentral_theta_cv_linear,
sub-029,SD,PVT,frontocentral_theta_n_epochs_used,1.0
sub-029,SD,PVT,central_alpha_mean_linear,4.0154599230189074e-13
sub-029,SD,PVT,central_alpha_mean_db,-123.96024616983375
sub-029,SD,PVT,central_alpha_sd_linear,
sub-029,SD,PVT,central_alpha_cv_linear,
sub-029,SD,PVT,central_alpha_n_epochs_used,1.0
sub-029,SD,PVT,frontal_beta_mean_linear,2.546487668406638e-13
sub-029,SD,PVT,frontal_beta_mean_db,-125.93679898363446
sub-029,SD,PVT,frontal_beta_sd_linear,
sub-029,SD,PVT,frontal_beta_cv_linear,
sub-029,SD,PVT,frontal_beta_n_epochs_used,1.0
sub-029,SD,PVT,global_theta_alpha_ratio_mean_linear,2.401117631921865
sub-029,SD,PVT,global_theta_alpha_ratio_sd_linear,
sub-029,SD,PVT,global_theta_alpha_ratio_cv_linear,
sub-029,SD,PVT,global_theta_alpha_ratio_n_epochs_used,1.0
sub-030,RW,CloseEye,n_epochs_total,407.0
sub-030,RW,CloseEye,global_theta_mean_linear,6.497150977136106e-13
sub-030,RW,CloseEye,global_theta_mean_db,-121.87128643455976
sub-030,RW,CloseEye,global_theta_sd_linear,2.2033646358253673e-13
sub-030,RW,CloseEye,global_theta_cv_linear,
sub-030,RW,CloseEye,global_theta_n_epochs_used,407.0
sub-030,RW,CloseEye,posterior_alpha_mean_linear,1.397011342221618e-12
sub-030,RW,CloseEye,posterior_alpha_mean_db,-118.54731045464037
sub-030,RW,CloseEye,posterior_alpha_sd_linear,1.2080043557689698e-12
sub-030,RW,CloseEye,posterior_alpha_cv_linear,
sub-030,RW,CloseEye,posterior_alpha_n_epochs_used,407.0
sub-030,RW,CloseEye,frontal_theta_mean_linear,6.713324996492459e-13
sub-030,RW,CloseEye,frontal_theta_mean_db,-121.72918707780688
sub-030,RW,CloseEye,frontal_theta_sd_linear,3.566794466144767e-13
sub-030,RW,CloseEye,frontal_theta_cv_linear,
sub-030,RW,CloseEye,frontal_theta_n_epochs_used,407.0
sub-030,RW,CloseEye,frontocentral_theta_mean_linear,5.278031581985845e-13
sub-030,RW,CloseEye,frontocentral_theta_mean_db,-122.77345347963775
sub-030,RW,CloseEye,frontocentral_theta_sd_linear,2.1101490360540814e-13
sub-030,RW,CloseEye,frontocentral_theta_cv_linear,
sub-030,RW,CloseEye,frontocentral_theta_n_epochs_used,407.0
sub-030,RW,CloseEye,central_alpha_mean_linear,3.7924240931084845e-13
sub-030,RW,CloseEye,central_alpha_mean_db,-124.20828900114371
sub-030,RW,CloseEye,central_alpha_sd_linear,2.6467095604876647e-13
sub-030,RW,CloseEye,central_alpha_cv_linear,
sub-030,RW,CloseEye,central_alpha_n_epochs_used,407.0
sub-030,RW,CloseEye,frontal_beta_mean_linear,1.1805774147639176e-13
sub-030,RW,CloseEye,frontal_beta_mean_db,-129.2708946960236
sub-030,RW,CloseEye,frontal_beta_sd_linear,5.089617062789054e-14
sub-030,RW,CloseEye,frontal_beta_cv_linear,
sub-030,RW,CloseEye,frontal_beta_n_epochs_used,407.0
sub-030,RW,CloseEye,global_theta_alpha_ratio_mean_linear,1.253199793822518
sub-030,RW,CloseEye,global_theta_alpha_ratio_sd_linear,0.8376542870350254
sub-030,RW,CloseEye,global_theta_alpha_ratio_cv_linear,0.6684124041227352
sub-030,RW,CloseEye,global_theta_alpha_ratio_n_epochs_used,407.0
sub-030,RW,OpenEye,n_epochs_total,298.0
sub-030,RW,OpenEye,global_theta_mean_linear,7.023205675519456e-13
sub-030,RW,OpenEye,global_theta_mean_db,-121.53327328841615
sub-030,RW,OpenEye,global_theta_sd_linear,2.518104685890427e-13
sub-030,RW,OpenEye,global_theta_cv_linear,
sub-030,RW,OpenEye,global_theta_n_epochs_used,298.0
sub-030,RW,OpenEye,posterior_alpha_mean_linear,6.315225363601589e-13
sub-030,RW,OpenEye,posterior_alpha_mean_db,-121.99458474721945
sub-030,RW,OpenEye,posterior_alpha_sd_linear,3.765466407564539e-13
sub-030,RW,OpenEye,posterior_alpha_cv_linear,
sub-030,RW,OpenEye,posterior_alpha_n_epochs_used,298.0
sub-030,RW,OpenEye,frontal_theta_mean_linear,8.700600893523094e-13
sub-030,RW,OpenEye,frontal_theta_mean_db,-120.60339932027978
sub-030,RW,OpenEye,frontal_theta_sd_linear,5.434529581253655e-13
sub-030,RW,OpenEye,frontal_theta_cv_linear,
sub-030,RW,OpenEye,frontal_theta_n_epochs_used,298.0
sub-030,RW,OpenEye,frontocentral_theta_mean_linear,7.104390604723579e-13
sub-030,RW,OpenEye,frontocentral_theta_mean_db,-121.48337453113297
sub-030,RW,OpenEye,frontocentral_theta_sd_linear,3.2627247344055134e-13
sub-030,RW,OpenEye,frontocentral_theta_cv_linear,
sub-030,RW,OpenEye,frontocentral_theta_n_epochs_used,298.0
sub-030,RW,OpenEye,central_alpha_mean_linear,3.448270145752262e-13
sub-030,RW,OpenEye,central_alpha_mean_db,-124.62119152415136
sub-030,RW,OpenEye,central_alpha_sd_linear,2.644778510209569e-13
sub-030,RW,OpenEye,central_alpha_cv_linear,
sub-030,RW,OpenEye,central_alpha_n_epochs_used,298.0
sub-030,RW,OpenEye,frontal_beta_mean_linear,2.046369886797952e-12
sub-030,RW,OpenEye,frontal_beta_mean_db,-116.88968742392149
sub-030,RW,OpenEye,frontal_beta_sd_linear,1.2442920645107227e-12
sub-030,RW,OpenEye,frontal_beta_cv_linear,
sub-030,RW,OpenEye,frontal_beta_n_epochs_used,298.0
sub-030,RW,OpenEye,global_theta_alpha_ratio_mean_linear,1.2643015418190657
sub-030,RW,OpenEye,global_theta_alpha_ratio_sd_linear,0.5262815852183672
sub-030,RW,OpenEye,global_theta_alpha_ratio_cv_linear,0.4162627093384367
sub-030,RW,OpenEye,global_theta_alpha_ratio_n_epochs_used,298.0
sub-030,RW,PVT,n_epochs_total,31.0
sub-030,RW,PVT,global_theta_mean_linear,9.245892100037177e-13
sub-030,RW,PVT,global_theta_mean_db,-120.33946893689239
sub-030,RW,PVT,global_theta_sd_linear,4.1111867946966894e-13
sub-030,RW,PVT,global_theta_cv_linear,
sub-030,RW,PVT,global_theta_n_epochs_used,31.0
sub-030,RW,PVT,posterior_alpha_mean_linear,5.198558893135033e-13
sub-030,RW,PVT,posterior_alpha_mean_db,-122.83931572260086
sub-030,RW,PVT,posterior_alpha_sd_linear,2.80695840227819e-13
sub-030,RW,PVT,posterior_alpha_cv_linear,
sub-030,RW,PVT,posterior_alpha_n_epochs_used,31.0
sub-030,RW,PVT,frontal_theta_mean_linear,9.811516028013312e-13
sub-030,RW,PVT,frontal_theta_mean_db,-120.08165608205223
sub-030,RW,PVT,frontal_theta_sd_linear,5.246907674773637e-13
sub-030,RW,PVT,frontal_theta_cv_linear,
sub-030,RW,PVT,frontal_theta_n_epochs_used,31.0
sub-030,RW,PVT,frontocentral_theta_mean_linear,7.976090594667772e-13
sub-030,RW,PVT,frontocentral_theta_mean_db,-120.98089036384934
sub-030,RW,PVT,frontocentral_theta_sd_linear,4.190217047665302e-13
sub-030,RW,PVT,frontocentral_theta_cv_linear,
sub-030,RW,PVT,frontocentral_theta_n_epochs_used,31.0
sub-030,RW,PVT,central_alpha_mean_linear,2.4440306611697006e-13
sub-030,RW,PVT,central_alpha_mean_db,-126.11498964764102
sub-030,RW,PVT,central_alpha_sd_linear,1.4218377281818289e-13
sub-030,RW,PVT,central_alpha_cv_linear,
sub-030,RW,PVT,central_alpha_n_epochs_used,31.0
sub-030,RW,PVT,frontal_beta_mean_linear,4.566154055053921e-13
sub-030,RW,PVT,frontal_beta_mean_db,-123.40238301194809
sub-030,RW,PVT,frontal_beta_sd_linear,4.3440960331569455e-13
sub-030,RW,PVT,frontal_beta_cv_linear,
sub-030,RW,PVT,frontal_beta_n_epochs_used,31.0
sub-030,RW,PVT,global_theta_alpha_ratio_mean_linear,2.3434714103205034
sub-030,RW,PVT,global_theta_alpha_ratio_sd_linear,1.6586910475431051
sub-030,RW,PVT,global_theta_alpha_ratio_cv_linear,0.7077923119686171
sub-030,RW,PVT,global_theta_alpha_ratio_n_epochs_used,31.0
sub-030,SD,CloseEye,n_epochs_total,255.0
sub-030,SD,CloseEye,global_theta_mean_linear,1.0861218683072474e-12
sub-030,SD,CloseEye,global_theta_mean_db,-119.64032664769704
sub-030,SD,CloseEye,global_theta_sd_linear,4.5392822125571884e-13
sub-030,SD,CloseEye,global_theta_cv_linear,
sub-030,SD,CloseEye,global_theta_n_epochs_used,255.0
sub-030,SD,CloseEye,posterior_alpha_mean_linear,7.986218503193618e-13
sub-030,SD,CloseEye,posterior_alpha_mean_db,-120.97538079505334
sub-030,SD,CloseEye,posterior_alpha_sd_linear,6.445275340462737e-13
sub-030,SD,CloseEye,posterior_alpha_cv_linear,
sub-030,SD,CloseEye,posterior_alpha_n_epochs_used,255.0
sub-030,SD,CloseEye,frontal_theta_mean_linear,1.0723052220164514e-12
sub-030,SD,CloseEye,frontal_theta_mean_db,-119.69591658031185
sub-030,SD,CloseEye,frontal_theta_sd_linear,6.8562365658742e-13
sub-030,SD,CloseEye,frontal_theta_cv_linear,
sub-030,SD,CloseEye,frontal_theta_n_epochs_used,255.0
sub-030,SD,CloseEye,frontocentral_theta_mean_linear,8.788975089642929e-13
sub-030,SD,CloseEye,frontocentral_theta_mean_db,-120.55952060165384
sub-030,SD,CloseEye,frontocentral_theta_sd_linear,5.601974258473002e-13
sub-030,SD,CloseEye,frontocentral_theta_cv_linear,
sub-030,SD,CloseEye,frontocentral_theta_n_epochs_used,255.0
sub-030,SD,CloseEye,central_alpha_mean_linear,3.6079160295042323e-13
sub-030,SD,CloseEye,central_alpha_mean_db,-124.42476379961526
sub-030,SD,CloseEye,central_alpha_sd_linear,2.5380562410291263e-13
sub-030,SD,CloseEye,central_alpha_cv_linear,
sub-030,SD,CloseEye,central_alpha_n_epochs_used,255.0
sub-030,SD,CloseEye,frontal_beta_mean_linear,1.4748840047250632e-13
sub-030,SD,CloseEye,frontal_beta_mean_db,-128.3058879325202
sub-030,SD,CloseEye,frontal_beta_sd_linear,7.847815185552052e-14
sub-030,SD,CloseEye,frontal_beta_cv_linear,
sub-030,SD,CloseEye,frontal_beta_n_epochs_used,255.0
sub-030,SD,CloseEye,global_theta_alpha_ratio_mean_linear,2.4788248206728665
sub-030,SD,CloseEye,global_theta_alpha_ratio_sd_linear,1.2014276871905476
sub-030,SD,CloseEye,global_theta_alpha_ratio_cv_linear,0.4846763180564026
sub-030,SD,CloseEye,global_theta_alpha_ratio_n_epochs_used,255.0
sub-030,SD,OpenEye,n_epochs_total,291.0
sub-030,SD,OpenEye,global_theta_mean_linear,7.594794902390755e-13
sub-030,SD,OpenEye,global_theta_mean_db,-121.19356996178831
sub-030,SD,OpenEye,global_theta_sd_linear,3.0453310726593783e-13
sub-030,SD,OpenEye,global_theta_cv_linear,
sub-030,SD,OpenEye,global_theta_n_epochs_used,291.0
sub-030,SD,OpenEye,posterior_alpha_mean_linear,8.901291646447718e-13
sub-030,SD,OpenEye,posterior_alpha_mean_db,-120.50438647116971
sub-030,SD,OpenEye,posterior_alpha_sd_linear,7.654660356828449e-13
sub-030,SD,OpenEye,posterior_alpha_cv_linear,
sub-030,SD,OpenEye,posterior_alpha_n_epochs_used,291.0
sub-030,SD,OpenEye,frontal_theta_mean_linear,8.826929007286277e-13
sub-030,SD,OpenEye,frontal_theta_mean_db,-120.54081131701558
sub-030,SD,OpenEye,frontal_theta_sd_linear,6.762311548644046e-13
sub-030,SD,OpenEye,frontal_theta_cv_linear,
sub-030,SD,OpenEye,frontal_theta_n_epochs_used,291.0
sub-030,SD,OpenEye,frontocentral_theta_mean_linear,6.63490864312681e-13
sub-030,SD,OpenEye,frontocentral_theta_mean_db,-121.78019735443442
sub-030,SD,OpenEye,frontocentral_theta_sd_linear,3.607290850235193e-13
sub-030,SD,OpenEye,frontocentral_theta_cv_linear,
sub-030,SD,OpenEye,frontocentral_theta_n_epochs_used,291.0
sub-030,SD,OpenEye,central_alpha_mean_linear,3.9075570374946576e-13
sub-030,SD,OpenEye,central_alpha_mean_db,-124.07847958823807
sub-030,SD,OpenEye,central_alpha_sd_linear,3.370848316375543e-13
sub-030,SD,OpenEye,central_alpha_cv_linear,
sub-030,SD,OpenEye,central_alpha_n_epochs_used,291.0
sub-030,SD,OpenEye,frontal_beta_mean_linear,2.7224473980806975e-13
sub-030,SD,OpenEye,frontal_beta_mean_db,-125.64686433663994
sub-030,SD,OpenEye,frontal_beta_sd_linear,2.4256295209226633e-13
sub-030,SD,OpenEye,frontal_beta_cv_linear,
sub-030,SD,OpenEye,frontal_beta_n_epochs_used,291.0
sub-030,SD,OpenEye,global_theta_alpha_ratio_mean_linear,1.797091737414822
sub-030,SD,OpenEye,global_theta_alpha_ratio_sd_linear,1.1909763319169198
sub-030,SD,OpenEye,global_theta_alpha_ratio_cv_linear,0.6627242823063556
sub-030,SD,OpenEye,global_theta_alpha_ratio_n_epochs_used,291.0
sub-030,SD,PVT,n_epochs_total,27.0
sub-030,SD,PVT,global_theta_mean_linear,9.560111487609894e-13
sub-030,SD,PVT,global_theta_mean_db,-120.19436184876325
sub-030,SD,PVT,global_theta_sd_linear,5.153643318531963e-13
sub-030,SD,PVT,global_theta_cv_linear,
sub-030,SD,PVT,global_theta_n_epochs_used,27.0
sub-030,SD,PVT,posterior_alpha_mean_linear,8.262725678742862e-13
sub-030,SD,PVT,posterior_alpha_mean_db,-120.82759973040115
sub-030,SD,PVT,posterior_alpha_sd_linear,8.790810817691374e-13
sub-030,SD,PVT,posterior_alpha_cv_linear,
sub-030,SD,PVT,posterior_alpha_n_epochs_used,27.0
sub-030,SD,PVT,frontal_theta_mean_linear,1.3034979818854321e-12
sub-030,SD,PVT,frontal_theta_mean_db,-118.8481566320931
sub-030,SD,PVT,frontal_theta_sd_linear,1.6016922938390674e-12
sub-030,SD,PVT,frontal_theta_cv_linear,
sub-030,SD,PVT,frontal_theta_n_epochs_used,27.0
sub-030,SD,PVT,frontocentral_theta_mean_linear,8.958343960773127e-13
sub-030,SD,PVT,frontocentral_theta_mean_db,-120.47664634194058
sub-030,SD,PVT,frontocentral_theta_sd_linear,7.816920333706477e-13
sub-030,SD,PVT,frontocentral_theta_cv_linear,
sub-030,SD,PVT,frontocentral_theta_n_epochs_used,27.0
sub-030,SD,PVT,central_alpha_mean_linear,3.172148114459914e-13
sub-030,SD,PVT,central_alpha_mean_db,-124.98342650831674
sub-030,SD,PVT,central_alpha_sd_linear,1.8835603891656798e-13
sub-030,SD,PVT,central_alpha_cv_linear,
sub-030,SD,PVT,central_alpha_n_epochs_used,27.0
sub-030,SD,PVT,frontal_beta_mean_linear,2.963791676692212e-13
sub-030,SD,PVT,frontal_beta_mean_db,-125.27827078247299
sub-030,SD,PVT,frontal_beta_sd_linear,1.5460111718180642e-13
sub-030,SD,PVT,frontal_beta_cv_linear,
sub-030,SD,PVT,frontal_beta_n_epochs_used,27.0
sub-030,SD,PVT,global_theta_alpha_ratio_mean_linear,2.2971979558578237
sub-030,SD,PVT,global_theta_alpha_ratio_sd_linear,1.8204380892520642
sub-030,SD,PVT,global_theta_alpha_ratio_cv_linear,0.7924602599484174
sub-030,SD,PVT,global_theta_alpha_ratio_n_epochs_used,27.0
