Name,Term,ES,NES,NOM p-val,FDR q-val,FWER p-val,Tag %,Gene %,Lead_genes
prerank,"Oxidoreductase Activity, Acting On NAD(P)H, Quinone Or Similar Compound As Acceptor (GO:0016655)",0.8288368674039397,2.424901903612666,0.0,0.0,0.0,11/14,11.39%,TP53I3;AKR1C3;AKR1C1;AIFM2;DHRS4;AKR1C4;CRYZ;NQO1;CBR1;CBR4;DCXR
prerank,MHC Class II Protein Complex Binding (GO:0023026),0.6651493355937436,2.223047399097772,0.0,0.0026787017156198537,0.005,15/22,21.99%,CD81;HLA-DMA;HLA-DOA;HLA-DRB5;HLA-DRB1;HLA-DRB4;HLA-DMB;GNAO1;CD4;CD74;HLA-DOB;HLA-DRA;HLA-DPA1;HLA-DRB3;B2M
prerank,Chemokine Binding (GO:0019956),0.7246680949652106,2.1020669178139983,0.0,0.010714806862479415,0.029,10/14,19.66%,CXCR4;FGF2;CX3CR1;CCR1;PLP2;CXCR3;CCR5;ZFP36;ACKR3;PDPN
prerank,Histone H4 Acetyltransferase Activity (GO:0010485),-0.6983471661171023,-2.0648190603473733,0.0,0.020916572117939364,0.02,11/19,18.09%,KAT8;MSL3;KAT6A;JADE1;ING3;BRPF3;USP22;BRD1;BRPF1;EP300;NAA50
prerank,Protein-Lysine N-methyltransferase Activity (GO:0016279),-0.5575123290284202,-2.0176822588357304,0.0,0.023293455313159746,0.045,19/44,16.12%,SETBP1;SETD6;ASH1L;EEF1AKMT2;SETDB1;EZH1;SUV39H2;SMYD2;CSKMT;KMT2B;SETDB2;NSD3;METTL21A;SETD1A;EZH2;KMT5B;SETD2;DOT1L;NSD2
prerank,NAD Binding (GO:0051287),0.6030857759544496,1.9752205058115235,0.0,0.05009172208209126,0.155,10/23,12.95%,BDH2;ZC3HAV1;HPGD;ME1;CRYL1;GLUD1;QDPR;CRYZ;ALDH2;HSD17B8
prerank,Fibroblast Growth Factor Binding (GO:0017134),0.6652717369222562,1.9746106632928468,0.0,0.0402876738029226,0.156,5/15,10.62%,GLG1;S100A13;THBS1;FGFR3;FGFR1
prerank,Serine-Type Endopeptidase Inhibitor Activity (GO:0004867),0.563922329601935,1.9462505045261134,0.0023584905660377358,0.0439307081361656,0.198,13/25,22.43%,SERPINB1;ANXA2;SERPINA1;SERPINB8;SERPINI2;SERPINA6;SERPINB2;SERPINB6;TFPI;APLP2;SERPINH1;SERPINA3;SERPINE2
prerank,Transcription Coactivator Binding (GO:0001223),-0.5688164368036349,-1.8996551757262858,0.0,0.08937080814028636,0.219,12/31,15.12%,TRERF1;ZBTB8A;CCNT2;CDK9;THRB;MED6;PPARD;MED9;VGLL4;ZBTB17;EP300;CREBBP
prerank,Histone H4K8 Acetyltransferase Activity (GO:0043996),-0.7714639854306051,-1.8950926165129662,0.0,0.05647474471843628,0.226,6/10,14.08%,KAT8;KAT6A;JADE1;ING3;BRPF3;BRPF1
prerank,Histone H4K5 Acetyltransferase Activity (GO:0043995),-0.7714639854306051,-1.8950926165129662,0.0,0.05647474471843628,0.226,6/10,14.08%,KAT8;KAT6A;JADE1;ING3;BRPF3;BRPF1
prerank,Syntaxin-1 Binding (GO:0017075),-0.6785475653520145,-1.8840572619618998,0.00718132854578097,0.05482677236975015,0.254,8/15,12.62%,STXBP1;LRRK2;UNC13B;SNAP25;UNC13C;PRRT2;SNPH;STXBP5
prerank,Steroid Hydroxylase Activity (GO:0008395),0.7103572910957896,1.8754495077382864,0.004357298474945534,0.07913650211288367,0.379,9/11,24.97%,CYP11A1;CYP1B1;CYP7B1;CYP11B1;CYP17A1;CYP2B6;CYP3A5;CYP27A1;CYP3A43
prerank,Carboxylic Ester Hydrolase Activity (GO:0052689),0.42731670138024547,1.8619233463631881,0.0,0.08009318129703362,0.417,35/73,29.83%,BCHE;ACHE;ABHD1;LCAT;TNFAIP6;PLA2G15;LYPLAL1;PON2;PNPLA4;ABHD12B;ABHD4;LCP1;ALDH2;PAFAH2;PGAP1;PON3;BPHL;NDST1;CA2;PTRH2;H6PD;PLA1A;PRDX6;PLA2G12A;CES1;LIPE;AOAH;PLB1;ENPP2;PNPLA1;ABHD12;PLA2G6;PNPLA3;GDE1;ABHD3
prerank,Ligand-Gated Calcium Channel Activity (GO:0099604),-0.6564234332993978,-1.8603475255250235,0.0037243947858473,0.06302136014755756,0.331,5/16,4.64%,GRIN2A;ITPR1;RASA3;RYR2;GRIN1
prerank,"Oxidoreductase Activity, Acting On The CH-OH Group Of Donors, NAD Or NADP As Acceptor (GO:0016616)",0.42852394322681847,1.857534154853548,0.0,0.07369406053194176,0.429,35/72,21.63%,BDH2;AKR1C3;HSD17B10;LDHD;HPGD;AKR1C1;ME2;ME1;CRYL1;DHRS4;PHGDH;AKR1C4;DHRS4L1;RDH10;KDSR;HADHB;CBR1;CBR4;AKR7A3;DCXR;AKR7A2;RDH11;HSD17B8;HSD17B7;ADH5;HSD17B6;H6PD;RDH12;HADHA;AKR7L;DHRS7B;HSD3B7;LDHAL6A;ME3;LDHA
prerank,Histone H3K9 Demethylase Activity (GO:0032454),-0.7070886056101869,-1.8251206938057416,0.0,0.08509241838888969,0.465,4/11,6.58%,KDM1A;KDM4A;JMJD1C;KDM4C
prerank,NADPH Binding (GO:0070402),0.6387801267376845,1.822101015460905,0.004545454545454545,0.09461174459569323,0.557,7/13,13.92%,TP53I3;LBR;QDPR;CRYZ;DECR1;CBR4;NDOR1
prerank,JUN Kinase Kinase Kinase Activity (GO:0004706),-0.7076181044121098,-1.803919226557824,0.0037243947858473,0.09972345494613515,0.556,5/10,8.18%,MAP3K13;MAP3K21;MAP3K10;MAP3K9;MAP3K12
prerank,Chemokine Receptor Activity (GO:0004950),0.646432473063386,1.7965794118792333,0.009345794392523364,0.1082195493110421,0.643,9/12,28.20%,CXCR4;CX3CR1;CCR1;CCR7;CXCR3;CCR5;ACKR3;GPR17;GPR75
prerank,Transcription Coregulator Binding (GO:0001221),-0.43370901175965443,-1.785197282977843,0.0,0.11038245558603456,0.629,28/88,15.12%,ZBTB16;TRERF1;FAM89B;PER1;CTCF;PER2;ZBTB8A;NR1D1;CCNT2;CDK9;THRB;UBE2I;MED6;PPARD;MED9;EED;PBX1;ETS1;HDAC3;STK36;EZH2;VGLL4;ZBTB17;TRAPPC2B;EP300;MTF2;MYC;CREBBP
prerank,Voltage-Gated Monoatomic Cation Channel Activity (GO:0022843),-0.46542370267299965,-1.7830446757114995,0.0,0.10259492191733069,0.635,31/62,16.92%,HCN1;CACNG2;CACNA1I;KCNS2;CACNG8;KCND3;KCNMA1;CACNA2D3;CACNG7;PKD2;KCNH3;KCNH4;CACNA1C;LRRC38;KCNS3;CACNA1A;KCNC1;CACNA1D;KCNC3;KCNQ5;KCNC4;KCNV2;CACNB4;TPCN2;CACNA1B;KCNJ11;CACNB1;KCNF1;KCNA1;CACNB3;KCNA2
prerank,Single-Stranded DNA Helicase Activity (GO:0017116),-0.5896625117095544,-1.7825200960286591,0.005385996409335727,0.09475841004945257,0.637,12/20,23.85%,DSCC1;PIF1;RFC5;HELQ;RFC2;MCM6;MCM4;WRNIP1;MCM8;RFC4;MCM2;DNA2
prerank,"Oxidoreductase Activity, Acting On The CH-CH Group Of Donors, NAD Or NADP As Acceptor (GO:0016628)",0.593183278965505,1.7806095380873344,0.0064516129032258064,0.11393411297103109,0.69,10/17,22.42%,BDH2;LBR;TBXAS1;DECR1;TM7SF2;DHCR7;BLVRB;TECR;DHCR24;DPYD
prerank,MAP Kinase Kinase Kinase Activity (GO:0004709),-0.6112810009842791,-1.7729685027970148,0.005357142857142857,0.09631862055708441,0.683,7/17,9.28%,MAP3K13;MAP3K21;LRRK2;MAP3K10;MAP3K9;MAP3K12;MAP3K4
prerank,Histone H4K12 Acetyltransferase Activity (GO:0043997),-0.7178012307267021,-1.7718353257783177,0.0018148820326678765,0.09025365046993966,0.685,5/10,14.08%,KAT6A;JADE1;ING3;BRPF3;BRPF1
prerank,Cyclin-Dependent Protein Kinase Activity (GO:0097472),-0.6001464668933277,-1.7676712892618565,0.0017761989342806395,0.08188362607534216,0.695,11/20,24.70%,CDKL1;CDK13;CDK14;CDK9;CDKL3;CDK20;CDK19;CDK10;CDK11A;CDK11B;CDKL2
prerank,Cyclin-Dependent Protein Serine/Threonine Kinase Activity (GO:0004693),-0.6001464668933277,-1.7676712892618565,0.0017761989342806395,0.08188362607534216,0.695,11/20,24.70%,CDKL1;CDK13;CDK14;CDK9;CDKL3;CDK20;CDK19;CDK10;CDK11A;CDK11B;CDKL2
prerank,Promoter-Specific Chromatin Binding (GO:1990841),-0.5204205808048183,-1.766328451879691,0.005136986301369863,0.07835325544714719,0.7,17/33,27.84%,EGR1;KDM1A;SETDB1;NUP98;PRDM1;ZNF609;ZNF304;EZH2;GTF2F1;DNMT1;TRIM28;GTF2B;ZC3H4;ATF4;EHMT2;E2F4;PCGF1
prerank,Alcohol Dehydrogenase (NADP+) Activity (GO:0008106),0.6139284762752203,1.7541282790571118,0.004484304932735426,0.1336053994159933,0.772,9/14,17.37%,AKR1C3;AKR1C1;DHRS4;AKR1C4;RDH10;AKR7A2;RDH11;RDH14;RDH12
prerank,Chromatin DNA Binding (GO:0031490),-0.46773514770248165,-1.7513100241609656,0.001567398119122257,0.08672982681226372,0.767,18/55,18.08%,RBBP4;CLOCK;PER1;CTCF;JMJD1C;POLE3;SBNO2;SBNO1;MBD3;EZH2;GATAD2B;EP300;CREBBP;HR;ACTN4;SMARCC2;TOX;PPARGC1A
prerank,Cadherin Binding Involved In Cell-Cell Adhesion (GO:0098641),0.5910014205096779,1.7510764654166464,0.007211538461538462,0.12750620166350504,0.783,10/15,26.11%,ANXA2;PDLIM5;RAB10;STXBP6;CNN3;S100A11;TRIM29;CDC42EP1;EPCAM;TMOD3
prerank,Histone Deacetylase Activity (GO:0004407),-0.5894788420613151,-1.7416611040117738,0.011090573012939002,0.09037160106458969,0.796,5/17,11.81%,HDAC4;SIRT4;HDAC8;HDAC10;HDAC3
prerank,Histone H3 Methyltransferase Activity (GO:0140938),-0.5080742932663187,-1.7415662880963056,0.0034129692832764505,0.0858530210113602,0.796,15/34,19.17%,SETBP1;SETDB1;EZH1;SUV39H2;SMYD2;KMT2B;SETDB2;NSD3;SETD1A;EZH2;SETD2;DOT1L;NSD2;KMT2E;CARM1
prerank,Nuclear Receptor Coactivator Activity (GO:0030374),-0.46647934635566396,-1.7396030196815508,0.0033222591362126247,0.08298717898740877,0.802,26/49,22.19%,KDM1A;TRERF1;PRKCB;RBM14;DCAF6;PPARGC1B;ZMIZ1;BRD8;ETS1;TACC1;USP22;MED22;PPRC1;NCOA6;MED12;ACTN4;CALCOCO1;NCOA1;PPARGC1A;CCAR1;ATXN7L3;CARM1;ELK1;MED30;MED1;ZMIZ2
prerank,Histone H3K4 Methyltransferase Activity (GO:0042800),-0.691204673303502,-1.73546472971047,0.0075046904315197,0.08353664029747271,0.821,4/11,11.44%,SETBP1;KMT2B;NSD3;SETD1A
prerank,Syntaxin Binding (GO:0019905),-0.4620216655702674,-1.72893155780292,0.0033003300330033004,0.08577448052317031,0.845,16/50,15.03%,STXBP5L;STXBP1;LRRK2;PTPN2;UNC13B;STX6;SNAP25;UNC13C;CACNA1A;NAPA;PRRT2;SNPH;DAPK1;STXBP5;STX10;STX8
prerank,"Oxidoreductase Activity, Acting On The Aldehyde Or Oxo Group Of Donors, NAD Or NADP As Acceptor (GO:0016620)",0.5854916693517749,1.726030591092761,0.009153318077803204,0.1494358397087129,0.863,7/16,12.35%,AKR1C3;ALDH9A1;AKR1C4;ALDH4A1;ALDH2;ALDH3A2;ALDH6A1
prerank,Alkali Metal Ion Binding (GO:0031420),-0.6978293837017076,-1.722733481956457,0.005597014925373134,0.08723161326458802,0.866,8/10,20.62%,HDAC4;ATP4A;PDXK;ATP1A1;KCNJ11;DRG1;IMPA1;TDG
prerank,SUMO Ligase Activity (GO:0061665),-0.6468435738103404,-1.7067369773771524,0.02018348623853211,0.09674865357825045,0.898,8/12,24.56%,PIAS2;EGR2;ZMIZ1;PIAS1;PIAS4;KIAA1586;ZMIZ2;RANBP2
prerank,Copper Ion Binding (GO:0005507),0.453522429571418,1.6972586688211142,0.005076142131979695,0.17806669654582977,0.914,14/36,19.94%,S100A13;SNCG;HEPH;ATP7A;LACC1;RNF7;ATOX1;MUC2;ALB;CUTA;ATP7B;PAM;AOC3;LOXL3
prerank,Cytokine Receptor Activity (GO:0004896),0.41804246021709174,1.6893116171858287,0.005509641873278237,0.1787481897764213,0.929,25/53,26.99%,IL13RA1;CX3CR1;CCR1;IL3RA;LEPR;IL21R;IL10RB;LIFR;IL17RB;IL13RA2;IL4R;CD44;CD4;IL10RA;CD74;GFRAL;CXCR3;CCR5;CSF2RA;MPL;IL2RB;IL9R;IL17REL;CRLF2;GPR17
prerank,bHLH Transcription Factor Binding (GO:0043425),-0.5707636488415041,-1.6878080648225753,0.0051813471502590676,0.11259112858590088,0.93,8/18,17.42%,KDM1A;FHL2;MAP3K10;USF1;USF2;SCX;CREBBP;BHLHE40
prerank,Monocarboxylic Acid Binding (GO:0033293),0.5893438553288792,1.6877031060794583,0.013605442176870748,0.17090116945654665,0.929,7/13,16.66%,PYGL;AKR1C3;NR2F2;AKR1C4;RXRA;LCN12;CYP2W1
prerank,Phosphatidate Phosphatase Activity (GO:0008195),0.5869183243643832,1.6874479375770892,0.02745995423340961,0.16218833966574103,0.929,7/13,20.94%,PLPP4;PLPP3;PLPP6;PLPPR1;LPIN3;PLPP2;PLPPR3
prerank,Voltage-Gated Potassium Channel Activity (GO:0005249),-0.42348628441002534,-1.6610569708612792,0.009538950715421303,0.1364859150322104,0.965,21/64,9.25%,KCNJ3;KCNJ6;KCNB1;KCNS1;KCNT1;KCNH1;KCNS2;KCND3;KCNMA1;KCNN1;PKD2;KCNH3;KCNJ9;KCNH4;LRRC38;KCNS3;KCNC1;KCNC3;KCNQ5;KCNC4;KCNV2
prerank,NADP Binding (GO:0050661),0.45172216270486737,1.65171601161591,0.0170316301703163,0.1996168518479915,0.969,14/32,22.49%,TP53I3;ME1;LBR;QDPR;CRYZ;DECR1;TM7SF2;CBR4;DHCR7;NDOR1;NOS3;ME3;DPYD;DHFR
prerank,Adenyl Nucleotide Binding (GO:0030554),0.4755198052925593,1.6453109164041837,0.02107728337236534,0.1983259727355118,0.971,13/27,25.34%,BDH2;HPGD;ME1;TM7SF2;ALDH2;DHCR7;IFIH1;NDOR1;NOS3;DPYD;DHFR;CAT;DHFR2
prerank,Myosin V Binding (GO:0031489),0.5828455974928541,1.6434097479654526,0.03255813953488372,0.1919411538410517,0.971,7/13,20.47%,RAB10;RAB3C;RAB39B;RAB3D;RAB8A;RAB11A;RAB6A
prerank,SUMO Transferase Activity (GO:0019789),-0.5329394841198967,-1.6425420922804972,0.014925373134328358,0.1552444281221084,0.977,11/23,24.56%,HDAC4;PIAS2;EGR2;ZMIZ1;UBE2I;PIAS1;PIAS4;KIAA1586;TRIM28;ZMIZ2;RANBP2
prerank,SUMO Binding (GO:0032183),-0.6039483953399586,-1.6415501742019951,0.017793594306049824,0.151333694194997,0.979,8/14,27.40%,GCNA;RNF111;HERC2;SIMC1;UBA2;TDG;USP25;SERBP1
prerank,Flavin Adenine Dinucleotide Binding (GO:0050660),0.41283135980174535,1.6383702861103884,0.0078125,0.1894191508819187,0.974,24/47,22.99%,SQOR;LDHD;SQLE;CYBB;ACOX2;CYB5R1;AIFM2;ACADVL;CYB5R3;ETFDH;ACOX1;TXNRD1;CYB5R2;KDM1B;NDOR1;ILVBL;NOS3;GFER;PRODH;POR;GCDH;GSR;DPYD;HCRT
prerank,Potassium Channel Activity (GO:0005267),-0.41941718235419095,-1.6360799835329578,0.00631911532385466,0.15386357217059943,0.982,28/66,21.09%,HCN1;KCNK12;KCNK10;KCNT1;KCNS2;KCND3;KCNMA1;KCNN1;PKD2;KCNH3;KCNH4;LRRC38;KCNS3;KCNC1;KCNC3;KCNQ5;KCNC4;KCNV2;TMEM38A;PKD2L1;KCNJ11;KCNF1;KCNA1;KCNA2;KCNK6;LRRC55;KCNN2;KCNT2
prerank,cAMP Binding (GO:0030552),-0.6695709730679351,-1.6294086036174162,0.02033271719038817,0.1572729938721306,0.985,4/10,18.30%,HCN1;PDE4A;RAPGEF2;POPDC3
prerank,Transcription Corepressor Binding (GO:0001222),-0.45270640053824446,-1.6250776586555493,0.0049504950495049506,0.15711197920406728,0.986,20/41,26.02%,ZBTB16;FAM89B;PER1;PER2;NR1D1;EED;PBX1;ETS1;HDAC3;STK36;EZH2;TRAPPC2B;MTF2;ELOC;ZBTB7A;EHMT1;THAP7;CNOT2;EHMT2;LCOR
prerank,Phospholipid Transfer Activity (GO:0120014),0.5077664343146194,1.619319836653843,0.020512820512820513,0.20733151278897666,0.985,8/20,16.32%,PITPNC1;GLTPD2;OSBPL2;PRELID3B;GLTP;PLTP;MTTP;CPTP
prerank,Peptidase Activator Activity Involved In Apoptotic Process (GO:0016505),0.5226583706054004,1.6088096980637498,0.02040816326530612,0.2143389964770382,0.988,8/18,19.93%,CTSH;RPS27L;CASP1;PYCARD;CARD8;MAL;ST20;CTSS
prerank,GDP Binding (GO:0019003),0.39031924877058893,1.6078075060526331,0.00267379679144385,0.2076199883583511,0.988,15/57,12.74%,RIT1;RAB31;DIRAS3;RAB29;RALA;RAB10;RAB4A;RAP1B;RASL12;RAB8B;RRAS;RAB22A;NRAS;RAB8A;RAB21
prerank,Ionotropic Glutamate Receptor Activity (GO:0004970),-0.5771291128893075,-1.6056387156564136,0.020905923344947737,0.17816540217264054,0.993,5/15,18.93%,GRIN2A;GRIN1;GRIA2;GRIA3;PTK2B
prerank,Protein Serine/Threonine Kinase Activity (GO:0004674),-0.3294425366062216,-1.6051092841536367,0.0,0.17387599656329808,0.993,87/302,21.29%,MAP3K13;CDKL1;MAST4;HUNK;PRKCE;LRRK2;RPS6KA3;CDK13;LMTK2;MOK;SRPK1;CAMK2A;GRK3;PRKCA;BRSK1;CAMK1D;MAP3K10;NUAK1;PRKCB;ACVR1B;CLK4;GRK2;CLK2;ULK3;BRSK2;CAMK2G;PLK2;LRRK1;NIM1K;CDK14;ROCK2;MAP3K9;DAPK3;CAMKK2;TLK2;CDK9;PRKCI;CAMKK1;LATS1;MAP3K12;MAP3K4;RPS6KB1;GSK3B;CAMK1;AKT1;MAPKAPK5;PASK;CDKL3;MKNK2;RAF1;STK36;MARK3;CDK20;DAPK1;MAPK13;CDK19;AKT3;ULK1;CDK10;MARK2;PLK1;MAP4K2;CSNK1G1;TTBK1;MKNK1;MAST1;STK4;MAPK8;PRKD2;PAK1;CDC7;AKT2;ATP23;MAPK14;PIM1;MASTL;PTK2B;TOP1;HIPK1;GSK3A;SIK2;VRK3;RPS6KA4;PIK3R4;WNK3;PRKAB2;CDK11A
prerank,Cysteine-Type Endopeptidase Activator Activity Involved In Apoptotic Process (GO:0008656),0.5366132611587309,1.5737262259957334,0.027210884353741496,0.2535440779421518,0.998,7/16,19.93%,CTSH;RPS27L;CASP1;PYCARD;CARD8;ST20;CTSS
prerank,Microtubule Minus-End Binding (GO:0051011),-0.5917068551867022,-1.5653263912268474,0.043557168784029036,0.22790914294741724,0.997,7/12,24.45%,CAMSAP3;TUBGCP6;TUBGCP5;TUBGCP4;TUBGCP2;TUBGCP3;CAMSAP2
prerank,Histone H3 Acetyltransferase Activity (GO:0010484),-0.5878613328480553,-1.5622566691044801,0.03697183098591549,0.22744131196931036,0.997,7/13,14.67%,KAT6B;KAT6A;JADE1;MCM3AP;BRPF3;BRD1;EP300
prerank,"DNA-binding Transcription Repressor Activity, RNA Polymerase II-specific (GO:0001227)",-0.3363389369715791,-1.5589783734641165,0.0,0.22666472070312424,0.997,51/196,17.54%,ZBTB16;NKX6-3;POU6F1;SATB1;BCL11A;KCNIP3;ZNF148;ZNF398;MXD1;PRDM2;LRRFIP1;MYT1L;CTCF;ZBTB18;ZFP69B;ZNF785;ZBTB8A;ZNF133;NR1D1;PRDM1;FOXP4;ZNF669;ETS2;ZNF124;FOXP1;E2F6;ZNF487;PPARD;JDP2;MNT;SKIL;YY1;ZNF343;MZF1;ZNF692;NR3C1;SCRT1;CEBPB;MLX;ZNF557;FOXK1;NFX1;ZBTB4;INSM2;MYC;ERF;ZNF749;ZNF425;ZNF77;BHLHE40;CC2D1A
prerank,DNA Secondary Structure Binding (GO:0000217),-0.48356955088328823,-1.5504078178915255,0.03292894280762565,0.23441072269494484,0.998,12/26,28.72%,RAD51C;RAD51D;MEF2C;YY1;LIN54;RAD18;MEN1;SMC6;GEN1;RECQL4;MSH2;MAPT
prerank,Heparan Sulfate Sulfotransferase Activity (GO:0034483),-0.6060730521540573,-1.5489396329531104,0.047619047619047616,0.23108180315378465,0.999,5/10,12.49%,HS3ST4;HS6ST1;NDST2;HS3ST2;HS3ST1
prerank,Gamma-Tubulin Binding (GO:0043015),-0.48821958287403455,-1.5429394577465476,0.04310344827586207,0.23474098435996493,0.999,11/23,24.16%,RAD51D;BRSK1;CENPJ;TUBGCP6;TUBGCP5;PAK1;TUBGCP4;TUBGCP2;TUBGCP3;RAB11FIP5;B9D2
prerank,NAD+ Binding (GO:0070403),0.5998480018076641,1.54255685760812,0.05217391304347826,0.3004355309904496,1.0,3/10,4.31%,ZC3HAV1;HPGD;GLUD1
prerank,Endopeptidase Inhibitor Activity (GO:0004866),0.36230266611801787,1.5395634760487455,0.005747126436781609,0.29606119789326746,1.0,24/63,22.43%,SERPINB1;ANXA2;TIMP4;SERPINA1;TIMP2;TIMP3;SERPINB8;SERPINI2;SERPINA6;THBS1;CST5;SPOCK3;CST3;SERPINB2;PI3;RENBP;SERPINB6;TIMP1;TFPI;APLP2;SERPINH1;USP14;SERPINA3;SERPINE2
prerank,Protease Binding (GO:0002020),0.3475192180317345,1.536937225380713,0.0030120481927710845,0.2907641422248164,1.0,41/87,29.99%,COMP;ANXA2;TIMP4;SERPINA1;TIMP2;TTN;TIMP3;DERL3;SEMG2;TYSND1;THBS1;COL1A2;DERL2;ACR;CRADD;CASP1;PYCARD;CST3;SYVN1;SERPINB6;TIMP1;DERL1;RNF139;AMFR;CCBE1;CFLAR;SLC2A13;ADAMTS4;RHBDD2;FN1;BCL2L10;LDLR;SRI;BIN1;VCP;CARD16;F2RL1;BCL2;ELANE;ITGB1;VWF
prerank,DNA Endonuclease Activity (GO:0004520),-0.5376991031847175,-1.5332315938765428,0.026455026455026454,0.24656974648564223,0.999,9/17,25.13%,EXOG;ENDOG;ERCC4;ENDOV;RAD50;RBBP8;RPS3;DNA2;DCLRE1C
prerank,Sterol Transfer Activity (GO:0120015),0.5352304244250367,1.5318453810283021,0.0392156862745098,0.2906477771180303,1.0,8/14,13.33%,NPC2;GRAMD1C;TSPO;STARD4;ABCG8;OSBPL2;PLTP;MTTP
prerank,Cytokine Activity (GO:0005125),0.3610867078111092,1.5305040893415742,0.011695906432748537,0.2841432844843759,1.0,36/73,30.53%,INHBB;WNT6;BMP7;CXCL3;IL33;FGF2;BMP6;GDF10;GDF11;WNT5B;WNT4;GDF15;TIMP1;GDF7;INHBC;CCL24;CXCL2;CCL22;PPBP;BMP10;CXCL16;CXCL6;CCL17;ALKAL2;CCL19;CCL21;C5;BMP2;WNT5A;WNT11;IL17D;CXCL12;CCL2;WNT7B;CSF1;CCL25
prerank,Adrenergic Receptor Binding (GO:0031690),-0.5481204743247123,-1.5224202772850983,0.04070796460176991,0.26032530233366097,1.0,7/15,24.30%,ADRB1;GRK2;RAPGEF2;DLG4;GNAS;MAGI2;AKAP5
prerank,Cholesterol Transfer Activity (GO:0120020),0.5424119748169369,1.5215339589213874,0.04967602591792657,0.2907933644253505,1.0,8/13,13.33%,NPC2;GRAMD1C;TSPO;STARD4;ABCG8;OSBPL2;PLTP;MTTP
prerank,Nuclear Retinoic Acid Receptor Binding (GO:0042974),-0.5468560159433863,-1.5169149526916867,0.04634581105169341,0.2643094113085065,1.0,9/15,26.03%,MED9;TACC1;ASXL1;SNW1;NRIP1;NCOA6;MED1;ARID5A;NR4A2
prerank,Protein Serine/Threonine Kinase Activator Activity (GO:0043539),-0.42075473350833614,-1.5168193398741152,0.0176,0.25841041937855047,1.0,15/45,18.91%,MAP3K13;SPRY2;CCNT2;PARP8;PARP16;STRADA;MAP3K12;CCND2;CAB39L;TRAF6;CDK5R1;STK4;PARP6;DAB2IP;CAB39
prerank,Dynactin Binding (GO:0034452),-0.5834420431153435,-1.5095757426802947,0.05263157894736842,0.2650066303791045,1.0,6/11,16.23%,BICD2;SPTBN5;BICDL1;GSK3B;HTT;HOOK3
prerank,Histone Acetyltransferase Activity (GO:0004402),-0.4702554986123765,-1.507920917878528,0.02926829268292683,0.2622425563561409,1.0,18/26,31.32%,CLOCK;KAT6B;TADA2A;KAT6A;ING3;MCM3AP;USP22;EP300;CREBBP;NAA50;KAT14;ATF2;NAA40;TAF1L;KAT5;NCOA3;KAT2A;KAT7
prerank,Histone Demethylase Activity (GO:0032452),-0.4760043814648401,-1.5062631786364262,0.03924914675767918,0.259636560090669,1.0,11/26,22.65%,KDM1A;KDM4A;JMJD1C;KDM2B;KDM5C;KDM4C;KDM5D;HR;KDM7A;JMJD6;KDM8
prerank,Lysine N-methyltransferase Activity (GO:0016278),-0.5282019701082918,-1.5033045179198246,0.05660377358490566,0.25993198475730894,1.0,11/17,28.52%,SETD6;EEF1AKMT2;SMYD2;CSKMT;METTL21A;EZH2;SETD2;EHMT1;EHMT2;SETD7;VCPKMT
prerank,Endopeptidase Activator Activity (GO:0061133),0.5556285146054156,1.5031696814818336,0.04906542056074766,0.3171897972672215,1.0,7/12,16.43%,VSIR;APH1B;PSENEN;PSME1;CASP1;CARD8;PSME2
prerank,Phospholipase A2 Activity (GO:0004623),0.5310824471176301,1.4977534489586952,0.046341463414634146,0.318168536347853,1.0,8/14,28.99%,PLA2G15;PNPLA4;PLA2G5;PRDX6;PLA2G12A;PLB1;PLA2G6;PNPLA3
prerank,"Steroid Dehydrogenase Activity, Acting On The CH-OH Group Of Donors, NAD Or NADP As Acceptor (GO:0033764)",0.4895423251354093,1.4922512688158753,0.0475,0.31947982461626123,1.0,9/17,20.62%,AKR1C3;HSD17B10;AKR1C1;AKR1C4;HSD17B8;HSD17B14;HSD17B7;HSD17B6;HSD3B7
prerank,Damaged DNA Binding (GO:0003684),-0.41131155703849537,-1.489903684960951,0.0375,0.279055788682935,1.0,20/40,31.22%,DCLRE1A;PARP2;DDB2;AUNIP;FANCG;EP300;CREBBP;CRY2;ERCC4;RAD18;SMC6;TDG;RBBP8;RPS3;OGG1;DCLRE1C;CUL4B;MPG;ERCC3;XPA
prerank,fatty-acyl-CoA Binding (GO:0000062),0.5498675182379161,1.4817505786501828,0.056768558951965066,0.33027668180156144,1.0,7/12,28.99%,TSPO;ALDH6A1;ACBD4;GCDH;ACBD7;SCP2;PNPLA3
prerank,Frizzled Binding (GO:0005109),0.447014916918344,1.4810654717909868,0.045346062052505964,0.3227694583021101,1.0,6/24,8.21%,SFRP1;WNT6;CCDC88C;FZD1;WNT5B;WNT4
prerank,pre-mRNA Binding (GO:0036002),-0.46879641396600263,-1.4806685794298888,0.04697986577181208,0.2918051961108159,1.0,12/26,31.83%,SLU7;RBM24;PRPF8;TRA2B;HNRNPA1;U2AF1L4;SLBP;U2AF2;PRPF39;RNPC3;CELF3;ERI1
prerank,Guanyl Ribonucleotide Binding (GO:0032561),0.28891645492319346,1.477935925685767,0.0035714285714285713,0.32067493768938393,1.0,55/185,20.50%,RIT1;TUBB2B;RAB31;SLC19A1;RHOB;RAB33B;RHOC;TUBB3;RAC2;GBP3;DIRAS3;RAB29;GLUD2;RALA;RAB13;RAB10;GLUD1;PDE11A;RAB4A;GTPBP4;RAP1B;RASL12;ATL3;RAB8B;RHOD;RRAS;RND2;GBP4;ARF4;RAB39B;TUBA1C;CDC42;PDE5A;RAB39A;RAB22A;RHOU;NRAS;RAB8A;RAB21;IFT27;RAB11A;RHOG;GIMAP7;TUBB4B;RAB2B;TUBB4A;RRAGB;RAB32;DNM2;RAB18;RHOA;SRP54;TUBB6;RAB6A;RAB42
prerank,Calmodulin-Dependent Protein Kinase Activity (GO:0004683),-0.48352515476636393,-1.4723526851355195,0.046632124352331605,0.30114644027913773,1.0,10/22,19.67%,CAMK2A;CAMK1D;CAMK2G;CAMKK1;MAPKAPK5;MKNK2;DAPK1;MKNK1;PTK2B;EEF2K
prerank,Glutamate Receptor Binding (GO:0035254),-0.5022769564910349,-1.4693939189900735,0.061371841155234655,0.3012059519850814,1.0,9/18,24.51%,CAMK2A;SYNDIG1;DLG4;SHANK1;SHANK2;GNAS;NETO1;SQSTM1;HOMER1
prerank,Potassium Channel Regulator Activity (GO:0015459),-0.41698095489801223,-1.4677400724840557,0.039603960396039604,0.29911056903475214,1.0,16/38,22.59%,KCNIP3;KCNS1;KCNAB2;KCNAB3;LRRC38;KCNS3;RASA1;ENSA;AKT1;SUMO1;LRRC55;AMIGO1;DLG1;DRD4;KCNV1;KCNAB1
prerank,Wide Pore Channel Activity (GO:0022829),0.5152984101473024,1.4668115593170388,0.05191873589164785,0.33408767797210814,1.0,10/14,33.05%,GJA8;PANX3;GJA1;GJB6;GJB3;PRF1;GJC2;GJB7;GJB1;GJA4
prerank,Transforming Growth Factor Beta Receptor Binding (GO:0005160),0.48190230248033006,1.4615924772877507,0.07764705882352942,0.336392668131305,1.0,10/16,25.41%,SMAD7;BAMBI;FERMT2;INHBC;TGFBR2;TGFBR1;FKBP1A;TGFBR3;SMAD2;ENG
prerank,Calcium-Release Channel Activity (GO:0015278),-0.537321086966659,-1.460063898321185,0.08304498269896193,0.3081144882693088,1.0,5/14,10.91%,ITPR1;RASA3;RYR2;PKD2;TPCN2
prerank,Voltage-Gated Calcium Channel Activity (GO:0005245),-0.42268579675909124,-1.4491145837790864,0.039603960396039604,0.3253650581850039,1.0,18/36,20.98%,CACNG2;CACNA1I;CACNG8;CACNA2D3;CACNG7;PKD2;SCN8A;CACNA1C;CACNA1A;CACNA1D;CACNB4;TPCN2;CACNA1B;CACNB1;CACNB3;SCN1A;NCS1;CACNA2D1
prerank,G Protein-Coupled Receptor Activity (GO:0004930),0.2911438527812392,1.4427427558095076,0.006872852233676976,0.3666504862560813,1.0,70/157,28.29%,DRD2;OPRM1;NTSR2;LGR4;CXCR4;P2RY13;GPR37L1;F2R;MLNR;OPRK1;CX3CR1;S1PR1;FPR1;ADGRG1;ADGRL3;GABBR1;ADGRG6;GPR62;S1PR4;GPR143;GPR152;TAS2R60;PDGFRL;ADGRE5;P2RY1;GPR157;CNR2;GPR149;GPR183;MAS1L;CYSLTR1;OXER1;CCR7;TAAR5;GPR34;C3AR1;GPR37;SLC39A9;APLNR;ADCYAP1R1;TM2D1;LTB4R2;GPR4;GRM2;MRGPRX4;FFAR4;P2RY12;MRGPRD;GPR156;GHSR;TAS1R1;SSTR3;PRLHR;GHRHR;GIPR;NPBWR1;KISS1R;LPAR1;FFAR1;MRGPRE;TAAR8;GPR78;TAAR2;GPR17;NMUR1;ADGRG5;S1PR2;ADGRF5;GPR75;F2RL1
prerank,Nucleobase-Containing Compound Kinase Activity (GO:0019205),0.4912670755320221,1.4421796001085405,0.06888888888888889,0.35912045698151934,1.0,5/15,12.86%,NME4;AK9;DTYMK;AK4;NT5C2
prerank,K63-linked Polyubiquitin Modification-Dependent Protein Binding (GO:0070530),-0.4692510578578786,-1.4293112611880774,0.06495726495726496,0.3621351325289339,1.0,9/21,19.48%,UIMC1;OTUD7A;ZRANB1;PRPF8;RNF169;IKBKG;RNF31;TAB3;RNF168
prerank,Intracellular Ligand-Gated Monoatomic Ion Channel Activity (GO:0005217),-0.5827186374810074,-1.4281162139110728,0.08703374777975133,0.3583339065468033,1.0,4/10,10.91%,ITPR1;RASA3;RYR2;TPCN2
prerank,Quaternary Ammonium Group Transmembrane Transporter Activity (GO:0015651),0.5455060385629803,1.427830977065123,0.11286681715575621,0.3811792541327052,1.0,6/10,21.54%,SLC44A2;SLC22A3;SLC22A4;SLC44A1;SLC25A20;SLC44A3
prerank,Microtubule Binding (GO:0008017),-0.30674032003859436,-1.4248221208218537,0.01094391244870041,0.3591388546488507,1.0,75/206,29.05%,KIF5A;FMN1;VAPA;CLIP1;CAMSAP3;LRRK2;KIF5C;EML6;MTCL1;MACO1;KIFC2;PRC1;SGIP1;WHAMM;KNSTRN;TUBGCP6;SPAG5;CEP295;MAP10;CCDC181;DNM1;KIF15;CCSAP;TUBGCP5;KATNB1;PEX14;MAP1A;ARHGEF2;KRIT1;REEP2;WASL;PLK1;DCX;STARD9;SVBP;CEP57L1;DRG1;MAST1;FAM161A;HOOK2;ZNF207;HOOK3;PSRC1;FMR1;RMDN3;KIF27;MAP1S;GAS2L1;KIF3B;CCDC88B;HDGFL3;SAXO2;TUBGCP4;CLIP2;RPS3;TUBGCP2;TUBGCP3;MTUS2;GAS8;CAMSAP2;LRPPRC;MAP2;KIF3C;JMY;FBXW11;CEP57;APC;MAP1LC3B;CCDC66;KIF2C;MX2;CKAP5;MAPT;RMDN2;HDAC6
prerank,GTP Binding (GO:0005525),0.28359880356713313,1.4210572671137414,0.006944444444444444,0.3871854986461728,1.0,50/168,20.50%,RIT1;TUBB2B;RAB31;RHOB;RAB33B;RHOC;TUBB3;RAC2;GBP3;DIRAS3;RAB29;GLUD2;RALA;RAB13;RAB10;GLUD1;RAB4A;GTPBP4;RAP1B;RASL12;ATL3;RHOD;RRAS;RND2;GBP4;ARF4;RAB39B;TUBA1C;CDC42;RAB39A;RAB22A;RHOU;NRAS;RAB8A;RAB21;IFT27;RAB11A;RHOG;GIMAP7;TUBB4B;RAB2B;TUBB4A;RRAGB;RAB32;DNM2;RHOA;SRP54;TUBB6;RAB6A;RAB42
prerank,Myosin Binding (GO:0017022),0.3563814876807084,1.4192025133352495,0.04521276595744681,0.3825186049905151,1.0,15/47,13.51%,CXCR4;KIRREL1;RALA;RAB10;ACTC1;GSN;RAB3C;MYBPC1;RAB39B;TOM1;PYCARD;RAB3D;CALD1;RAB8A;RAB11A
prerank,Galactosyltransferase Activity (GO:0008378),0.5502711322219572,1.418034131529792,0.09130434782608696,0.3766368599468562,1.0,5/10,32.34%,B4GALT1;B4GALT7;B3GALT6;B4GAT1;B4GALT2
prerank,RNA Polymerase II-specific DNA-binding Transcription Factor Binding (GO:0061629),-0.30896455817956897,-1.4162119597384797,0.01366120218579235,0.37214739329097973,1.0,53/195,18.08%,HDAC4;PTPRT;KAT8;KDM1A;MEF2C;NEUROD1;PIAS2;SETD6;ZFPM2;TAF4B;BBS1;SPEN;ZBTB8A;EGR2;TCERG1;MLXIPL;NIF3L1;ETS2;BBS5;HES6;MTDH;LDB1;TACC2;MEF2A;BAZ2A;NCOR1;ID2;GABARAPL1;ETS1;GSK3B;TACC1;SETD1A;MKKS;TAF6;HDAC3;SNW1;MLX;ADD1;NRIP1;EP300;CREBBP;ACTN4;TRIM32;HIRA;STK4;DMAP1;SDR16C5;FIZ1;BHLHE40;DAXX;MAPK14;NCOA1;PPARGC1A
prerank,Channel Activity (GO:0015267),0.3955719425306869,1.4158613336196646,0.06018518518518518,0.3733886966431108,1.0,17/34,25.14%,AQP5;TMEM120A;AQP4;AQP6;SLC12A4;MCUB;BCL2A1;SLC12A2;SLC12A7;TRPV2;PDPN;SLC14A1;ASIC4;KCNK3;CHRNB1;AQP11;PRF1
prerank,Metallocarboxypeptidase Activity (GO:0004181),0.4569514139919882,1.415502783703635,0.11316397228637413,0.36635892688567373,1.0,11/17,32.42%,CPXM2;CPM;AGBL2;AGBL3;CPE;VASH2;FOLH1;FOLH1B;CPZ;AEBP1;PEPD
prerank,UDP-galactosyltransferase Activity (GO:0035250),0.46862265065918685,1.4140748849389981,0.10690423162583519,0.3616461612224052,1.0,11/17,29.30%,B3GNT5;B4GALT1;B3GNT2;B3GALT4;B4GALT7;B3GNTL1;UGT8;B3GALNT1;B3GALT6;B3GNT7;B4GAT1
prerank,Translation Initiation Factor Activity (GO:0003743),-0.4018308087787883,-1.4121244887434352,0.05065359477124183,0.37480278811031803,1.0,10/39,19.09%,EIF4E1B;EIF4A2;EIF5;EIF1AX;EIF3E;EIF4G3;EIF2S3B;EIF3L;EIF2B1;EIF2B5
prerank,Nucleoside Diphosphate Kinase Activity (GO:0004550),0.5160175063182683,1.4041834714071988,0.08528784648187633,0.3736106086970028,1.0,4/11,11.72%,NME4;AK9;DTYMK;AK4
prerank,Four-Way Junction DNA Binding (GO:0000400),-0.5058287046353246,-1.402462298721025,0.0779467680608365,0.3904322887886595,1.0,6/14,27.07%,RAD51C;RAD51D;YY1;MEN1;GEN1;MSH2
prerank,Ubiquitin-Like Protein Transferase Activity (GO:0019787),-0.2997081601806257,-1.4023231309339375,0.005369127516778523,0.38430367584140646,1.0,71/223,24.76%,HDAC4;CUL3;LNX1;PIAS2;TNFAIP1;ANAPC4;FBXO21;UBE2O;DDB2;RNF115;UBE2D4;RMND5A;ZNRF1;FBXO9;TRAF7;ATG16L1;TRAF3;FBXO4;PDZRN3;MALT1;MIB2;UBE2I;RNF208;UBE2W;CHFR;LMO7;KLHL21;LNX2;PRPF19;TRAF6;TRIM33;ATG10;KCTD13;RBBP6;FBXO11;PIAS1;ATG5;HACE1;RNF169;PIAS4;TRIM32;UBE2C;BARD1;RNF41;KLHL42;NEURL1;TRIM28;RNF31;RNF43;UBL4A;ZFP91;RNF168;VHL;RNF6;BIRC6;BCOR;SIAH2;DTX4;TNFSF13B;UBE2K;TRIM17;SMURF1;CBLL1;PRKN;SHPRH;ARIH2;MGRN1;PEX12;RANBP2;TRIM4;FBXO25
prerank,Cell-Cell Adhesion Mediator Activity (GO:0098632),0.37422822296306346,1.4017664323104713,0.050761421319796954,0.37172137653678583,1.0,17/39,24.08%,ANXA2;PDLIM5;RAB10;STXBP6;NFASC;PALLD;CNN3;S100A11;JAM3;CNTN6;CNTN2;IGSF9;NEXN;TRIM29;CNTN4;CDC42EP1;EPCAM
prerank,Calcium Channel Activity (GO:0005262),-0.35346946700348,-1.3941414277726516,0.056162246489859596,0.39815434501269426,1.0,23/67,17.78%,CACNG2;CACNA1I;CACNG8;STIM2;RYR2;CACNA2D3;GRIN1;CACNG7;SLC24A4;PKD2;PKD1;CACNA1C;CACNA1A;CACNA1D;CACNB4;TRPM7;TPCN2;CACNA1B;PKD2L1;CACNB1;P2RX4;CACNB3;PKD2L2
prerank,Titin Binding (GO:0031432),0.5368653408704298,1.3925625775047972,0.09839816933638444,0.38284207085806166,1.0,5/10,18.23%,MYBPC1;OBSCN;CAMK2D;CAPN3;MYBPC3
prerank,Glutathione Transferase Activity (GO:0004364),0.42858163529121085,1.3910310307486033,0.07242990654205607,0.3790462138776745,1.0,7/21,17.52%,SH3BGRL3;MGST1;LTC4S;GSTP1;GSTO2;HPGDS;PTGES
prerank,"Oxidoreductase Activity, Acting On Paired Donors, With Incorporation Or Reduction Of Molecular Oxygen, Reduced Flavin Or Flavoprotein As One Donor, And Incorporation Of One Atom Of Oxygen (GO:0016712)",0.5104261116996677,1.389959679579547,0.09090909090909091,0.3741805371048039,1.0,3/12,5.14%,CYP2J2;HMOX1;CYP1B1
prerank,Lipid Phosphatase Activity (GO:0042577),0.48238794380209904,1.38812501861697,0.11286681715575621,0.3710384547807157,1.0,7/13,20.94%,PLPP3;PLPP6;INPP5K;PLPPR1;SGPP2;PLPP2;PLPPR3
prerank,"DNA Binding, Bending (GO:0008301)",0.5202902654318411,1.3877925023838504,0.10232558139534884,0.36528092447666666,1.0,4/11,10.43%,HHEX;FOXD1;LEF1;FOXL1
prerank,Endonuclease Activity (GO:0004519),-0.3786574203920509,-1.3856266914526383,0.055130168453292494,0.4114979031725287,1.0,17/46,25.13%,MBLAC1;MUS81;DIS3;YBEY;INTS11;REXO4;RNASEL;EXOG;ENDOG;ERCC4;RPS3;ZC3H12B;AGO4;OGG1;ANKZF1;PMS2;DCLRE1C
prerank,Nuclear Androgen Receptor Binding (GO:0050681),-0.44641029030344814,-1.3792190181907538,0.08896797153024912,0.42037921865005407,1.0,10/23,21.31%,KDM1A;PRKCB;KDM4C;FOXP1;KDM5D;SNW1;EP300;DAXX;RNF6;ZBTB7A
prerank,Phosphatidylinositol-5-Phosphate Binding (GO:0010314),0.4939808357505392,1.3790087859353772,0.10093896713615023,0.37708730633953413,1.0,5/13,18.83%,SH3PXD2B;TOM1;OBSCN;PLEKHF1;RUBCNL
prerank,Transforming Growth Factor Beta Binding (GO:0050431),0.42293915177474367,1.374435295485441,0.1101123595505618,0.37974001948210945,1.0,12/20,32.39%,THBS1;HYAL2;TGFBR2;LTBP2;TGFBR1;TWSG1;TGFBR3;CD109;NRROS;ENG;LRRC32;VASN
prerank,Chemorepellent Activity (GO:0045499),-0.4428520743259422,-1.3739268457938116,0.0893169877408056,0.4268450058034858,1.0,5/22,11.22%,SEMA5B;NRG3;SEMA4C;SEMA7A;SEMA6D
prerank,Metalloendopeptidase Inhibitor Activity (GO:0008191),0.5368956391587757,1.3737178846511653,0.10022779043280182,0.3748396600724048,1.0,5/10,14.25%,TIMP4;TIMP2;TIMP3;SPOCK3;TIMP1
prerank,"Beta-1,3-Galactosyltransferase Activity (GO:0048531)",0.5140879082028014,1.37351867070478,0.09610983981693363,0.3690811832695368,1.0,6/11,15.69%,C1GALT1;B3GNT5;B3GNT2;B3GALT4;C1GALT1C1;B3GNTL1
prerank,Protein Heterodimerization Activity (GO:0046982),-0.30501953504098844,-1.3733011480281228,0.028735632183908046,0.42199255199679836,1.0,41/162,17.64%,SOHLH1;VAPA;KCNB1;MEF2C;NEUROD1;TCF4;ADRB1;ADD2;ADRA2A;TCOF1;NPAS1;BCL2L2;EXT1;NEUROD2;MLXIPL;TENM2;GTF2A1;MEF2A;PIK3R2;QTRT1;ATP1A1;USF1;MICU2;BDKRB2;SMC1A;KATNB1;MLX;USF2;ADD1;METTL3;MICU1;FZD4;TPM1;NR4A1;BARD1;PHB2;IKBKG;BHLHE40;SAE1;FMR1;NOLC1
prerank,tRNA Methyltransferase Activity (GO:0008175),-0.5141571863549557,-1.3711811053032015,0.10931899641577061,0.42076425221742464,1.0,3/13,9.05%,TRMT44;TRMT9B;TARBP1
prerank,Ferrous Iron Binding (GO:0008198),0.4128909509317299,1.3665633599375944,0.07729468599033816,0.3763316681247608,1.0,7/23,12.90%,FXN;DNAJC24;HEPH;FTL;EGLN3;F3;EGLN1
prerank,Potassium Ion Transmembrane Transporter Activity (GO:0015079),-0.42331388786318214,-1.3664501042501171,0.11092150170648464,0.42581345728635056,1.0,10/26,16.92%,SLC12A8;HCN1;KCNK10;PKD2;KCNC4;TMEM38A;SLC12A5;KCNF1;KCNA1;KCNA2
prerank,Cholesterol Binding (GO:0015485),0.3589461843633328,1.3659068634028118,0.054455445544554455,0.37154868367892907,1.0,10/40,9.34%,NPC2;PMP2;CD81;STARD3NL;GRAMD1C;TSPO;STARD4;NR1H3;ERLIN2;OSBPL2
prerank,Protein Phosphatase Activator Activity (GO:0072542),-0.5034662468915444,-1.3648094537659494,0.1258741258741259,0.42369640728514185,1.0,7/14,26.29%,IGFBP3;PHACTR4;PPP2R5E;PPP1R15A;PPP4R3B;PPP2R5D;PPP4R3A
prerank,O-acyltransferase Activity (GO:0008374),0.4153741098440699,1.3623382659523342,0.09307875894988067,0.37312640710012296,1.0,12/23,30.01%,LCAT;PLA2G15;PNPLA4;LPCAT2;GPAM;MBOAT2;MBOAT1;PRDX6;GPAT2;LPGAT1;PNPLA3;MBOAT7
prerank,Cyclic Nucleotide Binding (GO:0030551),-0.502570189008231,-1.3611100456149683,0.1310592459605027,0.42640614977691627,1.0,4/14,10.26%,HCN1;KCNH1;PDE4A;RAPGEF2
prerank,DNA-binding Transcription Factor Binding (GO:0140297),-0.29026788638880746,-1.3603129941331993,0.023224043715846996,0.4224381683238625,1.0,72/240,21.74%,HDAC4;PURB;KAT8;KDM1A;MEF2C;NEUROD1;PIAS2;ZFPM2;FHL2;MAP3K10;BBS1;HDAC8;SPEN;ZBTB8A;EGR2;KAT6A;DAPK3;TCERG1;MLXIPL;NIF3L1;ETS2;BBS5;HES6;MTDH;LDB1;MEF2A;NCOR1;ID2;PPARD;NLRP3;YY1;USF1;ETS1;GSK3B;RUNX1T1;CRTC1;ZNF653;SETD1A;MKKS;HDAC3;NAAA;SRF;MLX;USF2;SCX;ZBTB17;EP300;MYC;CREBBP;PURA;HIRA;STK4;DMAP1;SDR16C5;FIZ1;BHLHE40;CRTC3;RBFOX2;DAXX;PPARGC1A;SKI;CXXC5;CARM1;ELK1;HCFC1;ATF2;VHL;MED1;RBBP8;ZBTB7A;RPS3;CREB1
prerank,Intracellular Calcium Activated Chloride Channel Activity (GO:0005229),0.4892891319776474,1.3569255149271982,0.1226215644820296,0.37793596451702394,1.0,8/13,31.04%,ANO2;BEST1;TTYH2;ANO4;TTYH1;CLCA4;ANO10;ANO6
prerank,Protein Phosphatase Regulator Activity (GO:0019888),-0.35742729513791227,-1.3562583279782245,0.07877813504823152,0.4260677087585731,1.0,23/57,27.37%,PPP2R2D;LMTK2;PPP2R2C;PPP6R2;PPP6R1;PPP1R16B;PHACTR4;ENSA;PPP2R5E;PPP4R2;PPP2R2B;IGBP1;PPP1R15A;SHOC2;PPP4R3B;PPP2R5D;PPP1R16A;PPP1R7;PPME1;RCAN2;PPP4R3A;PPP3R2;PPP3R1
prerank,Nucleosome Binding (GO:0031491),-0.37909470170704074,-1.35277701354651,0.07692307692307693,0.427620558846054,1.0,16/43,20.87%,RBBP4;PARP2;MLLT6;EED;ARID1B;MBD3;GATAD2B;MLLT10;GLYR1;RNF169;HP1BP3;SMARCC2;HIRA;SAP30L;RNF168;DNTTIP1
prerank,Semaphorin Receptor Binding (GO:0030215),-0.44183789359927106,-1.3519711041899796,0.1057347670250896,0.4239218716339456,1.0,5/21,11.22%,SEMA5B;SH3BP1;SEMA4C;SEMA7A;SEMA6D
prerank,Delayed Rectifier Potassium Channel Activity (GO:0005251),-0.45471521568615103,-1.3514734763636365,0.10163339382940109,0.41959494342572023,1.0,7/19,8.12%,KCNB1;KCNS1;KCNH1;KCNS3;KCNC1;KCNC3;KCNC4
prerank,Histone H3K36 Methyltransferase Activity (GO:0046975),-0.5353011413460023,-1.351166764183725,0.12839059674502712,0.41476303070466425,1.0,8/10,36.92%,SMYD2;NSD3;SETD2;NSD2;SETD5;SMYD3;SETMAR;SETD3
prerank,Protein Kinase Activator Activity (GO:0030295),-0.3412709390421002,-1.3470460598788099,0.06761006289308176,0.4188311972870131,1.0,22/72,19.86%,MAP3K13;SPRY2;ALS2;PARP8;RPTOR;PARP16;STRADA;MAP3K12;CAB39L;AKT1;AGAP2;TRAF6;MARK2;CDK5R1;STK4;DAXX;PARP6;MOB2;DAB2IP;CAB39;DUSP19;AFAP1L2
prerank,Nuclear Receptor Binding (GO:0016922),-0.3159638971653224,-1.343242716270722,0.03834355828220859,0.42203817665816895,1.0,45/107,28.66%,KDM1A;TRERF1;PRKCB;PPARGC1B;JMJD1C;KDM4C;FOXP1;TACC2;BAZ2A;LATS1;NCOR1;BRD8;MED9;KDM5D;TACC1;ASXL1;SNW1;DCAF1;MED22;NRIP1;NCOA6;EP300;MED12;NR4A1;PHB2;DAXX;NCOA1;PPARGC1A;MED30;GAS2L1;MED1;RNF6;ZBTB7A;GTF2B;BCAS3;PARK7;STRN;ARID5A;LCOR;NR4A2;WBP2;MED17;TRIP4;HMGN3;NR4A3
prerank,Growth Factor Receptor Binding (GO:0070851),0.33315890295871725,1.34275553306878,0.07575757575757576,0.39940254307684636,1.0,22/56,24.03%,TRIP6;NCSTN;FGF2;EFEMP1;SNX2;PDGFRA;ARF4;PYCARD;FGF1;PDGFA;HIP1;ITGA5;TLR5;FGF3;SHC1;PDGFB;TLR9;SNX1;PTPRJ;FYN;SLA;TIMM50
prerank,Chemokine Receptor Binding (GO:0042379),0.4311250552594226,1.3419169663983521,0.10273972602739725,0.3948806135049876,1.0,17/20,34.82%,CXCL3;CX3CR1;S100A14;CCL24;CXCL2;CCL22;PPBP;CXCL16;CXCL6;CCL17;CCL19;CCL21;CXCL12;CCL2;CCL25;ITCH;CXCL5
prerank,Aldehyde Dehydrogenase (NAD+) Activity (GO:0004029),0.5009905024743011,1.3409512727432418,0.1509433962264151,0.3854380016429008,1.0,6/11,22.02%,ALDH9A1;ALDH4A1;ALDH2;ALDH3A2;ALDH3B1;ALDH7A1
prerank,Aldehyde Dehydrogenase [NAD(P)+] Activity (GO:0004030),0.5009905024743011,1.3409512727432418,0.1509433962264151,0.3854380016429008,1.0,6/11,22.02%,ALDH9A1;ALDH4A1;ALDH2;ALDH3A2;ALDH3B1;ALDH7A1
prerank,Phosphatase Activity (GO:0016791),0.30912847120339143,1.3386042423217177,0.03519061583577713,0.38434012215713664,1.0,24/74,22.55%,PLPP4;EPHX2;DUSP16;CILP2;PLPP3;FRA10AC1;CILP;NT5C;PLPP6;PTPRM;PTPN22;INPP5K;PSPH;PLPPR1;LPIN3;ENPP1;SGPP2;NT5E;ALPP;PLPP2;PLPPR3;ACP5;PTPRJ;LPIN1
prerank,Gap Junction Channel Activity (GO:0005243),0.5008953992090546,1.3238443741893324,0.1319910514541387,0.40895852276947836,1.0,8/11,33.05%,GJA8;PANX3;GJB6;GJB3;GJC2;GJB7;GJB1;GJA4
prerank,Double-Stranded DNA Binding (GO:0003690),-0.2640689021513431,-1.3227400499213997,0.0085995085995086,0.465880990679171,1.0,115/437,20.74%,PKNOX2;GLIS1;EGR1;EMX1;NKX6-3;POU6F1;SATB1;RORB;MEF2C;ZNF821;NEUROD1;FOSB;ETV5;ZSCAN31;NFIX;NR1D2;TCF4;POU2F2;CLOCK;ZNF385D;BHLHE22;ZBTB18;NR3C2;ADRA2A;KLF13;ATF6B;CAMTA2;EGR2;ZNF250;NR1D1;HIVEP1;HSF4;PRDM1;NEUROD2;BACH2;UBP1;ZSCAN23;ETS2;ELF2;POLG2;ZNF454;HES6;ZNF768;MBNL2;FOXP1;THRB;NFIC;PCID2;RARB;FOSL1;TARDBP;PPARD;JDP2;GMEB1;CUX1;ZNF541;YY1;CAMTA1;PBX1;USF1;IRF3;NR2C2;NFAT5;ZNF343;FOXJ2;NR3C1;EGR4;ZNF12;GTF2H4;ESRRG;NR2C1;SCRT1;CEBPB;SP9;DLX1;SRF;MLX;USF2;ZSCAN16;FOXK1;ZNF460;SOX12;ZNF787;ZCCHC3;REXO4;ZNF410;MAU2;PURA;ZBTB45;RXRB;MSX1;POLR3F;NR4A1;POU3F1;BHLHE40;ZNF444;SAFB;CUX2;MELTF;FOXG1;KIN;TOP1;LBX1;MTERF1;SPIB;ELK1;TERF2;UBA2;ZNF524;LHX6;ATF2;MEN1;TDG;NFATC3;RAD50
prerank,MAP Kinase Activity (GO:0004707),-0.5280988473483287,-1.3221514439764948,0.1712707182320442,0.46169048691752357,1.0,7/10,29.75%,MAPK10;MAPK13;MAPK8;MAPK14;MAPK11;MAPK9;MAP3K7
prerank,Neurexin Family Protein Binding (GO:0042043),0.5017199087776402,1.3219970317460337,0.13777777777777778,0.40701384401223883,1.0,6/10,26.51%,SYTL4;SYTL3;NLGN3;CPE;NLGN4Y;SYTL5
prerank,Notch Binding (GO:0005112),-0.44224204270995693,-1.3200961448458948,0.1282952548330404,0.4613124472596749,1.0,6/20,11.89%,CUL3;ATRNL1;SNED1;TCIM;NCOR2;SNW1
prerank,Poly-Purine Tract Binding (GO:0070717),-0.41414937849468125,-1.3197931005195658,0.13157894736842105,0.4562928443296805,1.0,8/27,17.62%,KHDRBS2;ELAVL4;MCRS1;HNRNPDL;PPIE;KHDRBS1;PABPC4;FMR1
prerank,Ubiquitin-Protein Transferase Activity (GO:0004842),-0.2678981341621551,-1.3196906682724654,0.015189873417721518,0.4510532010129879,1.0,101/342,24.17%,RNF165;CUL3;UBE2QL1;LNX1;HECW2;TNFAIP1;ANAPC4;FBXO21;HERC6;UBE2O;DDB2;HECW1;RNF115;UBE2D4;RMND5A;ZNRF1;TRIM58;PELI3;FBXO9;TRAF7;TRIM52;TRAF3;PPIL2;IRF2BP1;TRIM44;FBXO4;PDZRN3;MALT1;MIB2;RNF208;UBE2W;RNF157;CHFR;RNF44;LMO7;KLHL21;FBXO27;LNX2;ZNF598;PRPF19;RFPL2;RNF19A;TRAF6;TRIM33;RING1;KCTD13;NEURL4;RBBP6;TRIM7;FBXO11;RFPL3;MEX3C;RNF112;NFX1;HACE1;RNF111;SH3RF3;RNF144A;RNF169;RPGR;RNF216;TRIM32;MYCBP2;UBE2C;HERC2;TRIM9;RFPL1;TRIM14;BARD1;RNF41;KLHL42;NEURL1;TRIM28;RNF31;CCAR1;RNF43;ZFP91;RNF168;VHL;RNF6;TRIM3;NEURL1B;BIRC6;BCOR;SIAH2;DTX4;TNFSF13B;UBE2K;TRIM17;SMURF1;CBLL1;TRIM26;PRKN;CUL9;SHPRH;NHLRC3;ARIH2;MGRN1;PEX12;RNFT1;RNF11
prerank,High Voltage-Gated Calcium Channel Activity (GO:0008331),-0.44941326931372744,-1.319601395874552,0.13763066202090593,0.4460039554174942,1.0,9/19,19.18%,CACNA1I;SCN8A;CACNA1C;CACNA1D;CACNB4;CACNA1B;CACNB1;CACNB3;SCN1A
prerank,DNA Nuclease Activity (GO:0004536),-0.529148917287916,-1.3146889245234068,0.1501766784452297,0.4524811734752327,1.0,5/11,21.37%,DFFB;ENDOG;ERCC4;MAP1S;RPS3
prerank,Pyrophosphatase Activity (GO:0016462),0.3334331247797547,1.3137744291681996,0.09223300970873786,0.4189783039581848,1.0,11/45,20.44%,PLPP4;CILP2;DOLPP1;NUDT7;CILP;PLPP6;FHIT;ENPP1;ASMTL;ENPP4;NUDT19
prerank,Telomeric DNA Binding (GO:0042162),-0.38741960992402114,-1.3137157341724501,0.12627986348122866,0.4496953723370976,1.0,9/33,22.32%,KDM1A;HNRNPD;PIF1;TINF2;SMG7;PURA;TERF2;RAD50;UPF3A
prerank,Intracellular Chloride Channel Activity (GO:0061778),0.4561119127384454,1.3024418407502512,0.14225941422594143,0.43755506564495333,1.0,8/14,31.04%,ANO2;BEST1;TTYH2;ANO4;TTYH1;CLCA4;ANO10;ANO6
prerank,Tubulin Binding (GO:0015631),-0.2706369813237615,-1.3021788055197803,0.02236842105263158,0.4726216153405255,1.0,78/273,24.16%,KIF5A;FMN1;RAD51D;VAPA;CLIP1;LRRK2;KIF5C;EML6;BRSK1;MTCL1;MACO1;KIFC2;CENPJ;TTLL11;PRC1;ARL4C;SGIP1;TTLL12;WHAMM;NCALD;TUBGCP6;SPAG5;CEP295;MAP10;CCDC181;GABARAPL1;DNM1;KIF15;CCSAP;TUBGCP5;KATNB1;PEX14;MAP1A;AGBL4;ARHGEF2;KRIT1;REEP2;SETD2;WASL;PLK1;CDK5R1;DCX;HTT;STARD9;SVBP;CEP57L1;DRG1;MAST1;FAM161A;HOOK2;ZNF207;HOOK3;PSRC1;PAK1;FMR1;RMDN3;TTLL5;KIF27;STMN3;MAP1S;INO80;GAS2L1;KIF3B;CCDC88B;HDGFL3;SAXO2;TUBGCP4;CLIP2;RPS3;TUBGCP2;TUBGCP3;APPL1;BCAS3;PRKN;MTUS2;GAS8;RAB11FIP5;B9D2
prerank,Signaling Receptor Complex Adaptor Activity (GO:0030159),-0.3649830215644113,-1.3017710484358975,0.10391822827938671,0.46818723504235377,1.0,17/41,26.80%,NCK2;LRRK2;PIK3R1;IRS1;GNB3;SPATA2;MAPK8IP3;SHANK1;SHANK2;SORBS1;TRADD;NUP62;GNB5;MAGI2;GNB1;G3BP2;SH2B1
prerank,GDP-dissociation Inhibitor Activity (GO:0005092),0.4883672375236049,1.3016620953159248,0.18099547511312217,0.4334210807918673,1.0,2/12,2.27%,ARHGDIB;SH3BP4
prerank,Methylation-Dependent Protein Binding (GO:0140034),-0.3343958297554766,-1.2957012183300691,0.08116385911179173,0.4777218304633606,1.0,23/63,26.04%,MSL3;KDM4A;ING3;ING1;SPIN3;MTF2;GLYR1;ING5;RRP8;SPIN2B;FMR1;KMT2E;L3MBTL2;CBX6;KDM7A;HDGFL2;CXXC1;KDM8;THAP7;ING2;L3MBTL3;ZZEF1;WDR5
prerank,Fibroblast Growth Factor Receptor Binding (GO:0005104),-0.5168606763527845,-1.292257480028354,0.18248175182481752,0.4814468330503316,1.0,4/10,14.69%,FGF17;FGF9;NPTN;FGF18
prerank,Hydro-Lyase Activity (GO:0016836),0.34500967423130857,1.289365344572757,0.10688836104513064,0.4532786255731259,1.0,11/37,19.84%,PCBD2;ENOSF1;PCBD1;TBXAS1;HADHB;ECHDC3;CA12;UROS;CA2;CA14;HADHA
prerank,"Hydrolase Activity, Acting On Carbon-Nitrogen (But Not Peptide) Bonds, In Linear Amides (GO:0016811)",-0.3501802573268116,-1.2882097600862268,0.11596638655462185,0.4857315823554278,1.0,11/50,13.55%,HDAC4;GLS2;PIGL;GLS;SIRT4;HDAC8;HDAC10;NDST2;HDAC3;NAAA;SIRT5
prerank,Methylated Histone Binding (GO:0035064),-0.33045259417701134,-1.2868232097223666,0.10566615620214395,0.4838516333186472,1.0,23/65,26.04%,MSL3;KDM4A;TTLL12;ING3;ING1;SPIN3;MTF2;GLYR1;ING5;RRP8;SPIN2B;FMR1;KMT2E;L3MBTL2;CBX6;KDM7A;HDGFL2;CXXC1;KDM8;THAP7;ING2;ZZEF1;WDR5
prerank,5'-3' Exonuclease Activity (GO:0008409),-0.48889771691091544,-1.2855618728119327,0.16696588868940754,0.4817891664728837,1.0,6/12,38.00%,DCLRE1A;EXOG;DCLRE1C;DXO;TRIR;DCP2
prerank,"Oxidoreductase Activity, Acting On The CH-NH Group Of Donors, NAD Or NADP As Acceptor (GO:0016646)",0.4680363429263828,1.2846229520687682,0.1752808988764045,0.4577170676980979,1.0,7/12,25.34%,PYCR2;PYCR1;QDPR;BLVRB;DHFR;PYCR3;DHFR2
prerank,Phosphatidylinositol Phosphate Kinase Activity (GO:0016307),-0.5108056458190562,-1.284500999471453,0.17235188509874327,0.4793798107412897,1.0,7/11,28.75%,PIP5K1C;PIP5K1B;PIP5K1A;PIP4K2C;PIP4K2B;PIK3CA;PIK3CB
prerank,Calcium Ion Transmembrane Transporter Activity (GO:0015085),-0.34665414588618443,-1.2822487499442448,0.11326860841423948,0.47976396927525405,1.0,12/52,10.91%,UCP3;ITPR1;RYR2;GRIN1;SLC24A4;PKD2;ATP2B3;PKD1;ATP2B2;CACNA1D;TRPM7;TPCN2
prerank,Transmembrane-Ephrin Receptor Activity (GO:0005005),-0.4689604936180426,-1.2820260549711773,0.18401486988847585,0.4704676476286418,1.0,6/14,16.04%,EPHB2;EPHB6;EPHA5;EPHA4;EPHB1;EPHA3
prerank,Ephrin Receptor Activity (GO:0005003),-0.4689604936180426,-1.2820260549711773,0.18401486988847585,0.4704676476286418,1.0,6/14,16.04%,EPHB2;EPHB6;EPHA5;EPHA4;EPHB1;EPHA3
prerank,Protein-Arginine N-methyltransferase Activity (GO:0016274),-0.511415825754885,-1.2803826171496653,0.15696649029982362,0.4697489479232718,1.0,4/10,13.04%,PRMT7;PRMT8;NDUFAF7;FBXO11
prerank,Phospholipase Activity (GO:0004620),0.31459184900257664,1.2778823917921103,0.10569105691056911,0.4662314678366043,1.0,23/52,30.16%,PLCG2;PLA2G15;LYPLAL1;PNPLA4;ABHD12B;ABHD4;LCP1;PLD6;PDIA3;PLCB2;PLA1A;PLD1;PRDX6;PLA2G12A;PLCB4;SMPD1;PLB1;ENPP2;PLA2G6;PNPLA3;GDE1;ABHD3;PLBD2
prerank,Sialyltransferase Activity (GO:0008373),-0.4297873823955521,-1.2772968428695122,0.1407942238267148,0.47216309296413855,1.0,7/18,23.34%,ST3GAL6;ST6GAL2;ST8SIA5;ST3GAL2;ST3GAL1;ST6GALNAC4;ST3GAL3
prerank,Ubiquitin-Like Protein Ligase Activity (GO:0061659),-0.2669588787589129,-1.2750232549504925,0.031335149863760216,0.4726373399953274,1.0,80/259,24.61%,RNF165;CUL3;HECW2;PIAS2;HERC6;UBE2O;HECW1;RNF115;EGR2;ZMIZ1;ZNRF1;TRIM58;PELI3;TRIM52;TRAF3;PPIL2;IRF2BP1;TRIM44;PDZRN3;MIB2;RNF208;RNF157;RNF44;FBXO27;ZNF598;PRPF19;RFPL2;RNF19A;TRAF6;RING1;NEURL4;RBBP6;TRIM7;RFPL3;MEX3C;RNF112;PIAS1;NFX1;HACE1;RNF111;SH3RF3;RNF144A;RPGR;RNF216;PIAS4;TRIM32;MYCBP2;UBE2C;HERC2;TRIM9;RFPL1;TRIM14;RNF41;KIAA1586;NEURL1;TRIM28;RNF31;CCAR1;RNF43;RNF6;TRIM3;ZMIZ2;NEURL1B;SIAH2;DTX4;TRIM17;SMURF1;CBLL1;TRIM26;PRKN;CUL9;SHPRH;NHLRC3;ARIH2;MGRN1;PEX12;RNFT1;RNF11;RANBP2;TRIM4
prerank,mRNA Binding (GO:0003729),-0.26715016747559106,-1.2718357688139288,0.06258148631029987,0.4754978134814799,1.0,73/247,25.15%,PURB;KHDRBS3;SRRM4;KHDRBS2;RBFOX3;ELAVL4;YTHDC1;DCP1A;NUP98;SPEN;DHX33;SECISBP2;MRPS11;THOC5;RBFOX1;RBMX;SCAF8;RBM15;TARDBP;MYEF2;ATXN2L;RSL1D1;PUM2;SLC4A1AP;PPIE;CELF1;CPEB4;NANOS3;KHDRBS1;LSM14B;RBM24;TRA2B;DCP1B;METTL3;POLDIP3;CSTF2;CSTF3;PABPC4;RPS7;LARP4B;IGF2BP3;UTP23;HNRNPR;PCF11;RPL26;EIF4G3;ANGEL2;EDC3;NOVA1;TIAL1;FMR1;RBFOX2;IREB2;SRSF1;SNIP1;ATXN2;RPS3;SRRM3;ZC3H12B;N4BP1;UPF3A;RPS13;MSI2;MRPS7;RBM5;SF3B1;RPL13A;CSTF2T;CPEB3;LRPPRC;PARK7;LUC7L;G3BP2
prerank,Calcium Ion Binding (GO:0005509),0.24153144941771096,1.2717685023934866,0.0125,0.4743404308879653,1.0,66/248,18.40%,THBS4;SCIN;COMP;ANXA2;SPARC;SYT9;CETN2;HSP90B1;S100A13;CETN3;OTOF;TTN;DNER;EFCAB11;TNFAIP6;RASGRP3;S100A16;CALB1;ASPH;ARSA;AIF1;S100B;MASP1;THBS1;RCAN3;GSN;IQGAP1;CDH1;DHH;CALB2;ADGRL3;COLEC11;LCP1;CDH11;DDR2;HSPA5;NUCB2;BNIP2;FBLN1;CDH6;CALU;MYL5;CDH8;CD320;CALR;PLA2G5;ITGA5;CIB1;RYR1;S100A2;HPGDS;ANXA3;MYL12B;MYL12A;ENPP1;DCHS1;CABP5;CPNE6;S100A14;SYT15;TUBB4A;CAPN3;PLSCR4;PAM;CLEC3B;SLC25A13
prerank,ADP Binding (GO:0043531),0.3696852575933435,1.2709255613989534,0.125,0.4702192991599091,1.0,5/26,8.24%,ME1;GLUD2;GLUD1;ACTA1;GCLC
prerank,Protein Kinase C Activity (GO:0004697),-0.460656654772938,-1.2662003418738903,0.1678082191780822,0.48475494322405277,1.0,4/14,6.97%,PRKCE;PRKCA;PRKCB;PRKCI
prerank,Deubiquitinase Activity (GO:0101005),-0.30973265390435906,-1.2644045689109482,0.09567901234567901,0.4843082347430392,1.0,28/82,24.20%,USP28;STAMBPL1;JOSD1;MYSM1;OTUD7A;USP49;USP9Y;ZRANB1;USP36;USP22;USP42;UCHL5;PSMD14;PRPF8;USP4;USP1;OTUD5;USP21;DESI1;OTUD3;USP46;USP19;OTUD1;USP31;USP25;USP30;YOD1;USP13
prerank,Methyltransferase Activity (GO:0008168),-0.37079114475388,-1.2626271450758115,0.13769363166953527,0.4840782952368642,1.0,9/34,17.33%,COQ3;EEF1AKMT2;PRMT7;TGS1;PRMT8;NDUFAF7;DNMT1;METTL3;RRP8
prerank,"Phosphatidylinositol-4,5-Bisphosphate Binding (GO:0005546)",0.30987603844738854,1.2597118424138805,0.10913705583756345,0.4891110910372548,1.0,16/55,15.04%,PLEKHA4;SCIN;ANXA2;PARD3;KCNQ1;TTPA;ADAP2;SNX18;TWF1;GSN;OSBPL2;CAPG;OBSCN;HIP1;MYO1B;CGAS
prerank,Protein Serine/Threonine Phosphatase Activity (GO:0004722),-0.33917343847055037,-1.2595660977208252,0.13195548489666137,0.48709960635031435,1.0,18/51,28.05%,PDP1;PPP3CA;CTDSPL;PPP3CB;CTDSPL2;PPM1B;RPAP2;PPM1A;MYH3;DUSP4;PPM1L;PPM1K;PGAM5;PPM1F;PPP1CB;PPP3R1;MTMR14;CDKN3
prerank,Core Promoter Sequence-Specific DNA Binding (GO:0001046),-0.3891783138363764,-1.2592676922691344,0.13851351351351351,0.48335585814429294,1.0,17/29,37.09%,GTF2A1;FOXP1;BAZ2A;NR3C1;ZBTB17;TAF1C;MYC;TAF4;GTF2B;KLF10;PARK7;TBP;SMARCB1;TAF1B;FOS;RUVBL2;UBTF
prerank,Hormone Receptor Binding (GO:0051427),-0.47244637139335877,-1.2523339465593724,0.2007168458781362,0.49478785180504287,1.0,6/13,27.86%,VIP;SOCS2;JAK2;CCK;NPPA;TYK2
prerank,Endopeptidase Regulator Activity (GO:0061135),0.3541946728875355,1.2518782928478345,0.15424164524421594,0.5012438917618419,1.0,10/30,16.59%,VSIR;APH1B;THBS1;PSENEN;PSME1;CST3;PI3;RENBP;PSME2;TFPI
prerank,Carboxy-Lyase Activity (GO:0016831),0.3659835725685177,1.2478189460933595,0.16546762589928057,0.5045124903524795,1.0,6/25,12.66%,DDC;ME1;HDC;MLYCD;URAD;UMPS
prerank,Carboxypeptidase Activity (GO:0004180),0.36799282198652644,1.2472395653184718,0.17391304347826086,0.4996926714652007,1.0,14/25,32.42%,MINDY1;CPXM2;CPM;MINDY2;AGBL2;AGBL3;CPE;CPVL;VASH2;FOLH1;FOLH1B;CPZ;AEBP1;PEPD
prerank,Protein Phosphatase 1 Binding (GO:0008157),-0.47700156753539635,-1.244716493386105,0.19686411149825783,0.5091152966554983,1.0,5/12,15.62%,PPP1R3E;PPP1R3F;PHACTR4;PPP1R15A;SHOC2
prerank,Sequence-Specific Double-Stranded DNA Binding (GO:1990837),-0.2459662832795273,-1.2445280361266151,0.03260869565217391,0.5050142116855698,1.0,87/497,13.18%,PKNOX2;GLIS1;HDAC4;EGR1;EMX1;NKX6-3;POU6F1;RORB;MEF2C;ZNF821;NEUROD1;FOSB;ETV5;ZSCAN31;NFIX;NR1D2;TCF4;POU2F2;CLOCK;PER1;ZNF385D;BHLHE22;CTCF;PER2;ZBTB18;NR3C2;ADRA2A;ORC4;KLF13;ATF6B;ZBTB8A;EGR2;ZNF250;NR1D1;HIVEP1;HSF4;PRDM1;SUV39H2;DHX33;NEUROD2;BACH2;UBP1;ZSCAN23;ETS2;ELF2;ZNF454;HES6;ZNF768;MBNL2;FOXP1;THRB;NFIC;NCOR1;RARB;NFYC;TFAM;FOSL1;PPARD;JDP2;GMEB1;CUX1;ZNF541;YY1;PBX1;USF1;IRF3;NR2C2;NFAT5;ZNF343;FOXJ2;ETS1;ZNF335;HINFP;MZF1;NR3C1;EGR4;ZNF12;ESRRG;NR2C1;SCRT1;CEBPB;SP9;DLX1;SRF;MLX;USF2;ZSCAN16
prerank,Tau-Protein Kinase Activity (GO:0050321),-0.4195702273898607,-1.2375247829085672,0.17128027681660898,0.5173125674181269,1.0,7/20,20.05%,BRSK2;ROCK2;GSK3B;MARK3;MARK2;TTBK1;GSK3A
prerank,GTPase Activator Activity (GO:0005096),-0.27069828322560086,-1.232887898334965,0.09241379310344827,0.5232963020334302,1.0,34/181,13.96%,STXBP5L;RAP1GAP2;TBC1D1;RGS7;LRRK2;ARHGAP39;ARHGAP32;FAM13A;ARHGAP26;SYDE2;CHN1;RGS6;RGPD4;PLCB1;TBC1D30;AGAP11;ALS2;SH3BP1;SRGAP3;AGAP5;AGAP1;STARD13;TBCK;BRD8;RASA1;RAPGEF2;ARHGAP9;AGAP2;RGS12;ARHGAP44;DEPDC5;STXBP5;FLCN;SIPA1L1
prerank,poly(A) Binding (GO:0008143),-0.40824814026477957,-1.2307522792036634,0.2072072072072072,0.5240838136179908,1.0,6/21,15.19%,KHDRBS2;ELAVL4;HNRNPDL;PPIE;KHDRBS1;PABPC4
prerank,FAD Binding (GO:0071949),0.37461050872756685,1.229400487372915,0.17832957110609482,0.536824429465351,1.0,8/22,13.92%,SQOR;SQLE;CYB5R1;CYB5R3;TXNRD1;CYB5R2;KDM1B;NDOR1
prerank,Single-Stranded DNA Binding (GO:0003697),-0.30488592149242205,-1.2289681988419532,0.14171974522292993,0.524173634044899,1.0,26/78,24.88%,PURB;RAD51D;TOP3A;HMCES;RAD52;MCM6;MCM4;MCM8;REXO4;CRY2;PURA;HNRNPA1;SSBP2;POLR2H;ERCC4;IGHMBP2;TDP2;TOP1;SMC6;LONP1;MCM2;NABP2;RECQL4;PMS2;RTF1;PARK7
prerank,Muscle Alpha-Actinin Binding (GO:0051371),0.4557873060982361,1.22803743804212,0.2087912087912088,0.5338839405396575,1.0,9/12,26.76%,PDLIM5;TTN;PALLD;PDLIM3;NRAP;PDLIM4;PDLIM7;PDLIM2;PRICKLE4
prerank,Sterol Binding (GO:0032934),0.3107053311755336,1.2265335632294236,0.15099009900990099,0.5313189458094534,1.0,9/49,6.29%,NPC2;PMP2;CD81;STARD3NL;GRAMD1C;TSPO;STARD4;NR1H3;ERLIN2
prerank,Insulin-Like Growth Factor Receptor Binding (GO:0005159),-0.47973234743903226,-1.2258450708829314,0.21507352941176472,0.5272546983484517,1.0,4/10,17.92%,PIK3R1;IRS1;SOCS2;GNAS
prerank,Polyubiquitin Modification-Dependent Protein Binding (GO:0031593),-0.33212312745080175,-1.2239900506923547,0.17647058823529413,0.5276025001473326,1.0,16/48,20.40%,UIMC1;OTUD7A;UBQLN4;UBL7;ZRANB1;ZFAND2B;PRPF8;RNF169;UBQLN1;IKBKG;BAG6;RNF31;AGAP3;TAB3;RNF168;RAD18
prerank,"Phosphatidylinositol-3,4,5-Trisphosphate Binding (GO:0005547)",0.3500866034717935,1.2225408228038321,0.15876777251184834,0.5348271493572821,1.0,13/28,23.83%,PARD3;FCHSD2;ADAP2;IQGAP1;OBSCN;FERMT2;MYO1B;PLEKHB2;HIP1R;MAPKAP1;ZFYVE16;MYO10;ZFYVE1
prerank,Lipase Activity (GO:0016298),0.3392190758872392,1.2188193994139835,0.18734177215189873,0.5375462094491077,1.0,13/31,30.16%,ABHD1;LCAT;PNPLA4;ABHD12B;LCP1;PLA1A;CES1;LIPE;PNPLA1;ABHD12;PNPLA3;ABHD3;PLBD2
prerank,Aldo-Keto Reductase (NADP) Activity (GO:0004033),0.4575516106374575,1.2180525788304253,0.22146118721461186,0.5335140443647667,1.0,5/11,11.64%,AKR1C3;AKR1C1;AKR1C4;AKR7A3;AKR7A2
prerank,Histone Methyltransferase Activity (GO:0042054),-0.42134331471758446,-1.2168710798956,0.21340388007054673,0.5410029935213407,1.0,7/18,18.70%,PRMT7;EED;PRMT8;EZH2;KMT5B;DOT1L;KMT2E
prerank,Ubiquitin-Dependent Protein Binding (GO:0140036),-0.42888810108762104,-1.2159656325755328,0.22857142857142856,0.5387064760421518,1.0,5/16,16.46%,UIMC1;ANKRD13D;IDE;RNF169;PEX6
prerank,Calcium-Dependent Phospholipid Binding (GO:0005544),0.3225196124477663,1.2146817547456423,0.18472906403940886,0.5359993824107558,1.0,9/38,16.91%,ANXA2;SYT9;CPNE2;CPNE7;CPNE3;DOC2B;ANXA3;CPNE6;SYT15
prerank,Lysophospholipase Activity (GO:0004622),0.3906728675149282,1.2112308181945954,0.22041763341067286,0.5384423378979872,1.0,7/17,29.08%,LYPLAL1;ABHD12B;ABHD4;PLB1;ENPP2;PLA2G6;GDE1
prerank,GTPase Regulator Activity (GO:0030695),-0.24495288706210216,-1.2094289235151894,0.07107231920199501,0.5507338232367441,1.0,82/375,19.18%,IPO5;STXBP5L;TNFRSF25;RAP1GAP2;TIAM2;TBC1D1;ARHGEF3;RGS7;MCF2L2;CYTH3;LRRK2;ARHGAP39;ARHGAP32;FAM13A;ARHGAP26;ADRB1;RALGPS1;SYDE2;SLIT2;MCF2L;CHN1;CCZ1;RAPGEFL1;RGS6;RGPD4;PLCB1;TBC1D30;TRIO;AGAP11;ALS2;DENND3;SH3BP1;SRGAP3;RCC1L;DIS3;AGAP5;NGEF;DENND4B;AGAP1;STARD13;EIF5;TBCK;BRD8;DENND4A;ARHGEF18;RASGEF1A;RASA1;RAPGEF2;ARHGAP9;AGAP2;RGS12;ARHGAP44;DEPDC5;KALRN;ARHGEF2;SH3BP5L;STXBP5;KRIT1;FLCN;WASL;SIPA1L1;ITSN1;KNDC1;TNK2;RAPGEF5;ARAP3;MYCBP2;ARHGEF25;HERC2;ARHGEF4;RGPD3;GIT2;FAM13B;SH3BP5;ARHGAP35;ELMOD3;ARHGEF12;RGS11;EIF2B1;AGAP3;EIF2B5;ARHGEF9
prerank,Lipoprotein Particle Receptor Binding (GO:0070325),0.37243003780809036,1.205851369187137,0.19437939110070257,0.545107158155364,1.0,4/20,12.29%,APOE;HSP90B1;RELN;MESD
prerank,Iron Ion Binding (GO:0005506),0.3014207074658159,1.2044864087086173,0.16666666666666666,0.5425681828161252,1.0,10/48,12.90%,FXN;DNAJC24;HEPH;ALOX5;FTL;EGLN3;ISCA2;F3;PLOD3;EGLN1
prerank,Cysteine-Type Deubiquitinase Activity (GO:0004843),-0.3043527109407027,-1.2037265875717145,0.16560509554140126,0.5605482868728068,1.0,30/70,29.66%,USP28;JOSD1;OTUD7A;USP49;USP9Y;ZRANB1;USP36;USP22;USP42;UCHL5;USP4;USP1;OTUD5;USP21;DESI1;OTUD3;USP46;USP19;OTUD1;USP31;USP25;USP30;YOD1;USP13;RNF2;PAN2;USP47;USP10;USP34;USP20
prerank,Heme Binding (GO:0020037),0.28538518788224876,1.2026906936890616,0.1566579634464752,0.5410977465552105,1.0,17/63,17.36%,CYP2J2;CYP11A1;CYBB;HMOX1;SLC48A1;TBXAS1;CYP1B1;HEBP2;NFE2L2;SDHC;CYP51A1;FLVCR1;CYP11B1;PGRMC1;NOS3;CYP2W1;CYP17A1
prerank,Chemokine Activity (GO:0008009),0.4022832815509852,1.1985377360876581,0.2367816091954023,0.5449707027857108,1.0,13/17,30.53%,CXCL3;CCL24;CXCL2;CCL22;PPBP;CXCL16;CXCL6;CCL17;CCL19;CCL21;CXCL12;CCL2;CCL25
prerank,Serine-Type Peptidase Activity (GO:0008236),0.26549145765607346,1.1970360452549627,0.14411764705882352,0.5430971074233638,1.0,41/89,31.85%,SEC11C;MMP9;KLK10;TYSND1;MASP1;CTSH;HTRA1;SEC11A;KLK9;MMP14;TPP1;C1S;RHBDD1;MMP19;GZMM;GZMH;CTRB1;TLL2;PRSS8;TLL1;PLAT;CTSS;KLK14;HPR;CTRC;RHBDF1;HPN;CFD;CLPP;RHBDL2;KLK6;KLK5;TPSG1;ENDOU;PCSK9;ST14;ELANE;C1R;CELA2B;PCSK5;PRSS36
prerank,Beta-Tubulin Binding (GO:0048487),0.329618969045022,1.1969191358836222,0.18036529680365296,0.5378286371145152,1.0,11/30,20.63%,PIFO;IFT74;CCT5;DLEC1;GABARAP;BBS4;GJB6;PACRG;PDCD5;EML4;TAOK1
prerank,Clathrin Adaptor Activity (GO:0035615),0.42054555578318586,1.1953934424903925,0.22826086956521738,0.5364005483952952,1.0,5/13,17.85%,DAB2;HIP1;STON2;AP2B1;HIP1R
prerank,3'-5' Exonuclease Activity (GO:0008408),-0.341202903697233,-1.1897081238352616,0.21026490066225165,0.5927514528298684,1.0,16/38,28.02%,DIS3L2;DIS3;EXOSC2;POLG;REXO4;EXOSC10;ANGEL2;CNOT8;ERCC4;RAD9A;RAD50;USB1;EXOSC5;PAN2;PDE12;EXOSC9
prerank,Lipoprotein Particle Binding (GO:0071813),0.3720504679138973,1.1889912010341463,0.20099255583126552,0.5468515978403619,1.0,10/19,25.60%,COLEC12;THBS1;LCP1;STAB1;PLTP;HSPD1;SCARB1;TREM2;LDLR;SCARF1
prerank,Ubiquitin-Like Protein Conjugating Enzyme Activity (GO:0061650),-0.3461613404416499,-1.187293290972363,0.20221169036334913,0.5935817679132659,1.0,5/34,8.11%,UBE2QL1;UBE2O;UBE2D4;UBE2I;UBE2W
prerank,Monoatomic Cation:Bicarbonate Symporter Activity (GO:0140410),-0.47591732184071456,-1.1855817401311606,0.2586520947176685,0.5932700455270074,1.0,5/10,20.36%,SLC4A10;SLC4A7;SLC4A9;SLC39A14;SLC4A8
prerank,Sodium Channel Activity (GO:0005272),-0.3525878951631646,-1.1844105775318667,0.216260162601626,0.5915525557343321,1.0,13/32,27.77%,HCN1;SHROOM2;PKD2;SCN8A;TPCN2;PKD2L1;SCN1B;SCN4B;SCN1A;SCN2A;SCNN1D;KCNK1;NALCN
prerank,Kinesin Binding (GO:0019894),-0.36460684556312706,-1.1831319710681825,0.2633390705679862,0.5901972109322265,1.0,8/27,16.54%,PLEKHM2;ATCAY;SPTBN5;PRC1;CLSTN1;MAPK8IP3;KLC2;KLC4
prerank,Peptidase Inhibitor Activity (GO:0030414),0.3432791829501443,1.1825876048871424,0.21534653465346534,0.5564909987903169,1.0,15/25,33.47%,SERPINB1;TIMP2;THBS1;CST3;PI3;RENBP;TIMP1;TFPI;USP14;PCSK1N;SMR3A;PROS1;SLPI;CSTB;CAST
prerank,Hormone Activity (GO:0005179),0.2919063424210265,1.1824263415608942,0.17086834733893558,0.5514133743384995,1.0,24/54,31.25%,INHBB;AGT;SPX;METRNL;APLN;GAL;OXT;FLNB;GUCA2A;ASIP;CRH;METRN;BMP10;QRFP;HCRT;CSH1;NMB;CGB1;PTHLH;VGF;NPPB;POMC;CCL25;AVP
prerank,GTPase Activity (GO:0003924),0.22759340345184556,1.1815279630274678,0.092,0.5481611969043595,1.0,72/217,24.74%,RIT1;ARHGDIB;RAB31;RHOB;RAB33B;RHOC;RAC2;GBP3;DIRAS3;RAB29;RGS3;RALA;RAB13;GNA12;GNAL;RAB4A;GTPBP4;RAP1B;RASL12;DNM3;RGS8;RGS10;ATL3;RAB8B;RHOD;GNG8;GNA13;RRAS;RAB3C;RGS18;RND2;GBP4;ARF4;RAB39B;CDC42;RAB39A;RAB3D;RAB22A;RHOU;GNAO1;NRAS;RAB8A;RAB21;IFT27;RAB11A;RHOG;EFNA1;GIMAP7;RAB2B;RAB6D;RRAGB;RAB32;DNM2;RAB18;RGS16;RHOA;SRP54;RAB6A;RAB42;RAC3;RRAS2;RGS9;GFM2;RGS17;GNG11;RHOJ;RAB1B;RAB35;EEF1A1;RIT2;HRAS;RGS19
prerank,Taste Receptor Activity (GO:0008527),-0.42357017545364023,-1.1773695528870345,0.2469775474956822,0.6007327041939057,1.0,7/16,23.00%,TAS2R14;TAS2R10;TAS2R4;PKD2L1;TAS2R31;TAS2R5;TAS2R13
prerank,Pentosyltransferase Activity (GO:0016763),0.3175347549184549,1.175732039502525,0.23076923076923078,0.5563560436353373,1.0,8/36,7.70%,PNP;ZC3HAV1;PARP1;TYMP;TIPARP;PARP14;LACC1;QPRT
prerank,Histone Deacetylase Binding (GO:0042826),-0.29251452647962556,-1.1732282422340845,0.2015748031496063,0.6071869773692584,1.0,14/77,12.90%,HDAC4;SATB2;RBBP4;MEF2C;SMYD4;CAMTA2;NCOR2;HDAC10;MEF2A;NCOR1;USF1;TRAF6;HDAC3;AKAP8L
prerank,Potassium Ion Leak Channel Activity (GO:0022841),-0.4792860307422689,-1.1730715442373478,0.2554347826086957,0.602785006067874,1.0,2/10,1.06%,KCNK12;KCNK10
prerank,Insulin-Like Growth Factor Binding (GO:0005520),-0.45702606236662574,-1.1699615464881195,0.26335174953959484,0.6065732212397913,1.0,4/12,14.83%,IGFBP3;IGFALS;IGFBP2;IGF1R
prerank,DNA Polymerase Binding (GO:0070182),-0.39943528447910487,-1.1695941604806366,0.25673249551166966,0.6028214592284161,1.0,5/18,22.99%,RTEL1;POLG2;FANCI;LONP1;NABP2
prerank,Solute:Proton Symporter Activity (GO:0015295),0.38540688316756816,1.1692410523840824,0.26582278481012656,0.5666602143556971,1.0,5/16,11.33%,SLC15A3;SLC2A10;SLC46A1;SLC16A1;SLC16A3
prerank,NAD-retinol Dehydrogenase Activity (GO:0004745),0.4377366017039392,1.168135721555368,0.2684085510688836,0.5639526317590463,1.0,5/12,17.37%,AKR1C3;RDH10;RDH11;HSD17B6;RDH12
prerank,Acetylcholine Receptor Activity (GO:0015464),0.4124736127107125,1.166024123608452,0.27058823529411763,0.5636088548046064,1.0,7/14,24.61%,CHRM4;CHRNA3;HRH3;CHRNA4;CHRNB2;CHRM5;CHRNB1
prerank,ATP Transmembrane Transporter Activity (GO:0005347),-0.4644640448911414,-1.1652346805022782,0.2851919561243144,0.6095054278406197,1.0,4/10,23.86%,SLC25A41;SLC25A5;SLC25A6;SLC25A4
prerank,Semaphorin Receptor Activity (GO:0017154),-0.48942659982237435,-1.16496174417195,0.27001862197392923,0.6055001899678687,1.0,4/10,14.79%,PLXNA4;PLXNA2;NELL2;PLXND1
prerank,Carboxylic Acid Transmembrane Transporter Activity (GO:0046943),0.29190181856283176,1.1626893152651137,0.21794871794871795,0.5663668327392244,1.0,12/48,12.58%,SLC19A1;SLC46A1;SLC16A1;SLC25A1;SLC6A19;SLC16A11;SLC22A4;SLC16A9;SLC16A3;SLC13A3;SLC16A5;SLC16A8
prerank,Ubiquitin-Protein Transferase Activator Activity (GO:0097027),-0.43815977288014607,-1.1623950997518253,0.2725694444444444,0.6076814636369753,1.0,3/13,9.76%,TICAM1;FBXW7;ZNF598
prerank,Wnt Receptor Activity (GO:0042813),0.3891181899901855,1.1612051014437825,0.27230046948356806,0.564375418711496,1.0,3/15,4.13%,TSPAN12;FZD9;FZD2
prerank,Ubiquitin Ligase-Substrate Adaptor Activity (GO:1990756),-0.32367393161988306,-1.1594233782328647,0.2427652733118971,0.6111924543363407,1.0,12/40,25.22%,KLHDC2;FBXO9;FBXO4;KLHL22;KLHDC3;DCAF1;KLHDC1;DET1;FEM1B;VHL;FBXO42;FBXO45
prerank,Transcription Cis-Regulatory Region Binding (GO:0000976),-0.2342542839087115,-1.1573765733268977,0.1275252525252525,0.6118907245437858,1.0,83/345,20.87%,FOSL2;HDAC4;EGR1;SATB2;SATB1;PURB;ZNF142;MEF2C;ETV5;PRDM2;POU2F2;PER1;MLXIP;CTCF;PER2;ELL2;ATF6B;AGO1;ZNF395;STOX2;ZNF563;NPAS1;ZBTB8A;EGR2;NR1D1;SUV39H2;ZNF696;ZNF791;FOXP1;MEF2A;NCOR1;NFYC;E2F6;TFAM;MNT;CUX1;YY1;LHX2;PBX1;NR2C2;ETS1;ZNF335;PLAGL1;HINFP;MZF1;NR3C1;RFXAP;SCRT1;CEBPB;MLX;FOXK1;NFX1;SCX;ZBTB17;ZBTB4;SOX12;FOXN3;BASP1;MYC;CRY2;PURA;RXRB;MSX1;CIC;ADNP;CALCOCO1;CDC5L;RBBP5;ARID5B;CUX2;MELTF;PURG;CARM1;ELK1;ZNF709;UBA2;LHX6;ATF2;MEN1;ZNF441;CREBRF;LONP1;ANKRD23
prerank,Bitter Taste Receptor Activity (GO:0033038),-0.433445017098211,-1.157024733495216,0.27495621716287216,0.6083562629837297,1.0,6/14,23.00%,TAS2R14;TAS2R10;TAS2R4;TAS2R31;TAS2R5;TAS2R13
prerank,Tau Protein Binding (GO:0048156),-0.32904049400249985,-1.155830047561735,0.23627287853577372,0.606990039912265,1.0,10/39,15.04%,BRSK1;BRSK2;ROCK2;GSK3B;LGMN;MAP1A;MARK3;MARK2;EP300;TTBK1
prerank,Leak Channel Activity (GO:0022840),-0.44688991739304973,-1.1552605460828085,0.2787769784172662,0.6040659178948635,1.0,2/12,1.06%,KCNK12;KCNK10
prerank,Nuclear Localization Sequence Binding (GO:0008139),-0.3897714628360929,-1.154007642456512,0.2694300518134715,0.6029006974374256,1.0,3/19,4.84%,IPO5;NUP98;KPNA5
prerank,Ribonucleoside Triphosphate Phosphatase Activity (GO:0017111),0.2227338437416295,1.153080664350632,0.13807531380753138,0.5787262001095359,1.0,45/222,13.51%,RIT1;ARHGDIB;RAB31;RHOB;RAB33B;RHOC;RAC2;GBP3;DIRAS3;RAB29;RGS3;RALA;RAB13;GNA12;GNAL;RAB4A;GTPBP4;RAP1B;RASL12;DNM3;RGS8;RGS10;ATL3;RAB8B;RHOD;GNG8;GNA13;RRAS;RAB3C;RGS18;RND2;GBP4;ARF4;RAB39B;CDC42;RAB39A;RAB3D;RAB22A;RHOU;GNAO1;NRAS;RAB8A;RAB21;IFT27;RAB11A
prerank,Alpha-Tubulin Binding (GO:0043014),0.3167992795379839,1.151884905806333,0.24808184143222506,0.5762635496182847,1.0,14/31,31.88%,EFHC1;LRRC61;DLEC1;BBS4;PACRG;OFD1;EML4;DIP2B;TAOK1;FYN;TRIM36;SPAST;ARL8B;FNTA
prerank,tRNA-specific Ribonuclease Activity (GO:0004549),-0.447464160295006,-1.1464708560806034,0.31204379562043794,0.6180914971799518,1.0,6/12,29.65%,POP1;TSEN2;TSEN54;POP7;RPP25;POP5
prerank,Low-Density Lipoprotein Particle Binding (GO:0030169),0.4025354756311409,1.1449950700521394,0.2560386473429952,0.5877932575335694,1.0,9/13,28.86%,COLEC12;THBS1;STAB1;PLTP;SCARB1;TREM2;LDLR;SCARF1;PCSK9
prerank,Pyridoxal Phosphate Binding (GO:0030170),0.3554561854307478,1.1438607965348302,0.25277161862527714,0.5852560258105791,1.0,7/19,28.27%,PYGL;SDS;PYGM;ALB;SHMT2;SRR;PSAT1
prerank,Peptidase Activator Activity (GO:0016504),0.34497370105428005,1.1384832705834327,0.23514851485148514,0.5935251085542544,1.0,6/22,16.43%,VSIR;APH1B;PSENEN;PSME1;MAL;PSME2
prerank,Serine-Type Endopeptidase Activity (GO:0004252),0.2610200946800181,1.1379592795299316,0.21194029850746268,0.5897243352641496,1.0,29/78,25.57%,SEC11C;MMP9;TYSND1;MASP1;CTSH;SEC11A;KLK9;MMP14;C1S;RHBDD1;MMP19;GZMM;GZMH;CTRB1;TLL2;TLL1;PLAT;CTSS;KLK14;HPR;CTRC;RHBDF1;HPN;CFD;CLPP;RHBDL2;KLK6;KLK5;TPSG1
prerank,Neuropeptide Binding (GO:0042923),0.3695617287562114,1.1358926494819408,0.2867132867132867,0.5895914845103974,1.0,8/18,27.18%,OPRM1;OPRK1;GPR149;GPR37;SSTR3;PRLHR;NPBWR1;NMUR1
prerank,"Phosphotransferase Activity, For Other Substituted Phosphate Groups (GO:0016780)",0.4278607747291079,1.1341516561091978,0.30434782608695654,0.5888564797072021,1.0,3/11,18.30%,SGMS1;PTDSS1;FKRP
prerank,Ubiquitination-Like Modification-Dependent Protein Binding (GO:0140035),-0.4217575928878907,-1.1338521476460461,0.2996575342465753,0.6469774913424127,1.0,5/13,23.97%,ANKRD13D;IDE;PEX6;DAXX;SQSTM1
prerank,Metalloexopeptidase Activity (GO:0008235),0.2981446212392325,1.1324666471930707,0.265,0.5877253170965934,1.0,15/38,24.82%,CXCR4;CPQ;CPXM2;ZMPSTE24;ERAP2;CPM;MMP14;AGBL2;AGBL3;XPNPEP3;NUDT16;CPE;VASH2;FOLH1;FOLH1B
prerank,Ubiquitin Protein Ligase Activity (GO:0061630),-0.23822987286414105,-1.131035189098141,0.17582417582417584,0.6497729111170492,1.0,73/251,24.17%,RNF165;CUL3;HECW2;HERC6;UBE2O;HECW1;RNF115;ZNRF1;TRIM58;PELI3;TRIM52;TRAF3;PPIL2;IRF2BP1;TRIM44;PDZRN3;MIB2;RNF208;RNF157;RNF44;FBXO27;ZNF598;PRPF19;RFPL2;RNF19A;TRAF6;RING1;NEURL4;RBBP6;TRIM7;RFPL3;MEX3C;RNF112;NFX1;HACE1;RNF111;SH3RF3;RNF144A;RPGR;RNF216;TRIM32;MYCBP2;UBE2C;HERC2;TRIM9;RFPL1;TRIM14;RNF41;NEURL1;TRIM28;RNF31;CCAR1;RNF43;RNF168;RNF6;TRIM3;NEURL1B;SIAH2;DTX4;UBE2K;TRIM17;SMURF1;CBLL1;TRIM26;PRKN;CUL9;SHPRH;NHLRC3;ARIH2;MGRN1;PEX12;RNFT1;RNF11
prerank,E-box Binding (GO:0070888),-0.3244815463885313,-1.1297945792168984,0.2628951747088186,0.648520113645277,1.0,10/38,17.42%,NEUROD1;TCF4;CLOCK;PER1;BHLHE22;NEUROD2;NEUROD6;SCX;MYC;BHLHE40
prerank,I-SMAD Binding (GO:0070411),0.42802895790531736,1.1295869109014485,0.2863636363636364,0.5895124663027329,1.0,6/11,31.05%,SMAD7;SMAD9;TGFBR1;SMAD5;SMAD2;SMAD6
prerank,Alpha-Actinin Binding (GO:0051393),0.34553312652474805,1.1275652907605747,0.291196388261851,0.5893233064420865,1.0,11/21,26.83%,KCNA5;PDLIM5;TTN;PALLD;PDLIM3;NRAP;PDLIM4;PDLIM7;PDLIM2;PRICKLE4;MYOT
prerank,Phosphatase Activator Activity (GO:0019211),-0.40394626062366545,-1.126781286860231,0.31922398589065254,0.6525204616211956,1.0,8/16,29.60%,PHACTR4;PPP2R5E;GTF2F1;PPP1R15A;PPP4R3B;PPP2R5D;PPP4R3A;KAT5
prerank,Mitogen-Activated Protein Kinase Binding (GO:0051019),0.34558930493202206,1.124531368515818,0.2912621359223301,0.5921391901546579,1.0,5/22,12.61%,DUSP16;NFATC1;MAPKAPK3;MAPKAPK2;MAPK7
prerank,Phosphatidylinositol Bisphosphate Binding (GO:1902936),0.2594638848579241,1.124276785269375,0.2560646900269542,0.5877598521784508,1.0,18/75,15.04%,PLEKHA4;SCIN;ANXA2;PARD3;KCNQ1;PIRT;TTPA;ADAP2;SH3PXD2B;SNX18;TWF1;GSN;OSBPL2;CAPG;OBSCN;HIP1;MYO1B;CGAS
prerank,Voltage-Gated Monoatomic Ion Channel Activity (GO:0005244),-0.3714514073556309,-1.1228095879121385,0.29874776386404295,0.658760554089383,1.0,11/22,28.55%,HCN1;GRIN2A;GRIN1;PKD2;KCNJ11;PTK2B;SCN1A;CALHM1;KCNJ8;KCNA3;CACNA1E
prerank,poly(A)-specific Ribonuclease Activity (GO:0004535),-0.4613385912992921,-1.121811781753252,0.33714285714285713,0.6572049474740588,1.0,6/10,27.31%,CNOT6L;CNOT8;CNOT2;PAN2;PDE12;PNLDC1
prerank,Transmembrane Receptor Protein Serine/Threonine Kinase Activity (GO:0004675),-0.414643692943815,-1.119867113961037,0.3083778966131907,0.6580118163682483,1.0,2/13,2.58%,SOSTDC1;ACVR1B
prerank,Single-Stranded RNA Binding (GO:0003727),-0.32756240521239194,-1.1189510207287867,0.2838499184339315,0.6560775779585472,1.0,15/38,22.55%,AGO1;STRBP;L1TD1;ILF3;RBM11;EXOSC10;HNRNPA1;FMR1;IGHMBP2;ENDOV;LONP1;JMJD6;ZFR;PUS1;AGO4
prerank,Histone H4 Methyltransferase Activity (GO:0140939),-0.41888096901570027,-1.1189392852849893,0.30728241563055064,0.651699896315284,1.0,4/13,16.12%,PRMT7;PRMT8;KMT5B;NSD2
prerank,NF-kappaB Binding (GO:0051059),-0.35434210274074596,-1.1184423116352962,0.31153184165232356,0.648756006836232,1.0,15/25,36.97%,SETD6;TAF4B;MTDH;GSK3B;HDAC3;EP300;FAF1;HIF1AN;PSMA6;PDCD11;COMMD7;CDK5RAP3;CPNE1;NFKBIA;CDKN2A
prerank,"3',5'-cyclic-AMP Phosphodiesterase Activity (GO:0004115)",-0.4228984925834381,-1.1164622387282703,0.30671506352087113,0.6496478260038374,1.0,3/13,14.05%,PDE4A;PDE8B;PDE3B
prerank,Ionotropic Glutamate Receptor Binding (GO:0035255),-0.4319858385953713,-1.116325484392671,0.2972972972972973,0.6456928298931707,1.0,5/11,23.97%,SHANK1;SHANK2;GNAS;NETO1;SQSTM1
prerank,Actin Binding (GO:0003779),-0.24848604107652167,-1.1159996681008082,0.23383768913342504,0.6423550137859507,1.0,41/158,19.52%,FMN2;PRKCE;MICAL2;LRRK2;ADD2;TNNC2;SHROOM2;KCNMA1;SPTBN5;SPTBN4;MICAL1;PHACTR1;MYO19;NCALD;CACNA1A;COBL;SYNPO;MICAL3;PHACTR4;SPTAN1;MAP1A;TWF2;FHL3;DMTN;TNNT2;SYNE1;ADD1;SPTB;ABL2;SORBS1;TMOD1;ACTN4;SYNPO2;CEACAM1;TPM1;ALKBH4;PFN2;NF2;SSH1;ABLIM1;MAP1S
prerank,G Protein-Coupled Serotonin Receptor Activity (GO:0004993),-0.3904608779269239,-1.1143426156682805,0.3132075471698113,0.6428573853296311,1.0,4/17,6.65%,HTR1F;HRH2;HTR2A;HTR5A
prerank,MAP Kinase Kinase Activity (GO:0004708),-0.410931465349318,-1.1131392159786437,0.3408304498269896,0.6419118100124207,1.0,4/14,18.03%,MAPK10;MAP3K9;MAPKAPK5;MAPK14
prerank,GABA Receptor Binding (GO:0050811),-0.4374539117627261,-1.111421422005434,0.3188405797101449,0.6426117028308644,1.0,5/11,23.25%,GABARAPL1;TRAK1;LHFPL4;PLCL2;GABARAPL3
prerank,Chloride Channel Activity (GO:0005254),0.275806740886488,1.1100207866693337,0.24078624078624078,0.6180091528875932,1.0,28/53,31.44%,ANO2;BEST1;CLCN5;FXYD1;GABRE;GLRA2;CLCN6;CLIC4;GABRG1;GLRA3;SLC1A7;SLC17A8;CLCN7;GABRA3;BEST2;SLC1A4;BSND;TTYH2;GABRA5;CLCN3;TTYH1;CLIC3;CLCA4;CLCN1;ANO10;ANO6;SLC26A8;GABRB1
prerank,Phosphatidylinositol 3-Kinase Regulator Activity (GO:0035014),-0.4209767014833723,-1.109992694245893,0.32427184466019415,0.6421702539382294,1.0,5/12,17.01%,PIK3R1;PIK3R2;SOCS5;SOCS2;CCKBR
prerank,Ubiquitin-Like Protein Peptidase Activity (GO:0019783),-0.34217939565615807,-1.1097918227566246,0.3235294117647059,0.6387497498041609,1.0,12/29,24.06%,USP28;ZRANB1;USP43;SUMO1;OTUD5;SENP1;USP21;DESI1;SENP3;USP25;USP30;YOD1
prerank,Ubiquitin Conjugating Enzyme Activity (GO:0061631),-0.3286013259948072,-1.1075407617067872,0.29545454545454547,0.6407598727884923,1.0,4/31,8.11%,UBE2QL1;UBE2O;UBE2D4;UBE2W
prerank,GABA-gated Chloride Ion Channel Activity (GO:0022851),-0.4265652720111134,-1.1065920160034202,0.3365200764818356,0.6393875217222709,1.0,3/11,7.02%,GABRB2;GABRG3;GABRG2
prerank,Telomerase RNA Binding (GO:0070034),-0.37614998814090084,-1.1061329618362223,0.3315696649029982,0.6365972306284533,1.0,5/19,16.13%,SNRPB;PINX1;SMG7;EXOSC10;TNIP1
prerank,mRNA Methyltransferase Activity (GO:0008174),0.41491954137689463,1.1030691883630968,0.3288888888888889,0.6307564852689899,1.0,4/11,20.12%,METTL8;CMTR2;TRMT61A;RNMT
prerank,Serotonin Receptor Activity (GO:0099589),-0.37435535073626164,-1.1003618589100432,0.33084112149532713,0.6476507854946916,1.0,4/19,6.65%,HTR1F;HRH2;HTR2A;HTR5A
prerank,ATPase Binding (GO:0051117),0.2583027396532923,1.0996178407679813,0.28273809523809523,0.6341622730399618,1.0,16/68,15.06%,TUNAR;ATP6V0A4;RALA;NCSTN;SNTA1;TCIRG1;RDX;EZR;ATP1B2;DNAJB1;SYVN1;WFS1;CHMP4A;S100A1;ANK2;DERL1
prerank,Transmitter-Gated Monoatomic Ion Channel Activity (GO:0022824),-0.3198039911961176,-1.098625864073993,0.30405405405405406,0.6482737474433956,1.0,7/33,13.95%,GABRB2;GRIN2A;GABRG3;GABRG2;GRIA2;GABRA1;GRIA3
prerank,Protein Phosphatase Binding (GO:0019903),-0.2638880038176379,-1.0980459379762781,0.3113496932515337,0.6458107586935498,1.0,38/98,29.37%,PTPRT;PPP1R3E;PIK3R1;ANAPC4;ANK1;TRAF3;MET;PIK3R2;PPP1R3F;MFHAS1;PHACTR4;ENSA;DLG4;GTF2F1;IGBP1;PPP3CB;SMG7;PPP1R15A;SHOC2;CEACAM1;MAPK8;MAPK14;ANAPC7;MASTL;DAB2IP;VRK3;CDKN1B;PPME1;AKAP5;STRN4;STRN;RACK1;MTMR9;KCNN4;MYO16;SIRPA;MAPT;MAP3K5
prerank,Low-Density Lipoprotein Particle Receptor Binding (GO:0050750),0.3585392236978564,1.095328639838657,0.32882882882882886,0.6402352214780558,1.0,3/17,12.29%,APOE;HSP90B1;MESD
prerank,Pseudouridine Synthase Activity (GO:0009982),-0.4324861333371478,-1.094923500501525,0.35071942446043164,0.6495546395898261,1.0,5/10,22.12%,RPUSD2;PUS7;RPUSD4;PUS1;PUS7L
prerank,Retinoid Binding (GO:0005501),0.37490450452366836,1.0918046358538476,0.3333333333333333,0.644339550945888,1.0,5/15,16.66%,NR2F2;PTGDS;RXRA;LCN12;CYP2W1
prerank,Transmembrane Receptor Protein Kinase Activity (GO:0019199),0.30716871033815557,1.0912447524981608,0.3028720626631854,0.6406701118905171,1.0,16/31,31.91%,PDGFRA;ALK;DDR1;EPHA1;DDR2;BMPR1A;AXL;TGFBR2;TIE1;ERBB2;TEK;KIT;KDR;FLT1;BMPR1B;EGFR
prerank,Phosphatase Binding (GO:0019902),-0.26381038889693076,-1.0905806766774844,0.30345911949685533,0.6567872374185593,1.0,34/98,27.53%,PTPRT;PIK3R1;ANAPC4;CNST;CSRNP2;ANK1;SFI1;SPTBN4;TRAF3;MET;PIK3R2;CEP192;PPP1R3F;DLG4;SYTL2;GTF2F1;CRY2;SHOC2;CEACAM1;MAPK8;MAPK14;ANAPC7;DLG1;VRK3;CDKN1B;MAGI2;PPME1;RACK1;DLG3;MTMR9;PPP3R2;PPP3R1;KCNN4;MYO16
prerank,Neuropeptide Receptor Binding (GO:0071855),0.41410658322186544,1.0905658413503654,0.3412322274881517,0.6373898054363918,1.0,5/11,22.18%,KISS1;APLN;GAL;ASIP;QRFP
prerank,Amino Acid Binding (GO:0016597),0.3045173264098212,1.0903626194887215,0.3281653746770026,0.6329813364805339,1.0,7/31,7.43%,GLUD2;CASTOR1;GLUD1;SESN3;DDAH2;GLRA2;DDAH1
prerank,3'-5'-RNA Exonuclease Activity (GO:0000175),-0.3220027865176322,-1.0901520291300972,0.3227953410981697,0.6538962231219818,1.0,14/32,28.02%,DIS3L2;CNOT6L;DIS3;EXOSC2;EXOSC10;ANGEL2;CNOT8;USB1;CNOT2;EXOSC5;PAN2;PDE12;PNLDC1;EXOSC9
prerank,Purinergic Nucleotide Receptor Activity (GO:0001614),0.385150446697926,1.086323081243319,0.35807860262008734,0.638537055068735,1.0,5/12,19.89%,P2RY13;P2RX3;P2RY1;GPR34;P2RY12
prerank,Sulfotransferase Activity (GO:0008146),0.30875880349012214,1.0863198203963211,0.3282442748091603,0.6337158876922484,1.0,9/29,14.87%,CHST14;SULT1C4;CHST11;CHST6;GAL3ST1;GAL3ST4;CHST3;HS3ST3A1;CHST7
prerank,G Protein-Coupled Peptide Receptor Activity (GO:0008528),0.273492744233479,1.0857683026174616,0.32558139534883723,0.630320668361195,1.0,19/45,23.52%,EDNRB;OXTR;GPR37L1;MLNR;OPRK1;CX3CR1;FPR1;INPP5K;AVPR2;MAS1L;CYSLTR1;GPR37;APLNR;LTB4R2;PRLHR;GHRHR;GIPR;NMBR;KISS1R
prerank,"Hydrolase Activity, Hydrolyzing N-glycosyl Compounds (GO:0016799)",-0.38425949481232635,-1.084097286388569,0.3544973544973545,0.6654027912562431,1.0,6/15,21.37%,NEIL1;MACROD1;SARM1;NEIL2;TDG;RPS3
prerank,CoA Hydrolase Activity (GO:0016289),0.40269890193454727,1.082040248944455,0.3370044052863436,0.6350602058395355,1.0,4/11,9.51%,ACAA2;HIBCH;ACOT13;ACOT11
prerank,G Protein-Coupled Receptor Binding (GO:0001664),0.2314253284041861,1.0814931774288377,0.2870662460567823,0.6316656436720642,1.0,37/104,27.40%,SFRP1;WNT6;CCDC88C;GNAL;S1PR1;RTP5;ITGB4;RTP4;FZD1;FPR1;WNT5B;WNT4;BAMBI;GNAO1;NPB;PACRG;OXT;FLNB;CALCA;S100A14;GPRC5B;GPHA2;ARRB1;NPW;ADM;MARCO;ARHGEF1;FZD7;TULP3;HSPA1A;CCL19;CCL21;DNAJC14;WNT5A;WNT11;CXCL12;S1PR2
prerank,Monocarboxylic Acid Transmembrane Transporter Activity (GO:0008028),0.319483221042176,1.0813203209597884,0.31058823529411766,0.6274543627461199,1.0,12/25,26.64%,SLC16A1;SLC16A11;SLC16A9;SLC16A3;SLC16A5;SLC16A8;SLC6A13;SLC5A12;SLC1A4;SLC27A1;SLC32A1;SLC6A12
prerank,Olfactory Receptor Activity (GO:0004984),0.2768201705067711,1.0794978288120434,0.3275,0.6274418836075993,1.0,27/43,31.91%,OR7E24;OR10G2;OR5L2;OR13A1;OR6C65;OR10H5;OR10C1;OR10A2;OR2Z1;OR2B11;OR10H2;OR2H2;OR2H1;OR6M1;OR52W1;OR1D5;OR2T6;OR6C76;OR5V1;OR2AG2;OR52N2;OR1J4;OR3A1;OR10V1;OR5H1;OR2W3;OR3A2
prerank,Nuclear Thyroid Hormone Receptor Binding (GO:0046966),-0.33174665269893555,-1.0772663140123948,0.34991708126036486,0.6792316436878771,1.0,15/26,31.12%,JMJD1C;NCOR1;BRD8;TACC1;MED22;NCOA6;MED12;MED30;GAS2L1;MED1;GTF2B;MED17;HMGN3;NCOA3;MED13
prerank,Small GTPase Binding (GO:0031267),-0.23500388561411464,-1.0765192833722024,0.26805555555555555,0.677115299321699,1.0,58/179,26.41%,CDC42EP3;BICD2;LRRK2;RAB11FIP3;TNFAIP1;UNC13B;SORL1;TBC1D30;BICDL1;ALS2;CHML;DAPK3;GGA3;WHAMM;SRGAP3;PPP6R1;CCDC186;GCC2;DMXL2;GGA2;RAF1;RUSC2;KCTD13;ARHGEF2;FMNL1;ULK1;TMEM127;HACE1;PARD6A;EXPH5;MYCBP2;KNTC1;GIT2;RNF41;PAK1;CYFIP1;RAB11FIP4;DVL3;HPS6;KIF3B;ABI2;RANBP9;WASF1;NOXA1;TNPO3;PEX5L;PEX5;MYO5B;RIC1;RALBP1;RANBP2;VPS9D1;CDC42EP5;SGSM3;MYO1C;DOCK3;MYO5A;EXOC8
prerank,"2 Iron, 2 Sulfur Cluster Binding (GO:0051537)",0.3968372062993593,1.0730663146101855,0.33962264150943394,0.6383773227726051,1.0,2/11,10.34%,FXN;ISCA2
prerank,"Phosphatidylinositol-3,4-Bisphosphate Binding (GO:0043325)",0.3524848966916847,1.0716485556521207,0.36342042755344417,0.6375772592823993,1.0,7/18,18.29%,PLEKHA4;FCHSD2;TTPA;OBSCN;HIP1;HIP1R;MAPKAP1
prerank,GTPase Inhibitor Activity (GO:0005095),-0.43042352434130937,-1.0706820974651599,0.3787313432835821,0.6884954922744683,1.0,2/10,2.74%,IPO5;SLIT2
prerank,Actinin Binding (GO:0042805),0.34866499818297036,1.0695586419471752,0.3568075117370892,0.6382274707635864,1.0,4/18,6.63%,KCNA5;PDLIM5;TTN;CSRP1
prerank,"DNA-binding Transcription Activator Activity, RNA Polymerase II-specific (GO:0001228)",-0.2236359618487808,-1.0690907149827427,0.29697766097240474,0.6886936143620992,1.0,42/264,12.03%,GLIS1;FOSL2;ZNF786;EGR1;ZBTB16;NKX6-3;SATB2;MEF2C;NEUROD1;ETV5;PRDM2;TCF4;CLOCK;MLXIP;ATF6B;ZNF395;EGR2;ZNF48;ZNF782;ZNF544;ZNF780B;UBP1;ZSCAN21;MEF2A;NFIC;NFYC;GMEB1;YY1;ZNF267;REL;IRF3;NR2C2;NFAT5;FOXJ2;ETS1;PLAGL1;HINFP;MZF1;NR3C1;EGR4;ZNF629;RFXAP
prerank,NAD+ ADP-ribosyltransferase Activity (GO:0003950),-0.33470155143741354,-1.068310800125527,0.36231884057971014,0.6868725301073393,1.0,5/23,6.83%,PARP2;ART3;SIRT4;PARP8;PARP16
prerank,GTPase Binding (GO:0051020),-0.23035278936872366,-1.067722818729539,0.30896551724137933,0.6845423602234701,1.0,64/202,26.41%,CDC42EP3;BICD2;LRRK2;RAB11FIP3;TNFAIP1;UNC13B;SORL1;TBC1D30;BICDL1;ALS2;CHML;DAPK3;ATG14;ATG16L1;GGA3;RASIP1;WHAMM;SRGAP3;PPP6R1;GNB3;CCDC186;RASA1;GCC2;DMXL2;GGA2;RAF1;RUSC2;KCTD13;ARHGEF2;FMNL1;ULK1;TMEM127;HACE1;PARD6A;EXPH5;MYCBP2;KNTC1;GIT2;RNF41;PAK1;CYFIP1;RAB11FIP4;DVL3;HPS6;KIF3B;ABI2;RANBP9;WASF1;NOXA1;TNPO3;PEX5L;PEX5;MYO5B;RIC1;RALBP1;GNB1;RANBP2;VPS9D1;CDC42EP5;SGSM3;MYO1C;DOCK3;MYO5A;EXOC8
prerank,Monoatomic Anion Channel Activity (GO:0005253),0.27943894889918824,1.0643509944338116,0.371571072319202,0.6465588030356992,1.0,21/41,31.16%,ANO2;BEST1;FXYD1;GLRA2;CLIC4;GLRA3;CCT8L2;SLC17A8;CLCN7;BEST2;SLC1A4;BSND;LRRC8A;LRRC8D;CLCN3;TTYH1;CLIC3;CLCA4;ANO10;ANO6;SLC26A8
prerank,poly(U) RNA Binding (GO:0008266),-0.3550403130058083,-1.0628720328896077,0.3588850174216028,0.6934251122787508,1.0,6/21,17.62%,DIS3L2;MCRS1;KHDRBS1;RBM11;PABPC4;FMR1
prerank,Voltage-Gated Monoatomic Anion Channel Activity (GO:0008308),0.4006459908850678,1.0626551122368368,0.3685393258426966,0.6460651256143309,1.0,2/11,8.07%,CLCN5;CLCN6
prerank,Protein Phosphorylated Amino Acid Binding (GO:0045309),-0.300879487664353,-1.0604832292476192,0.37061769616026713,0.6958163493789813,1.0,11/38,18.31%,NCK2;PIK3R1;FBXW7;PIK3R2;IRS1;RASA1;ABL2;SHF;SHC3;GRB2;GRAP
prerank,Dicarboxylic Acid Transmembrane Transporter Activity (GO:0005310),0.3338091373473356,1.0594188667134452,0.3795454545454545,0.6497818539260244,1.0,8/21,19.85%,SLC19A1;SLC46A1;SLC16A1;SLC13A3;SLC26A2;SLC25A18;SLC25A13;SLC1A4
prerank,Receptor Ligand Activity (GO:0048018),0.20965605464984627,1.0522921281909312,0.2996632996632997,0.6632018997588821,1.0,64/158,30.53%,INHBB;WNT6;EDA;BMP7;AGT;IL33;FGF2;PTN;GRN;BMP6;MDK;GDF10;GDF11;WNT5B;WNT4;METRNL;APLN;FGF1;PDGFA;FGF3;GDF15;TIMP1;FLNB;SEMA6A;GUCA2A;GDF7;PDGFB;INHBC;CCL24;CRH;SEMA4B;HBEGF;SEMA4G;JAG1;DLL1;METRN;BMP10;VEGFC;LGALS3;CSH1;NMB;SEMA3B;ALKAL2;HSPA1A;CGB1;VEGFB;BMP2;WNT5A;WNT11;GREM1;PTHLH;IL17D;S100A4;SEMA4A;TNFSF13;ENDOU;APOA1;VGF;NPPB;WNT7B;CD86;POMC;CSF1;CCL25
prerank,ATP Binding (GO:0005524),-0.22172722510961101,-1.0517915806023153,0.35205479452054794,0.7149396076850569,1.0,62/238,22.20%,LMTK2;AARS2;SRPK1;BRSK1;PPIP5K1;ACVR1B;HACL1;RTEL1;MTPAP;BRSK2;NIM1K;PIF1;DAPK3;TLK2;PRKCI;P2RX6;ABCB9;LATS1;PFKP;SYN3;PDXK;TBCK;NLRP3;ATP1A1;AKT1;AGAP2;MCM6;MKNK2;STK36;TWF2;IDE;OLA1;DAPK1;SYN1;AKT3;MARK2;PLK1;MAP4K2;KCNJ11;MKNK1;MAST1;P2RX4;STK4;PEX6;AKT2;IGHMBP2;PIM1;TOP1;ABCF2;UBA2;PRAG1;SIK2;NVL;TDG;RPS6KA4;LONP1;WNK3;CDK11A;PIP4K2B;SARS2;CDK11B;CAD
prerank,Single-Stranded Telomeric DNA Binding (GO:0043047),-0.4111284149320259,-1.049896926567629,0.4099264705882353,0.7158424400526644,1.0,7/11,35.30%,HNRNPA1;TERF2;RAD50;NABP2;TERF1;STON1;RPA2
prerank,mRNA 5'-UTR Binding (GO:0048027),-0.3381154001831832,-1.0437997461560744,0.40350877192982454,0.7281920274822882,1.0,8/23,22.35%,MRPS11;RSL1D1;RPS7;IGF2BP3;UTP23;RPL26;FMR1;RPS13
prerank,Ligand-Gated Monoatomic Anion Channel Activity (GO:0099095),-0.3572087827439715,-1.043067862107562,0.40344827586206894,0.7260057670734256,1.0,4/16,7.02%,GABRB2;GLRB;GABRG3;GABRG2
prerank,Alanine Transmembrane Transporter Activity (GO:0022858),-0.42389435694626726,-1.0430021149552209,0.4103448275862069,0.7221995439285196,1.0,1/10,0.47%,SLC36A1
prerank,Neuropeptide Receptor Activity (GO:0008188),0.3059425402893098,1.042368101574232,0.38588235294117645,0.6832943179032734,1.0,11/26,27.54%,OPRM1;NTSR2;TACR2;GPR143;GAL;GPR37;PRLHR;NMBR;KISS1R;NMUR1;GALR3
prerank,Metal Ion Binding (GO:0046872),0.1892731521177772,1.0418267333299964,0.3157894736842105,0.6800306292357569,1.0,89/396,18.40%,EPHX2;THBS4;SCIN;COMP;APOE;ANXA2;ENOSF1;SPARC;SYT9;PIR;EYA2;ME1;CETN2;MAP3K20;RP2;HSP90B1;S100A13;CETN3;OTOF;TTN;DNER;EFCAB11;TNFAIP6;RASGRP3;S100A16;NUDT7;CALB1;ASPH;ARSA;AIF1;HMGCL;S100B;MASP1;THBS1;RCAN3;GSN;DYRK3;IQGAP1;CDH1;DHH;REXO2;CALB2;GCLC;ADGRL3;COLEC11;LCP1;CDH11;DDR2;HSPA5;NUCB2;BNIP2;FBLN1;CDH6;CALU;MYL5;PLOD3;CDH8;CD320;CALR;PSPH;NUDT18;PLA2G5;ITGA5;CIB1;RYR1;S100A2;MTHFD2;HPGDS;ANXA3;MYL12B;PAPOLA;MYL12A;ENPP1;DCHS1;CABP5;PRTFDC1;CPSF3;MT1X;CPNE6;S100A14;SYT15;XXYLT1;TUBB4A;CAPN3;PLSCR4;PAM;ALPP;CLEC3B;SLC25A13
prerank,G Protein-Coupled Amine Receptor Activity (GO:0008227),-0.34814829550235127,-1.0416548455187742,0.4177449168207024,0.7217575599657778,1.0,4/20,6.65%,HTR1F;HRH2;HTR2A;HTR5A
prerank,GABA-A Receptor Activity (GO:0004890),-0.39111518106697374,-1.0393903596613685,0.403921568627451,0.7235907844754405,1.0,3/12,7.02%,GABRB2;GABRG3;GABRG2
prerank,Metal Ion Transmembrane Transporter Activity (GO:0046873),-0.3372941458026246,-1.0378415717456153,0.40414507772020725,0.7235749159988935,1.0,9/24,22.98%,UCP3;ITPR1;ATP2B3;KCNA1;SLC4A8;MRS2;SLC8A2;ATP2B1;ZDHHC13
prerank,Double-Stranded RNA Binding (GO:0003725),-0.2774259983842191,-1.0356746439562472,0.41214057507987223,0.7253425238707233,1.0,15/54,22.80%,SUPV3L1;LRRFIP1;ZNF346;AGO1;STAU2;DHX33;MTDH;STRBP;ILF3;ADAD2;DHX15;RFTN1;ZFR;AGO4;PRKRA
prerank,RNA Polymerase III Activity (GO:0001056),-0.3698938958631351,-1.0334308826941254,0.420863309352518,0.7273927082353678,1.0,5/15,17.92%,POLR3A;POLR1D;POLR3F;POLR1C;POLR2H
prerank,Signal Sequence Binding (GO:0005048),-0.2994901130802416,-1.0317561188680051,0.3963815789473684,0.7279160298243794,1.0,4/36,4.84%,IPO5;CEMIP;NUP98;KPNA5
prerank,Phosphatidylinositol Phosphate Binding (GO:1901981),0.22265212453726313,1.0315298461021105,0.3558282208588957,0.7014189553580912,1.0,26/95,21.55%,PLEKHA4;PARD3;FCHSD2;PIRT;TTPA;ADAP2;SH3PXD2B;ARFIP1;SNX22;DENND1C;GOLPH3L;IQGAP1;TOM1;OBSCN;HIP1;FERMT2;MYO1B;PLEKHB2;SNX24;PLEKHF1;HIP1R;MAPKAP1;RUBCNL;ZFYVE16;PLEKHN1;MYO10
prerank,Kinase Inhibitor Activity (GO:0019210),0.29332772876640295,1.0298669148233313,0.4039408866995074,0.7007266496030542,1.0,8/29,19.64%,SOCS1;DNAJC3;ITPRIP;GMFG;NCK1;CDKN1C;CDKN1A;PRKRIP1
prerank,"DNA Exonuclease Activity, Producing 5'-Phosphomonoesters (GO:0016895)",-0.4149655242001261,-1.0286676263121068,0.4288354898336414,0.7317664778340401,1.0,1/10,0.51%,DCLRE1A
prerank,Voltage-Gated Sodium Channel Activity (GO:0005248),-0.35287609319838814,-1.0263689041824455,0.4297945205479452,0.7338859523121828,1.0,8/17,23.16%,PKD2;SCN8A;TPCN2;SCN1B;SCN4B;SCN1A;SCN2B;SCN2A
prerank,Nuclear Estrogen Receptor Binding (GO:0030331),-0.2986548501050155,-1.0257146699798638,0.408130081300813,0.7317397545336146,1.0,13/33,28.22%,PPARGC1B;LATS1;TACC1;DCAF1;NRIP1;NCOA6;PHB2;NCOA1;MED1;STRN;LCOR;WBP2;TRIP4
prerank,"3',5'-Cyclic-Nucleotide Phosphodiesterase Activity (GO:0004114)",0.33848681927293234,1.020119813080324,0.3835920177383592,0.7216458377607612,1.0,4/16,13.39%,PDE11A;PDE5A;PDE3A;PDE9A
prerank,Poly-Pyrimidine Tract Binding (GO:0008187),-0.33422092491344446,-1.019240278651477,0.43409490333919154,0.744544349825955,1.0,6/23,17.62%,DIS3L2;MCRS1;KHDRBS1;RBM11;PABPC4;FMR1
prerank,GABA Receptor Activity (GO:0016917),-0.35395228927270894,-1.0188622417481712,0.424408014571949,0.7416469789886397,1.0,5/15,17.32%,GABRB2;GABRG3;GABRG2;GABRA1;GABRD
prerank,Inorganic Cation Transmembrane Transporter Activity (GO:0022890),-0.3157225446667551,-1.0139171377886527,0.43986254295532645,0.7506468070559308,1.0,8/26,23.67%,GRIN2A;UCP3;GRIN1;GRIA2;GRIA3;PTK2B;RHCG;SLC12A6
prerank,Inward Rectifier Potassium Channel Activity (GO:0005242),-0.336130960415599,-1.012877421642036,0.426056338028169,0.7493357060461684,1.0,11/21,26.37%,KCNJ3;KCNJ6;KCNN1;KCNJ9;KCNJ4;KCNJ11;KCNK6;KCNN2;KCNH7;KCNJ8;KCNK1
prerank,"Oxidoreductase Activity, Acting On Paired Donors, With Incorporation Or Reduction Of Molecular Oxygen, NAD(P)H As One Donor, And Incorporation Of One Atom Of Oxygen (GO:0016709)",0.3312098675803822,1.0094018845384234,0.4376417233560091,0.7445219264416696,1.0,4/17,5.25%,AKR1C3;SQLE;FMO2;AKR1C4
prerank,Ubiquitin-Ubiquitin Ligase Activity (GO:0034450),-0.3734164349945791,-1.0088780923574971,0.45266781411359724,0.7554929330580281,1.0,3/13,11.53%,PPIL2;PRPF19;TRAF6
prerank,Nucleosomal DNA Binding (GO:0031492),-0.355993617454295,-1.008360391060851,0.46345811051693403,0.7528995806051959,1.0,4/17,15.65%,RBBP4;MBD3;GATAD2B;SMARCC2
prerank,S-adenosylmethionine-dependent Methyltransferase Activity (GO:0008757),-0.2762323648131445,-1.0076438386863067,0.444633730834753,0.7509840880378843,1.0,8/45,10.89%,COQ3;PRMT7;TRMT2B;NNMT;SMYD2;CSKMT;TARBP1;PRMT8
prerank,Phospholipase Binding (GO:0043274),0.39094740780066817,1.0041567349887492,0.45670995670995673,0.7534992788827577,1.0,2/10,7.20%,BLNK;SYK
prerank,LRR Domain Binding (GO:0030275),0.3838534764169419,1.0038047190203208,0.4323671497584541,0.7495007400304351,1.0,3/10,17.23%,ROBO1;DDIT3;POLR2J
prerank,DNA-directed 5'-3' RNA Polymerase Activity (GO:0003899),-0.30209403772576704,-1.0029459149623883,0.45840407470288624,0.7592965371592093,1.0,8/30,17.92%,PRIM1;POLR3A;MED21;POLR1D;POLR3F;POLR1C;POLR1E;POLR2H
prerank,Metalloaminopeptidase Activity (GO:0070006),-0.35333053060129493,-1.0024356649291908,0.4619377162629758,0.7567231668835496,1.0,2/16,2.32%,TRHDE;MMP16
prerank,Neurotransmitter Receptor Activity Involved In Regulation Of Postsynaptic Membrane Potential (GO:0099529),-0.33872205831793245,-1.0020980943344906,0.47413793103448276,0.7537952289994112,1.0,3/18,13.95%,GRIN2A;GRIA2;GRIA3
prerank,Adenyl Ribonucleotide Binding (GO:0032559),-0.20925950969131804,-1.0007010684305722,0.46308724832214765,0.7533229742368026,1.0,67/264,22.20%,HCN1;LMTK2;AARS2;SRPK1;BRSK1;PPIP5K1;ACVR1B;HACL1;RTEL1;MTPAP;BRSK2;NIM1K;PIF1;DAPK3;TLK2;PRKCI;P2RX6;ABCB9;LATS1;PFKP;SYN3;PDXK;TBCK;NLRP3;ATP1A1;PDE4A;RAPGEF2;AKT1;AGAP2;MCM6;MKNK2;STK36;TWF2;IDE;OLA1;DAPK1;SYN1;AKT3;MARK2;PLK1;MAP4K2;KCNJ11;MKNK1;MAST1;P2RX4;STK4;PEX6;AKT2;IGHMBP2;PIM1;POPDC3;TOP1;ABCF2;UBA2;PRAG1;SIK2;NVL;MPPED2;TDG;RPS6KA4;LONP1;WNK3;CDK11A;PIP4K2B;SARS2;CDK11B;CAD
prerank,Calcium Channel Regulator Activity (GO:0005246),-0.29408430427020443,-0.9986660305763085,0.42807625649913345,0.7544556730587246,1.0,5/33,6.88%,CACNG8;ITPR1;STIM2;CACNG7;NPY2R
prerank,Purine Ribonucleoside Triphosphate Binding (GO:0035639),0.17927397830682254,0.9977139780242259,0.48223350253807107,0.7609683846299841,1.0,119/401,24.96%,RIT1;PYGL;TUBB2B;RAB31;RHOB;RAB33B;RHOC;TUBB3;RAC2;GBP3;MAP3K20;DIRAS3;RAB29;GLUD2;RALA;RAB13;ABCB6;RAB10;GLUD1;MYO1F;ATP7A;UHMK1;SLC12A4;RAB4A;GTPBP4;ABCC6;ACTA1;RAP1B;RASL12;ACTC1;P2RX3;ATL3;NEK11;RHOD;TWF1;RRAS;DYRK3;ABCG8;ABCA1;ZAP70;RND2;GBP4;HSPA5;ARF4;RAB39B;TUBA1C;PMVK;CDC42;RAB39A;P2RY1;DTYMK;MLKL;RAB22A;RHOU;NRAS;OAS1;RPS6KA5;HSPA4;RAB8A;RAB21;NT5C2;IFIH1;BMPR1A;IFT27;RYR1;RAB11A;STK17A;TLK1;RHOG;OAS3;PAPOLA;ENPP1;MYO1B;GCK;ACLY;GIMAP7;TUBB4B;RAB2B;TUBB4A;RRAGB;ACVR1;ATP7B;RAB32;ABCF3;STK26;DNM2;RHOA;SIK3;SRP54;PFKL;CDK6;TUBB6;RAB6A;RAB42;TAOK1;ATP10D;TGFBR1;GSS;RAC3;PDK4;RRAS2;DARS2;MYH10;PRKAG2;LATS2;MAP4K4;MINK1;TRIB1;RHOJ;FICD;RAB1B;RAB35;EEF1A1;RIT2;MVK;HRAS;HSPA1A;BCKDK;NEK6
prerank,Chloride Transmembrane Transporter Activity (GO:0015108),0.2622882745269312,0.9971662532977875,0.45614035087719296,0.7576133795120267,1.0,15/43,20.84%,ANO2;BEST1;FXYD1;SLC12A9;GLRA2;CLCN6;CLIC4;GLRA3;SLC26A2;SLC17A8;CLCN7;BEST2;SLC12A2;SLC1A4;BSND
prerank,Nucleoside Monophosphate Kinase Activity (GO:0050145),0.3310936247463549,0.9970489322682109,0.47555555555555556,0.7530642774095371,1.0,5/15,17.02%,TJP2;AK9;DTYMK;AK4;CASK
prerank,"Phosphotransferase Activity, Phosphate Group As Acceptor (GO:0016776)",0.3263112533914693,0.9961070769068433,0.43333333333333335,0.7505104045232457,1.0,5/17,11.72%,NME4;PMVK;AK9;DTYMK;AK4
prerank,Phosphotyrosine Residue Binding (GO:0001784),-0.29212379279734774,-0.9940477185102671,0.45161290322580644,0.7621200809045153,1.0,10/32,18.31%,NCK2;PIK3R1;PIK3R2;IRS1;RASA1;ABL2;SHF;SHC3;GRB2;GRAP
prerank,SH2 Domain Binding (GO:0042169),0.29533080017242247,0.9940371081905311,0.44963144963144963,0.751346826180945,1.0,4/24,6.67%,BLNK;LAT2;SH3PXD2B;SH2B2
prerank,Deaminase Activity (GO:0019239),-0.3962283671576443,-0.9921331155579972,0.4635036496350365,0.7632032123194105,1.0,2/10,5.90%,TADA2A;GNPDA2
prerank,aminoacyl-tRNA Ligase Activity (GO:0004812),-0.3331037243335998,-0.9913340471440398,0.4457831325301205,0.7614559815103674,1.0,7/18,26.07%,AARS2;NARS2;SARS2;LRRC47;FARS2;CARS2;TARS2
prerank,MHC Protein Binding (GO:0042287),0.3322376235204251,0.9874869463979513,0.47959183673469385,0.7641759565180334,1.0,7/16,22.48%,CD81;CD4;CD74;DERL1;TUBB4B;CD8B;HLA-E
prerank,C4-dicarboxylate Transmembrane Transporter Activity (GO:0015556),0.3453802656044047,0.9857607892503212,0.48394004282655245,0.7640465957616689,1.0,6/14,25.63%,SLC16A1;SLC13A3;SLC25A18;SLC25A13;SLC1A4;SLC1A5
prerank,mRNA 3'-UTR Binding (GO:0003730),-0.2442033413856168,-0.9846917812231327,0.49282296650717705,0.7747623848839905,1.0,19/80,17.62%,ELAVL4;CPSF1;SECISBP2;HNRNPA0;TARDBP;RSL1D1;PUM2;CELF1;ILF3;CPEB4;RBM24;PABPC4;RPS7;LARP4B;IGF2BP3;UTP23;ANGEL2;TIAL1;FMR1
prerank,Kinase Activity (GO:0016301),-0.23506620063908107,-0.9826890123166175,0.48942598187311176,0.775980023316122,1.0,34/94,30.72%,LRRK2;CAMK2A;PPIP5K1;ITPKC;DGKZ;CDK9;PDXK;IP6K1;NMRK1;GSK3B;AKT1;DGKA;EPHA4;CDK5R1;PANK1;PAPSS2;SEPHS2;CDC7;TRRAP;MASTL;TRIB3;PANK4;PI4KA;PGK1;ITPKA;PIK3CA;DGKE;IP6K2;CDKL5;COASY;PIK3CB;POMK;COQ8A;PGM2L1
prerank,Transition Metal Ion Binding (GO:0046914),0.17856070747379232,0.9812907613648139,0.5676855895196506,0.7706959673552771,1.0,81/366,18.45%,BHMT2;LIMS1;MYT1;PARP1;ME1;S100A13;DNAJC24;LITAF;TIMP2;HEPH;CYLD;DPF3;B4GALT1;DHX58;ALOX5;ATP7A;PLA2G15;CALB1;MMP9;KPNB1;TRIM8;HMGCL;SEMG2;S100B;BBOX1;MT1M;ZNF208;CSRP1;POLR2L;LACC1;DHH;ACR;RNF7;RXRA;TIMM8B;GALT;ATOX1;FTL;MT1B;IKZF5;MSRB2;ERAP2;ISCA2;B4GALT7;MT2A;TES;HHIP;PLOD3;CALR;IFIH1;KDM1B;CD4;LACTB2;FBXL19;TRIM24;TIMP1;NOS3;PAPOLA;ENPP1;TIMM13;ADH5;CHORDC1;ADAM33;CA2;MT1X;ALB;MEFV;MT1L;ZNF93;ADA;CUTA;XXYLT1;MT1G;MT1E;ZDHHC15;ATP7B;PAM;NT5E;ALPP;XPNPEP3;PRM2
prerank,Glucuronosyltransferase Activity (GO:0015020),-0.3623248317376694,-0.9809065203014943,0.4847972972972973,0.777057967668202,1.0,3/14,11.16%,EXT1;EXTL1;CHSY3
prerank,Cyclosporin A Binding (GO:0016018),-0.34262465148566656,-0.9772703584779354,0.48936170212765956,0.7824517516315627,1.0,10/18,27.37%,PPIL2;PPWD1;PPIE;PPP3CA;NKTR;PPIAL4G;RANBP2;PPIH;PPIA;PPP3R1
prerank,Acetylgalactosaminyltransferase Activity (GO:0008376),-0.3818410518514271,-0.9771433695813013,0.49380530973451325,0.7790336538757455,1.0,5/11,29.60%,B4GALNT1;CHSY3;B4GALNT4;CSGALNACT1;B3GALNT2
prerank,Epidermal Growth Factor Receptor Binding (GO:0005154),0.3114590294467752,0.9767464609459906,0.47380410022779046,0.7781079433213467,1.0,7/19,23.45%,EFEMP1;SNX2;ARF4;HIP1;SHC1;SNX1;SLA
prerank,Monoatomic Cation Channel Activity (GO:0005261),-0.24330596159470919,-0.9760909871478707,0.5030769230769231,0.7778108062099472,1.0,18/77,17.78%,HCN1;KCNK10;RYR2;GRIN1;SLC24A4;PKD2;PKD1;CACNA1D;KCNC4;TRPM7;TPCN2;TMEM38A;CALHM2;PKD2L1;KCNF1;KCNA1;KCNA2;PKD2L2
prerank,Secondary Active Transmembrane Transporter Activity (GO:0015291),0.2540911798372369,0.9745162913558917,0.49370277078085645,0.7788474054926704,1.0,9/44,11.14%,CLCN5;SLC19A1;SLCO2B1;SLC2A10;SLC46A1;SLC35D1;CLCN6;SLC4A4;SLC22A4
prerank,Ligand-Gated Monoatomic Cation Channel Activity (GO:0099094),-0.2626749644706105,-0.9729816565272305,0.5141065830721003,0.7817748216490797,1.0,18/52,26.37%,KCNJ3;KCNJ6;SHROOM2;CHRNA10;KCNN1;KCNJ9;P2RX6;TPCN2;KCNJ4;P2RX4;KCNK6;KCNN2;SCNN1D;CCDC51;KCNH7;KCNJ8;CHRNA7;KCNK1
prerank,U6 snRNA Binding (GO:0017070),0.34665504755690046,0.9728073932323517,0.4942263279445728,0.77878240087026,1.0,3/13,15.76%,LSM7;LARP7;LSM4
prerank,Voltage-Gated Potassium Channel Activity Involved In Cardiac Muscle Cell Action Potential Repolarization (GO:0086008),0.3780296695197284,0.9724978788797402,0.501123595505618,0.7748046711148149,1.0,3/10,2.88%,KCNQ1;KCNH2;KCNE4
prerank,Ribosomal Small Subunit Binding (GO:0043024),0.33410960534332035,0.9718632686032239,0.47516198704103674,0.7717518222815173,1.0,4/15,19.95%,CPEB2;LARP1;PTCD3;G3BP1
prerank,PDZ Domain Binding (GO:0030165),-0.25486321175711735,-0.9715258786555756,0.5054602184087363,0.7816932761745905,1.0,14/57,20.66%,ADRB1;PLEKHA1;ATP2B3;SLC26A6;KIDINS220;ATP2B2;FZD3;RAPGEF2;DLG4;KCNJ4;FZD4;ADAM17;PLEKHA2;ATP2B1
prerank,K63-linked Deubiquitinase Activity (GO:0061578),-0.3765151763153666,-0.9689837886501229,0.49444444444444446,0.7841048880830753,1.0,5/11,24.06%,STAMBPL1;PSMD14;OTUD5;DESI1;YOD1
prerank,RNA Endonuclease Activity (GO:0004521),-0.2863000211581795,-0.9684190832132694,0.5177419354838709,0.7817535663267811,1.0,10/33,23.40%,MBLAC1;YBEY;INTS11;RNASEL;EXOG;ENDOG;ENDOV;ZC3H12B;AGO4;ANKZF1
prerank,Solute:Sodium Symporter Activity (GO:0015370),-0.323672206444402,-0.9669864244221736,0.5094664371772806,0.7815676125794755,1.0,4/20,8.26%,SLC4A10;SLC4A7;SLC4A9;SLC17A7
prerank,Transcription Regulatory Region Nucleic Acid Binding (GO:0001067),-0.21072731181813198,-0.9655751850542214,0.5594405594405595,0.7816068216187002,1.0,33/166,19.40%,HDAC4;EGR1;MEF2C;ETV5;POU2F2;PER1;CTCF;PER2;ATF6B;ZBTB8A;EGR2;NR1D1;SUV39H2;NCOR1;NFYC;TFAM;YY1;PBX1;ETS1;ZNF335;HINFP;MZF1;CEBPB;FOXK1;SOX12;BASP1;CRY2;CALCOCO1;RBBP5;ARID5B;LIN54;CARM1;ELK1
prerank,Protein Phosphatase 2A Binding (GO:0051721),-0.32004772746621535,-0.9650872838812377,0.4891304347826087,0.7792775102538869,1.0,11/21,31.13%,MFHAS1;ENSA;IGBP1;SMG7;MASTL;DAB2IP;PPME1;STRN4;STRN;MAPT;BOD1
prerank,Cell Adhesion Mediator Activity (GO:0098631),0.2880711170448445,0.9642685296946681,0.5170731707317073,0.7870864751871927,1.0,10/26,22.00%,NFASC;PALLD;NINJ1;JAM3;CNTN6;CNTN2;BCAT2;IGSF9;NEXN;CNTN4
prerank,Protein Tyrosine/Serine/Threonine Phosphatase Activity (GO:0008138),-0.3203437145294666,-0.9634038226008461,0.5304990757855823,0.7798434376690917,1.0,9/20,26.62%,DUSP8;DUSP7;DUSP12;DUSP2;MTMR2;DUSP4;DUSP19;PPM1F;SBF1
prerank,Amyloid-Beta Binding (GO:0001540),0.22263627694275234,0.9600787151478253,0.5621301775147929,0.7930753572798537,1.0,32/68,31.56%,BCHE;ITGB2;APOE;ITM2B;C1QA;ADRB2;CST3;TLR4;COL25A1;APBA3;APBB2;PGRMC1;CD74;TM2D1;VBP1;ITGAM;PFDN2;PFDN5;MARCO;TREM2;TLR2;LDLR;FZD5;CRYAB;APOA1;AGER;PFDN4;LDLRAP1;TLR6;PICALM;APBA1;ITGA2
prerank,TBP-class Protein Binding (GO:0017025),0.3090096606511138,0.9593976031523863,0.5349397590361445,0.790095826744531,1.0,2/18,2.00%,ZFP36L2;HHEX
prerank,Ubiquitin-Like Protein Conjugating Enzyme Binding (GO:0044390),-0.28525571979576586,-0.9578975053914849,0.5135593220338983,0.7896394919044963,1.0,12/32,25.32%,TCERG1;RNF19A;TRAF6;ZMYM2;RNF144A;UBA2;RPS3;SIAH2;PRKN;ARIH2;PARK7;DCUN1D2
prerank,rRNA Binding (GO:0019843),-0.26988486420434576,-0.9523610574307101,0.5266558966074314,0.7994028207287895,1.0,20/43,30.47%,GTF3A;MRPL16;MRPS11;NGRN;RCC1L;ERAL1;NOP53;UTP23;FASTKD5;RPS3;DDX28;RPS13;MRPS27;MRPS7;RPS9;MRPL18;MTERF4;RPLP0;RPS5;MRPS18A
prerank,L-glutamate Transmembrane Transporter Activity (GO:0005313),0.3446716385726826,0.9474228452475281,0.515695067264574,0.8170705945492958,1.0,6/12,21.42%,SLC1A7;SLC17A8;SLC7A11;SLC25A18;SLC25A13;SLC1A3
prerank,SH3 Domain Binding (GO:0017124),-0.2549366721472036,-0.9468052529421886,0.5594855305466238,0.8096863311199293,1.0,22/54,24.30%,ADAM9;MICAL1;SGIP1;AFAP1;SHANK1;REPS1;KHDRBS1;ZNF106;GRB2;EVL;DAB2IP;RAD9A;AFAP1L2;CNTNAP1;DRD4;ABI2;NOXA1;RUFY2;PRKN;GPX1;SOCS7;AKAP5
prerank,Mannosyltransferase Activity (GO:0000030),0.2920557105384615,0.9457341266702556,0.5146067415730337,0.816758212988975,1.0,9/22,21.16%,TMTC1;ALG12;TMTC2;PIGM;ALG8;DPY19L3;TMTC3;PIGV;ALG3
prerank,snRNA Binding (GO:0017069),0.2502091504073005,0.9433951158694978,0.5644329896907216,0.8181475625929457,1.0,7/40,15.76%,ISG20;LSM7;NCBP2;SNRPD3;SNRNP70;LARP7;LSM4
prerank,Transition Metal Ion Transmembrane Transporter Activity (GO:0046915),0.264120265873158,0.932306314014941,0.5607476635514018,0.8417352925919875,1.0,13/27,35.96%,SLC40A1;SLC39A6;SLC39A11;SLC39A9;ATP7B;SLC31A2;TMEM165;SLC30A10;TTYH1;SLC30A9;SLC39A7;SLC39A1;SLC30A1
prerank,Tumor Necrosis Factor Receptor Superfamily Binding (GO:0032813),-0.29570577706658796,-0.930773369032668,0.5571177504393673,0.8449468022930242,1.0,7/23,22.34%,BID;TRAF3;PIDD1;TRAF6;FEM1B;DAB2IP;CASP8AP2
prerank,Transmembrane Receptor Protein Phosphatase Activity (GO:0019198),-0.33612478167079407,-0.930612622905131,0.5189873417721519,0.8378756233434025,1.0,4/16,10.39%,PTPRT;PTPRE;PTPRD;PTPRK
prerank,Transmembrane Receptor Protein Tyrosine Phosphatase Activity (GO:0005001),-0.33612478167079407,-0.930612622905131,0.5189873417721519,0.8378756233434025,1.0,4/16,10.39%,PTPRT;PTPRE;PTPRD;PTPRK
prerank,Cytochrome-C Oxidase Activity (GO:0004129),-0.3673929435373753,-0.9274806941739882,0.5377855887521968,0.8416900978472885,1.0,4/11,38.11%,COX7A1;COX5A;COX7C;COX8A
prerank,Amino Acid:Sodium Symporter Activity (GO:0005283),0.3193574213280927,0.926556786741785,0.5793269230769231,0.8519386291067229,1.0,8/13,40.32%,SLC1A7;SLC6A13;SLC1A3;SLC6A12;SLC6A1;SLC6A6;SLC38A1;SLC1A6
prerank,Phosphatidylcholine Transporter Activity (GO:0008525),0.30263901536630594,0.9245999021017113,0.5505882352941176,0.8517532503473721,1.0,4/16,14.65%,PITPNC1;PLTP;MTTP;ATP10B
prerank,tRNA Binding (GO:0000049),-0.25542253188441766,-0.9243276717340776,0.5938009787928222,0.8451735924756149,1.0,25/42,37.37%,AARS2;TRMT9B;DALRD3;NEMF;EIF2S3B;IGHMBP2;RPUSD4;ELP5;PUS1;SARS2;MRPS27;FARS2;YRDC;TRNAU1AP;TYW5;ELP1;ALKBH8;EIF2S3;CTU1;NAT10;YARS2;ALKBH1;SEPSECS;EIF2S1;THG1L
prerank,"Catalytic Activity, Acting On A tRNA (GO:0140101)",-0.2647545162400815,-0.9206593546795904,0.5634517766497462,0.8503570678984583,1.0,13/38,29.78%,AARS2;TRMT9B;QTRT1;DTWD2;OSGEP;QRSL1;NT5C3A;MTFMT;MRPL58;ANKZF1;TARS2;TYW5;GATB
prerank,Exopeptidase Activity (GO:0008238),0.24238180766751047,0.9146164627261039,0.6034063260340633,0.8729383764595872,1.0,17/38,26.64%,CXCR4;ZMPSTE24;CTSH;CNDP2;ERAP2;CPM;XPNPEP3;PRCP;DPP3;DPP7;DPEP3;NUDT16;CPE;FOLH1;DPP6;JMJD7;CNDP1
prerank,Protein Serine/Threonine/Tyrosine Kinase Activity (GO:0004712),-0.28897064625777974,-0.9145712537851319,0.5741379310344827,0.8612994347270727,1.0,6/25,18.03%,MAPK10;MAP3K9;RPS6KB1;MAPKAPK5;TNK2;MAPK14
prerank,N-acetyltransferase Activity (GO:0008080),-0.3205058401073024,-0.9110890296882723,0.5667870036101083,0.8662147768264973,1.0,6/17,18.09%,GNPNAT1;EP300;CREBBP;NAT8L;SATL1;NAA50
prerank,Monoatomic Ion Gated Channel Activity (GO:0022839),0.25388363481621307,0.910653136703225,0.60381861575179,0.8783949962193068,1.0,17/31,32.10%,CHRNA3;CACNA1H;TMC6;CHRNA4;TMC8;PIEZO1;CHRNB2;KCNK15;TMEM63A;TMEM63B;CHRNB1;CNGB1;ANO10;ANO6;GABRB1;TMC7;P2RX2
prerank,Acylglycerol O-acyltransferase Activity (GO:0016411),0.2621952250764141,0.9043464318395543,0.572429906542056,0.8892381661378044,1.0,4/25,6.35%,AGPAT5;PLA2G15;PNPLA4;LPCAT2
prerank,Endopeptidase Activity (GO:0004175),0.17328556264401174,0.9041126871780828,0.7720588235294118,0.8848022646641148,1.0,76/218,29.74%,SFRP1;ECEL1;PSEN2;MMP28;CASP10;SEC11C;PSMB10;ADAM28;MMP9;ZMPSTE24;TYSND1;MASP1;CTSH;SEC11A;USP18;ACR;USP37;ADGRG6;ERAP2;CASP1;KLK9;PSMB9;CASP7;MMP14;TPP1;ASTL;C1S;PDIA3;ADAM33;RHBDD1;MMP19;USP9X;GZMM;GZMH;CTRB1;TLL2;TLL1;PLAT;OMA1;CASP2;ADAM7;TRABD2B;CTSS;KLK14;HPR;ADAM15;CTRC;USP14;ESPL1;RHBDF1;HPN;CFD;ADAMTS4;CLPP;ADAMTS14;PRSS50;JMJD7;RHBDL2;KLK6;KLK5;TMPRSS6;NAPSA;TPSG1;CASP8;ADAMTS9;PSMB8;PSEN1;CASP9;ADAM10;USP8;ADAMTS19;CLCA4;PCSK9;USP24;ELANE;C1R
prerank,Solute:Potassium Antiporter Activity (GO:0022821),0.31635469174022757,0.9024768758090211,0.5739130434782609,0.8838698054189863,1.0,2/13,2.33%,SLC24A3;SLC9A9
prerank,"RNA Exonuclease Activity, Producing 5'-Phosphomonoesters (GO:0016896)",-0.26981830915448357,-0.9012517913303582,0.6066666666666667,0.8859456542060055,1.0,11/29,28.02%,DIS3L2;DIS3;EXOSC2;EXOSC10;ANGEL2;CNOT8;USB1;EXOSC5;PAN2;PDE12;EXOSC9
prerank,Protein Tyrosine Phosphatase Activity (GO:0004725),-0.22702208826115688,-0.8993268869984313,0.6577287066246057,0.8863889203913747,1.0,11/69,10.64%,PTPRT;PTPN2;DUSP11;DUSP8;DUSP7;PTPN14;PTPRE;PTPRD;EYA3;PTPRK;PTPN4
prerank,Calcium Activated Cation Channel Activity (GO:0005227),-0.31778891077267124,-0.8963004666189192,0.5875,0.8897132854404246,1.0,6/17,27.42%,KCNMA1;KCNN1;PKD2L1;KCNN2;CALHM1;KCNN4
prerank,Transmembrane Receptor Protein Tyrosine Kinase Adaptor Activity (GO:0005068),-0.34397745764784426,-0.8955090355799147,0.609981515711645,0.8877800940835021,1.0,3/12,17.89%,PIK3R1;IRS1;TRADD
prerank,Histone Acetyltransferase Binding (GO:0035035),-0.315803479202901,-0.8952520875632495,0.5880149812734082,0.8846617651058208,1.0,3/16,14.69%,EGR1;MEF2A;CITED2
prerank,Transmembrane Receptor Protein Tyrosine Kinase Activity (GO:0004714),0.2301232172418029,0.8941932332265654,0.625974025974026,0.8989544377505854,1.0,8/44,10.62%,CSF1R;EFEMP1;PDGFRA;DDR1;EPHA1;FGFR3;DDR2;FGFR1
prerank,DNA Replication Origin Binding (GO:0003688),-0.3515269704472669,-0.8940082868763786,0.5877034358047016,0.8839145169154389,1.0,6/11,35.45%,ORC4;CDC6;ORC2;ORC5;KAT7;ORC3
prerank,Cysteine-Type Peptidase Activity (GO:0008234),-0.2101758901927581,-0.8900761171534318,0.7147102526002972,0.8893153605610641,1.0,33/112,24.20%,USP28;JOSD1;OTUD7A;MALT1;USP49;USP9Y;ZRANB1;CTSB;USP36;LGMN;USP22;USP42;UCHL5;USP4;USP43;USP1;SUMO1;ATG4D;BLMH;OTUD5;SENP1;USP21;DESI1;OTUD3;SENP3;USP46;USP19;OTUD1;USP31;USP25;USP30;YOD1;USP13
prerank,Nuclease Activity (GO:0004518),-0.24780922104484465,-0.8867209624162333,0.6366559485530546,0.8932526785721829,1.0,16/43,26.90%,DIS3L2;MUS81;DIS3;ISG20L2;DFFB;REXO4;RNASEL;EXOG;MAP1S;RNASEH1;N4BP1;OGG1;PMS2;DNA2;DCLRE1C;PDE12
prerank,Nucleotidyltransferase Activity (GO:0016779),-0.35248092249261104,-0.8845950400724758,0.6222627737226277,0.8941576007351816,1.0,4/10,26.58%,MOCS3;PAPSS2;YRDC;UBA6
prerank,Ribosomal Large Subunit Binding (GO:0043023),-0.3510013951249241,-0.8837476217699393,0.597864768683274,0.8922779900137395,1.0,4/11,30.86%,DHX33;NEMF;MRRF;CPSF6
prerank,Phospholipase C Activity (GO:0004629),0.28145069946799595,0.8821809945429605,0.6386138613861386,0.9233736404510505,1.0,8/18,22.47%,PLCG2;CCR1;PDIA3;CCR5;PLCB2;PLCH1;CHRM5;PLCB4
prerank,Neuropeptide Hormone Activity (GO:0005184),0.26893303726848616,0.8814182851224701,0.6195121951219512,0.915015230627156,1.0,8/21,23.70%,SPX;GAL;OXT;ASIP;CRH;QRFP;HCRT;NMB
prerank,Neuropeptide Activity (GO:0160041),0.26893303726848616,0.8814182851224701,0.6195121951219512,0.915015230627156,1.0,8/21,23.70%,SPX;GAL;OXT;ASIP;CRH;QRFP;HCRT;NMB
prerank,Guanyl-Nucleotide Exchange Factor Activity (GO:0005085),-0.19234654099627502,-0.8803609770815424,0.7559274755927475,0.8963473093822868,1.0,36/185,19.18%,TNFRSF25;TIAM2;ARHGEF3;MCF2L2;CYTH3;ADRB1;RALGPS1;MCF2L;CCZ1;RAPGEFL1;TRIO;ALS2;DENND3;RCC1L;DIS3;NGEF;DENND4B;DENND4A;ARHGEF18;RASGEF1A;RAPGEF2;KALRN;ARHGEF2;SH3BP5L;ITSN1;KNDC1;RAPGEF5;MYCBP2;ARHGEF25;HERC2;ARHGEF4;SH3BP5;ARHGEF12;EIF2B1;EIF2B5;ARHGEF9
prerank,Cadherin Binding (GO:0045296),0.1632393833501108,0.8780096859522483,0.9027777777777778,0.9180027244721223,1.0,116/293,33.78%,ZC3HAV1;ANXA2;BAG3;ARHGAP18;PDLIM5;FNBP1L;RAB10;WASF2;STXBP6;SNX2;SH3GLB1;TJP2;CNN3;TWF1;FXYD5;TLN1;IQGAP1;CDH1;CAPZA1;PTPN11;LARP1;CDH11;HSPA5;CNN2;EHD1;PTPRM;CAPG;ANK3;RDX;TES;EZR;CDH6;CLINT1;CAPZB;PLIN3;CALD1;CDH8;DNAJB1;CHMP4A;S100A11;ATIC;MYO1B;DCHS1;FLNB;TAGLN2;PKP4;NCK1;MAPRE1;PRDX1;JUP;SLC3A2;DIAPH3;ANLN;ACVR1;ITGA6;VASP;PAK2;EPN2;FMNL2;PRDX6;SNX1;TRIM29;PTPRJ;TJP1;LDHA;TRIM25;FYN;CDC42EP1;AHNAK;CDH23;SNX5;SHTN1;SFN;EPCAM;CD46;ERC1;HSPA1A;KTN1;PPP1R13L;NDRG1;TMOD3;DOCK9;SLC9A3R2;TBC1D10A;HDLBP;BMPR2;IST1;PSEN1;USP8;YKT6;SPTBN1;GLOD4;KDR;ITGB1;MACF1;CCS;CHMP2B;RAB1A;ARHGAP1;ARVCF;PICALM;EGFR;MICALL1;LIMA1;CD2AP;IDH1;VASN;CAST;EPS8L2;PPP1CA;CLIC1;PFN1;MRE11;CORO1B;RPS26;TBC1D2
prerank,DNA-directed DNA Polymerase Activity (GO:0003887),-0.3046109761232131,-0.8778753531478315,0.6466431095406361,0.8982850548283708,1.0,5/17,19.61%,POLN;POLE3;POLH;POLG;POLD3
prerank,Monoatomic Ion Channel Activity (GO:0005216),0.25076801145666733,0.8773457833455827,0.6706443914081146,0.9146854152311615,1.0,10/27,25.81%,TMEM120A;TRPM6;ASIC3;CCT8L2;MCUB;PIEZO1;TRPV2;ASIC4;KCNK3;LRRC8A
prerank,Magnesium Ion Binding (GO:0000287),-0.19976424787409983,-0.8751049874511715,0.7265973254086181,0.9007546108425212,1.0,29/131,20.62%,ATP4A;LRRK2;SRPK1;BRSK1;HACL1;DIS3L2;MTPAP;BRSK2;NIM1K;PIF1;PRIM1;LATS1;PDXK;MARK2;PLK1;ABL2;MAST1;STK4;IMPA1;ENDOG;TDP2;S100P;RAP2A;HPRT1;ENDOV;UBA2;SIK2;GNAI1;TDG
prerank,Carboxylic Acid Binding (GO:0031406),0.3285933628074227,0.8742847601411214,0.6380090497737556,0.9169339988788029,1.0,3/12,7.43%,AKR1C1;DDAH2;DDAH1
prerank,Proton Transmembrane Transporter Activity (GO:0015078),-0.254460458988909,-0.8741971082205309,0.6778523489932886,0.8989839827902874,1.0,15/36,33.51%,UCP3;SLC25A12;COX7A1;SLC47A1;UQCRC1;NNT;UQCRH;UQCRHL;COX15;COX5A;SLC11A2;UQCR10;ATP6V1B2;ATP6V1F;COX7C
prerank,Postsynaptic Neurotransmitter Receptor Activity (GO:0098960),0.32224830977625585,0.8733413435787737,0.6478260869565218,0.9142308683153827,1.0,4/12,24.61%,CHRNA3;CHRNA4;CHRNB2;CHRNB1
prerank,Cytokine Receptor Binding (GO:0005126),0.2135270558822634,0.8710628167764599,0.6931506849315069,0.9143776803095133,1.0,18/54,27.14%,TRIP6;JAK3;SYK;MYDGF;PYCARD;LIFR;TLR5;INHBC;S100A14;TLR9;FKBP1A;TGFBR3;CSH1;TIMM50;CCL19;SMAD2;CCL21;CXCL12
prerank,Lipid Kinase Activity (GO:0001727),-0.3001449093448998,-0.8705733334911084,0.6388415672913118,0.9031457629224978,1.0,7/17,28.75%,DGKZ;DGKA;DGKG;CERK;PIK3CA;DGKE;PIK3CB
prerank,2-Oxoglutarate-Dependent Dioxygenase Activity (GO:0016706),-0.24961962100231216,-0.8696764585967415,0.6772046589018302,0.9013295670304646,1.0,12/37,22.93%,KDM4A;KDM2B;KDM4C;PHYH;TMLHE;P4HTM;ALKBH4;KDM7A;JMJD6;ALKBH3;KDM8;HSPBAP1
prerank,Amino Acid Transmembrane Transporter Activity (GO:0015171),0.21819333813087993,0.8688422142517329,0.7154255319148937,0.9147156918768934,1.0,15/44,26.64%,SLC7A10;SLC38A10;SLC7A7;SLC6A19;SLC22A4;SLC1A7;SLC7A11;SLC6A13;SLC3A2;SLC25A13;SLC1A4;SLC1A3;SLC1A5;SLC32A1;SLC6A12
prerank,MAP Kinase Phosphatase Activity (GO:0033549),-0.3439011138123177,-0.8666367084107172,0.6349206349206349,0.90464751790621,1.0,4/11,18.55%,DUSP8;DUSP7;DUSP2;DUSP4
prerank,Inhibitory Extracellular Ligand-Gated Monoatomic Ion Channel Activity (GO:0005237),-0.33905976116546527,-0.8666157669032118,0.6115241635687733,0.9010342487997447,1.0,3/11,7.02%,GLRB;GABRG3;GABRG2
prerank,Triglyceride Lipase Activity (GO:0004806),0.31288219536466433,0.8660918071627052,0.6605080831408776,0.9160990686258912,1.0,6/12,28.99%,PNPLA4;LCP1;LIPE;PNPLA1;LIPN;PNPLA3
prerank,Acetylglucosaminyltransferase Activity (GO:0008375),0.23756074037506308,0.8647877384380757,0.6813186813186813,0.9142030290770132,1.0,7/33,14.11%,LFNG;B3GNT5;B3GNT2;PIGA;MFNG;PIGP;RFNG
prerank,CCR Chemokine Receptor Binding (GO:0048020),0.31204997827641484,0.8633966551868234,0.6568848758465011,0.9120700310256891,1.0,9/13,30.53%,NES;CCL24;CCL22;DEFB1;CCL17;CCL19;CCL21;CCL2;CCL25
prerank,Protein Tyrosine Kinase Binding (GO:1990782),0.20501178195681902,0.8621592698046838,0.7542857142857143,0.9100368605687179,1.0,17/65,19.45%,BLNK;PLCG2;ITGAX;TJP2;PTPN11;HYAL2;LRP4;CPNE3;ELMO2;CD4;ANGPT2;SHC1;NCK1;GFRAL;CD247;ACVR1;CEACAM20
prerank,"Oxidoreductase Activity, Acting On Single Donors With Incorporation Of Molecular Oxygen, Incorporation Of Two Atoms Of Oxygen (GO:0016702)",-0.3298250668467182,-0.8610811021319329,0.6482142857142857,0.9094356024970208,1.0,2/12,6.39%,PTGS2;HAAO
prerank,"Phosphatidylinositol-3,5-Bisphosphate Binding (GO:0080025)",0.2645467752618754,0.860300276816802,0.6511056511056511,0.9093612399415711,1.0,5/21,18.29%,PLEKHA4;SH3PXD2B;HIP1;HIP1R;MAPKAP1
prerank,Magnesium Ion Transmembrane Transporter Activity (GO:0015095),0.33235470789961785,0.8587384378203693,0.6391304347826087,0.9080276812540056,1.0,6/10,36.37%,MAGT1;MMGT1;SLC41A1;TUSC3;CNNM2;SLC41A2
prerank,Cysteine-Type Endopeptidase Inhibitor Activity (GO:0004869),-0.33571067177739544,-0.8559858638035757,0.6539162112932605,0.9168722342702035,1.0,2/11,10.55%,PTTG1;KNG1
prerank,Nuclear Vitamin D Receptor Binding (GO:0042809),-0.3149701271079912,-0.8527050695637506,0.6609294320137694,0.9200602350110682,1.0,6/13,31.12%,SNW1;MED22;MED12;MED30;MED17;MED13
prerank,Non-Membrane Spanning Protein Tyrosine Kinase Activity (GO:0004715),-0.27241379567872104,-0.8514475118844013,0.6881188118811881,0.9191030032870359,1.0,6/25,18.93%,PKDCC;MATK;FES;JAK2;ABL2;PTK2B
prerank,Ankyrin Binding (GO:0030506),0.2942280413686249,0.8484023010347014,0.6588486140724946,0.9246550318028026,1.0,3/14,11.09%,PTPRC;CDH1;OBSCN
prerank,Kinase Binding (GO:0019900),-0.17149862205834798,-0.8471059187115487,0.8938053097345132,0.9242900188616835,1.0,88/383,21.57%,MAP3K13;STX1B;CNKSR2;SPRY2;PTPN2;ADD2;PER1;SPRED2;TICAM1;ADRA2A;CENPJ;CEP68;PARP8;TRIM58;PRC1;PKD1;RPTOR;PARP16;STRADA;LATS1;ATP1A4;CEP192;HNRNPA0;MAP3K12;CCND2;SNAP91;PIP5K1A;USF1;PTPRK;GSK3B;RFPL2;DNM1;TPCN2;DLG4;CEP152;CAMK2N1;AGAP2;NR3C1;MAML1;TTC28;SYN1;RBBP6;RFPL3;WWC2;PLK1;STK11IP;CDK5R1;DCX;HTT;RAB11FIP2;ZBTB4;SPDYE7P;JAK2;RPS7;MYOM2;PPP1R15A;LRRC14;RB1CC1;CEACAM1;UBQLN1;RFPL1;SV2A;ATG13;BARD1;GYS1;GRB2;BAG5;TRADD;DAXX;ADCY6;PARP6;EEF2;CDC6;SKI;NBEA;DAB2IP;CAB39;STX1A;RAD9A;FAF1;ATF2;TRIB3;SRCIN1;MAVS;CDK5RAP1;PRKAB2;RPS3;CDKN1B
prerank,Basal RNA Polymerase II Transcription Machinery Binding (GO:0001099),-0.24990801363780424,-0.8460148017363678,0.7374581939799331,0.9230354512210553,1.0,9/34,22.82%,GTF2A1;SMYD2;SCAF8;CCAR2;GTF2F1;PCF11;ELOF1;RPRD1A;GTF2B
prerank,Zinc Ion Binding (GO:0008270),-0.17547868585611273,-0.8451976052493493,0.8836565096952909,0.9210748620348914,1.0,39/271,13.82%,HDAC4;EGR1;CLIP1;ZNF8;GRIN2A;PRDM2;TRHDE;ZFPM2;MMP16;KDM4A;CTCF;PRIM1;KDM2B;TADA2A;SUV39H2;KAT6A;KDM5C;TRAF7;KDM4C;ZIM2;UBA5;HDAC10;ZNF212;PDXK;KMT2B;ZNF214;KNG1;ZNF184;SLU7;ADAMTS13;RPH3A;IDE;ISCU;ARHGEF2;ZMYM2;SEC24D;DUSP12;SIRT5;RNF112
prerank,Protein Kinase Binding (GO:0019901),-0.16929077019792757,-0.843307460708685,0.9222222222222223,0.9212242182675322,1.0,93/414,21.57%,MAP3K13;STX1B;CNKSR2;SPRY2;MICAL2;PTPN2;ADD2;PRKCB;SPRED2;TICAM1;ADRA2A;RYR2;ADAM9;CENPJ;CEP68;TRIM58;PRC1;PKD1;RPTOR;LATS1;CEP192;HNRNPA0;MAP3K12;CCND2;IRS1;SNAP91;USF1;PTPRK;GSK3B;MAPK8IP3;RFPL2;DNM1;TPCN2;CEP152;CAMK2N1;MAPKAPK5;AGAP2;NR3C1;TRAF6;MAML1;TWF2;KHDRBS1;SYN1;RBBP6;RFPL3;EPHA4;PLK1;MAP4K2;PDE3B;STK11IP;CDK5R1;DCX;MFAP3;RAB11FIP2;ZBTB4;SPDYE7P;DIRAS1;JAK2;PHYHIP;RPS7;PPP1R15A;RB1CC1;CEACAM1;TNIP1;PRKAR2B;RFPL1;SV2A;ATG13;GYS1;GRB2;BAG5;MAPK8;PRKD2;DUSP22;DAXX;ADCY6;EEF2;SKI;NBEA;DAB2IP;PRKAR1B;RAD9A;DUSP19;FAF1;GSK3A;ATF2;TRIB3;SRCIN1;MAVS;CDK5RAP1;PRKAB2;RPS3;CDKN1B
prerank,Phosphatidylinositol Phospholipase C Activity (GO:0004435),0.28122464181709017,0.8420591135950021,0.6861313868613139,0.9329986062857138,1.0,7/15,22.47%,PLCG2;CCR1;CCR5;PLCB2;PLCH1;CHRM5;PLCB4
prerank,Microtubule Plus-End Binding (GO:0051010),-0.29254369435573135,-0.8417078893456834,0.6795774647887324,0.9207805035392417,1.0,2/17,6.83%,CLIP1;KNSTRN
prerank,Cyclin-Dependent Protein Serine/Threonine Kinase Regulator Activity (GO:0016538),-0.2391726297352924,-0.8393360821487659,0.7055016181229773,0.9219321874372713,1.0,7/39,14.21%,CCNO;CCNI;CCNT2;CCND2;CCNG2;CCNI2;CDK5R1
prerank,Transmitter-Gated Monoatomic Ion Channel Activity Involved In Regulation Of Postsynaptic Membrane Potential (GO:1904315),-0.26478759313922795,-0.8381430716982514,0.7339130434782609,0.9207146137074759,1.0,4/25,13.95%,GRIN2A;CHRNA10;GRIA2;GRIA3
prerank,Glucose Transmembrane Transporter Activity (GO:0005355),0.27551311622683816,0.8375301215360744,0.6875,0.9373832549084263,1.0,5/17,21.05%,SLC2A5;SLC2A10;PPBP;SLC5A2;SLC5A10
prerank,NADH Dehydrogenase (Ubiquinone) Activity (GO:0008137),-0.2475043112466943,-0.837121010281626,0.7075630252100841,0.9192138664592671,1.0,13/33,33.28%,NDUFA10;NDUFA4;NDUFS1;NDUFB5;NDUFA8;NDUFS2;NDUFB4;NDUFB9;NDUFA9;NDUFC1;NDUFS4;NDUFV2;NDUFV1
prerank,Carbonate Dehydratase Activity (GO:0004089),0.323097185086818,0.8365758127947762,0.6855791962174941,0.934611143311144,1.0,4/10,24.58%,CA12;CA2;CA14;CA5B
prerank,Antiporter Activity (GO:0015297),-0.2333073212284108,-0.8358941606675451,0.7106164383561644,0.9182127453940476,1.0,12/40,23.86%,SLC35A1;SLC4A10;SLC26A6;TMEM241;CLCN4;SLC26A1;SLC35E4;SLC47A1;SLC25A5;SLC4A8;SLC25A6;SLC25A4
prerank,Protein Tyrosine Kinase Activity (GO:0004713),0.1917285201688563,0.8358299797880286,0.8251533742331288,0.9314542327656292,1.0,21/78,19.79%,CSF1R;TTN;PDGFRA;JAK3;ALK;DDR1;TWF1;SYK;EPHA1;ZAP70;FGFR3;HIPK2;DDR2;FGFR1;RPS6KA5;AXL;YES1;TIE1;ERBB3;ERBB2;HCK
prerank,RNA 7-Methylguanosine Cap Binding (GO:0000340),-0.3132819924841529,-0.8314316945672051,0.6861313868613139,0.9233737609767976,1.0,3/12,17.55%,EIF4E1B;DCPS;CYFIP1
prerank,DNA Polymerase Activity (GO:0034061),-0.2843935899809078,-0.8309037371858286,0.7271095152603232,0.9208605828162482,1.0,5/18,19.61%,POLN;POLE3;POLH;POLG;POLD3
prerank,Exonuclease Activity (GO:0004527),-0.2368628879951593,-0.8305336937273509,0.7587301587301587,0.9181251542264913,1.0,14/39,28.02%,ISG20L2;EXOSC2;POLG;REXO4;EXOSC10;DCPS;EXOG;ERCC4;RAD9A;RAD50;EXOSC5;DCLRE1C;PDE12;EXOSC9
prerank,"Hydrolase Activity, Acting On Carbon-Nitrogen (But Not Peptide) Bonds, In Cyclic Amides (GO:0016812)",-0.3393816479193955,-0.8280711533857905,0.6892361111111112,0.9194071218969975,1.0,1/10,0.51%,DCLRE1A
prerank,Phosphatidylinositol Binding (GO:0035091),0.179495973889655,0.8249492914275262,0.8536585365853658,0.9482070998326,1.0,26/96,23.94%,SCIN;PARD3;PITPNC1;SNX2;SNX22;SNX18;DENND1C;PARD3B;PHF12;HIP1;SNX24;PLEKHF1;HIP1R;APLP2;RUBCNL;ITPR2;SCARB1;ZFYVE16;SNX1;PLEKHN1;SNX25;SNX10;MTM1;TULP3;ZFYVE1;SNX5
prerank,Kinase Activator Activity (GO:0019209),-0.23605793946124848,-0.8240361626962912,0.761437908496732,0.9234209084733406,1.0,12/38,19.75%,RPTOR;STRADA;MALT1;ZRANB1;AKT1;AGAP2;MARK2;CDK5R1;DAXX;MOB2;CAB39;DUSP19
prerank,Cysteine-Type Endopeptidase Inhibitor Activity Involved In Apoptotic Process (GO:0043027),-0.3041986292668148,-0.8236770331845644,0.6928446771378709,0.9205535082324765,1.0,1/14,1.18%,RPS6KA3
prerank,WW Domain Binding (GO:0050699),-0.32075139836981675,-0.8230182380154561,0.6996336996336996,0.9183673576565605,1.0,3/12,14.55%,NDFIP2;RAPGEF2;TNK2
prerank,Monoatomic Cation Transmembrane Transporter Activity (GO:0008324),-0.2638730019466448,-0.8220771006080152,0.747457627118644,0.9166640016303083,1.0,5/25,14.73%,UCP3;PKD2;PKD1;CALHM2;PKD2L1
prerank,Bicarbonate Transmembrane Transporter Activity (GO:0015106),-0.30243876358895255,-0.8212530209690093,0.7132216014897579,0.9148676238029813,1.0,5/14,20.36%,SLC26A6;SLC26A1;SLC39A14;SLC26A4;SLC4A8
prerank,Phosphoric Diester Hydrolase Activity (GO:0008081),0.21793632459196663,0.8198087423455959,0.7974025974025974,0.9536814630786628,1.0,14/37,26.65%,GDPD2;PLCG2;PDE11A;PLD6;PDIA3;APEX2;ENPP1;PLCB2;PLD1;PLCB4;SMPD1;ENPP2;GDPD5;PLCXD2
prerank,Phosphatidylinositol-3-Phosphate Binding (GO:0032266),0.2176818560242339,0.8193460133100884,0.7884615384615384,0.9497910940240681,1.0,7/36,18.83%,PLEKHA4;PARD3;SH3PXD2B;OBSCN;HIP1;PLEKHF1;RUBCNL
prerank,Lysophosphatidic Acid Acyltransferase Activity (GO:0042171),0.26453203323031776,0.8168890524163834,0.7264150943396226,0.9496732911755101,1.0,8/18,30.01%,AGPAT5;LPCAT2;MBOAT2;MBOAT1;GPAT2;LPGAT1;PNPLA3;MBOAT7
prerank,Excitatory Extracellular Ligand-Gated Monoatomic Ion Channel Activity (GO:0005231),-0.28023732293821324,-0.8137010114395097,0.7073170731707317,0.9248373575522224,1.0,3/17,7.50%,GLRB;CHRNA10;P2RX6
prerank,RNA Methyltransferase Activity (GO:0008173),-0.28952582238863045,-0.8132052435028846,0.7347294938917975,0.9222761201595346,1.0,3/16,14.49%,TRMT9B;TGS1;METTL3
prerank,acyl-CoA Hydrolase Activity (GO:0047617),-0.28323756163906305,-0.8125266175514437,0.738819320214669,0.9201271816503975,1.0,2/16,4.31%,ACOT4;BAAT
prerank,1-Acylglycerol-3-Phosphate O-acyltransferase Activity (GO:0003841),0.2675009002698422,0.8123562098863686,0.7410926365795725,0.9533303403326501,1.0,8/17,30.01%,AGPAT5;LPCAT2;MBOAT2;MBOAT1;GPAT2;LPGAT1;PNPLA3;MBOAT7
prerank,Actin Monomer Binding (GO:0003785),-0.2752734424085988,-0.8109512148624032,0.7300177619893428,0.9196629519141754,1.0,5/18,17.74%,PRKCE;COBL;TWF2;ABL2;PFN2
prerank,mRNA 3'-UTR AU-rich Region Binding (GO:0035925),0.24491386729665082,0.8098770393245148,0.7692307692307693,0.9533213330950555,1.0,4/22,8.01%,CPEB2;ZFP36L2;ZFP36L1;RBMS3
prerank,Death Receptor Binding (GO:0005123),-0.3095285512894043,-0.80914001875672,0.7221206581352834,0.9195581987129188,1.0,5/12,22.34%,BID;PIDD1;FEM1B;DAB2IP;CASP8AP2
prerank,Ribosome Binding (GO:0043022),-0.20758399398558966,-0.8085483867058265,0.8267716535433071,0.9172633383433231,1.0,24/74,27.40%,TMEM223;DHX33;ERAL1;ZNF598;CCDC47;CPEB4;NEMF;FMR1;BAG6;EEF2;IGHMBP2;PIM1;RPSA;NCLN;MAIP1;OXA1L;TTC5;MRPS27;CPEB3;RACK1;MRRF;GTPBP6;MTIF3;SERBP1
prerank,Mannose Binding (GO:0005537),0.3013095056846117,0.8072751205700099,0.6975717439293598,0.9531208921815383,1.0,4/12,25.79%,COLEC11;CLN5;LMAN2L;LMAN1
prerank,Chemoattractant Activity (GO:0042056),0.2746621098789219,0.8056942505730098,0.7212389380530974,0.9513254602540316,1.0,6/15,27.15%,FGF2;PDGFB;VEGFC;LGALS3;VEGFB;S100A4
prerank,Nucleotidase Activity (GO:0008252),0.31248638710917664,0.803551668423583,0.7178899082568807,0.9506750838998721,1.0,4/10,22.69%,NT5C;NT5C2;NT5E;NT5DC2
prerank,Protein Kinase Regulator Activity (GO:0019887),-0.1927604327275865,-0.8014097918712441,0.8521870286576169,0.9260439898247717,1.0,22/91,21.57%,CCNO;CCNI;KIDINS220;RPTOR;STRADA;CCND2;CCNG2;CCNI2;AKT1;SH3BP5L;MARK2;CDK5R1;PRKAR2B;SH3BP5;DAXX;MOB2;CAB39;PRKAR1B;DUSP19;FAF1;MCM2;CDKN1B
prerank,Receptor Tyrosine Kinase Binding (GO:0030971),-0.21206508403778396,-0.8004377136698246,0.8,0.9244570840046284,1.0,11/54,17.89%,PIK3R1;PTPN2;PTPN14;NRG3;PIK3R2;IRS1;SOCS5;SHC3;FIZ1;RNF41;TRADD
prerank,Protein Kinase A Catalytic Subunit Binding (GO:0034236),-0.30219820794256047,-0.7973304432118995,0.7228070175438597,0.9264494344346593,1.0,5/12,20.05%,RYR2;GSK3B;PRKAR2B;PRKAR1B;GSK3A
prerank,Hexose Transmembrane Transporter Activity (GO:0015149),0.3032119017292139,0.7971468497312106,0.7397849462365591,0.9575924938777496,1.0,1/11,1.11%,SLC2A5
prerank,Calcium Channel Inhibitor Activity (GO:0019855),0.3069027350909205,0.7969790883416455,0.7328918322295805,0.9533791397073331,1.0,5/10,25.93%,TNNI3;MCUB;PHPT1;FKBP1A;FKBP1B
prerank,Protein Kinase C Binding (GO:0005080),0.22273262361906843,0.7967355224502789,0.8004694835680751,0.9492965089364133,1.0,4/29,8.43%,PKN1;PDLIM5;HSPB1;CAVIN2
prerank,Hexosyltransferase Activity (GO:0016758),-0.20369819825162783,-0.7953316066914554,0.8302180685358256,0.9263936208845658,1.0,6/62,6.41%,GCNT4;DPY19L2;DPY19L2P2;EXT1;PIGZ;EXTL1
prerank,"Acyltransferase Activity, Transferring Groups Other Than Amino-Acyl Groups (GO:0016747)",-0.21508440291666833,-0.7946021590162171,0.8229665071770335,0.9243351941190701,1.0,13/50,22.98%,SIRT4;BAAT;KAT6A;ZDHHC18;NMT1;ZDHHC3;EP300;CREBBP;OSGEP;OSGEPL1;LPCAT3;GTF2B;ZDHHC13
prerank,Acidic Amino Acid Transmembrane Transporter Activity (GO:0015172),0.27218039724016124,0.793735537735159,0.759009009009009,0.9500009346413614,1.0,7/15,25.63%,SLC1A7;SLC17A8;SLC25A18;SLC25A13;SLC1A4;SLC1A3;SLC1A5
prerank,Oxidoreduction-Driven Active Transmembrane Transporter Activity (GO:0015453),-0.2096851708842023,-0.7917910943235907,0.8369565217391305,0.9255246015635654,1.0,20/53,33.51%,NDUFA10;COX7A1;NDUFA4;NDUFS1;NDUFB5;UQCRC1;UQCRH;UQCRHL;NDUFA8;NDUFS2;NDUFB4;COX5A;NDUFB9;NDUFA9;NDUFC1;UQCR10;NDUFS4;NDUFV2;NDUFV1;COX7C
prerank,Ion Channel Inhibitor Activity (GO:0008200),-0.23786592960337385,-0.7910379909661196,0.7852233676975945,0.9234837927233418,1.0,11/31,25.98%,ITPR1;RASA1;ENSA;STX8;SCN1B;ANKRD36C;STX1A;WNK3;KCNV1;RACK1;RSC1A1
prerank,Carbohydrate Kinase Activity (GO:0019200),-0.3221895395461033,-0.7903162986248388,0.7288732394366197,0.9214037922113965,1.0,5/10,30.97%,XYLB;GNE;HK1;POMK;KHK
prerank,Hsp70 Protein Binding (GO:0030544),-0.24275058366641722,-0.7898038724976475,0.7832512315270936,0.9189013752839925,1.0,9/30,23.44%,HDAC8;METTL21A;CYP2E1;DNAJB14;DNAJC18;DNAJB12;RPS3;HIKESHI;PRKN
prerank,MAP-kinase Scaffold Activity (GO:0005078),-0.3088718723626189,-0.7861865880949804,0.7707948243992606,0.9214960067578947,1.0,5/10,33.83%,MAPK8IP3;DUSP19;MAPK8IP2;KSR1;MAP2K1
prerank,RNA Nuclease Activity (GO:0004540),-0.20798263848268883,-0.7820485729946446,0.8408736349453978,0.9248543612655287,1.0,16/55,24.77%,MBLAC1;DIS3L2;EXOSC2;YBEY;INTS11;EXOSC10;RNASEL;DCPS;EXOG;ENDOG;RNASEH1;ZC3H12B;N4BP1;AGO4;ANKZF1;EXOSC5
prerank,RNA Cap Binding (GO:0000339),-0.26861864648329836,-0.7811050521598345,0.7561837455830389,0.922999865557295,1.0,4/17,17.55%,EIF4E1B;DCPS;EIF4G3;CYFIP1
prerank,Metalloendopeptidase Activity (GO:0004222),0.18462074945931706,0.780443597558706,0.8678756476683938,0.967967640885839,1.0,24/58,30.68%,ECEL1;MMP28;ADAM28;MMP9;ZMPSTE24;MMP14;ASTL;ADAM33;MMP19;TLL2;TLL1;OMA1;ADAM7;TRABD2B;ADAM15;ADAMTS4;ADAMTS14;TMPRSS6;ADAMTS9;ADAM10;ADAMTS19;CLCA4;ADAMTSL2;ADAM29
prerank,Cyclin-Dependent Protein Serine/Threonine Kinase Activator Activity (GO:0061575),-0.2958139782107214,-0.7770615319540789,0.7552447552447552,0.9261126481473908,1.0,3/12,14.21%,CCNT2;CCND2;CDK5R1
prerank,RNA Polymerase Binding (GO:0070063),0.26397779219392337,0.7744774283937675,0.7975903614457831,0.9730041357351074,1.0,8/16,26.03%,PPIB;STOM;BRCA1;TAF10;ZFP36;CCNT1;NEDD4;BIN1
prerank,Protein Phosphatase Inhibitor Activity (GO:0004864),-0.2511279322198744,-0.768463683927824,0.7895622895622896,0.9357969454859524,1.0,3/21,10.70%,LMTK2;PPP1R14C;ENSA
prerank,"4 Iron, 4 Sulfur Cluster Binding (GO:0051539)",-0.3025981464534644,-0.7675234255994624,0.7623239436619719,0.9339860415824883,1.0,6/12,29.64%,RSAD1;IREB2;NFU1;SDHB;NUBPL;EXO5
prerank,Phosphatidylinositol Kinase Activity (GO:0052742),-0.29198039274378057,-0.7639882101848502,0.7613019891500904,0.9359026421245911,1.0,6/13,28.75%,PIP5K1B;PIP5K1A;PI4KA;PIK3CA;PI4KB;PIK3CB
prerank,Purine Ribonucleotide Transmembrane Transporter Activity (GO:0005346),0.2932160395237205,0.7582601869184593,0.782608695652174,0.9928459092183008,1.0,4/10,25.32%,SLC19A1;SLC35B2;SLC17A9;SLC25A24
prerank,Aminopeptidase Activity (GO:0004177),-0.2436608257402736,-0.7574214030023648,0.8013816925734024,0.9419369072466325,1.0,7/23,23.50%,TRHDE;MMP16;LNPEP;BLMH;METAP1;KDM8;RNPEP
prerank,Monoatomic Anion Transmembrane Transporter Activity (GO:0008509),0.2585852154385791,0.7560139236744723,0.7731277533039648,0.9915936538847827,1.0,5/16,15.05%,SLC19A1;CLCN6;CCT8L2;SLC26A2;CLCN7
prerank,Phosphatidylinositol Monophosphate Phosphatase Activity (GO:0052744),-0.2892900582549133,-0.7554142776077215,0.7761989342806395,0.9415497276478846,1.0,12/12,71.10%,MTMR2;MTMR1;MTMR14;MTMR4;SYNJ2;PTEN;SACM1L;MTMR6;MTMR3;SYNJ1;OCRL;MTMR7
prerank,Phosphoric Ester Hydrolase Activity (GO:0042578),-0.20420279413244555,-0.7525764827237219,0.8676470588235294,0.9421610467682104,1.0,4/48,3.54%,DUSP11;PXYLP1;DUSP8;PLCXD1
prerank,Chloride Channel Regulator Activity (GO:0017081),0.286520289972846,0.7467671903579328,0.7969432314410481,1.0,1.0,1/11,0.42%,VAMP8
prerank,tRNA (Guanine) Methyltransferase Activity (GO:0016423),0.27642317823411816,0.7455627267121003,0.7935483870967742,0.9974555593852412,1.0,2/11,10.75%,TRMT5;METTL1
prerank,Sulfuric Ester Hydrolase Activity (GO:0008484),-0.281441348726374,-0.744051633015531,0.8148148148148148,0.9502618414275196,1.0,1/12,1.71%,IDS
prerank,Lysine-Acetylated Histone Binding (GO:0070577),-0.24214625093483094,-0.7423574983421101,0.8441780821917808,0.9458910364914873,1.0,10/22,31.80%,BRD3;BAZ2A;CARM1;YEATS4;BRD9;THAP7;ZZEF1;TAF1L;ZMYND8;BRD4
prerank,Acetylation-Dependent Protein Binding (GO:0140033),-0.24214625093483094,-0.7423574983421101,0.8441780821917808,0.9458910364914873,1.0,10/22,31.80%,BRD3;BAZ2A;CARM1;YEATS4;BRD9;THAP7;ZZEF1;TAF1L;ZMYND8;BRD4
prerank,Growth Factor Activity (GO:0008083),-0.2112077378945434,-0.7385530944692861,0.8727569331158238,0.9473191190903762,1.0,4/39,6.17%,FGF17;FGF9;TADA2A;NRG3
prerank,Basic Amino Acid Transmembrane Transporter Activity (GO:0015174),0.2707644818003839,0.7375425564579835,0.7860262008733624,1.0,1.0,1/12,4.32%,SLC7A7
prerank,miRNA Binding (GO:0035198),-0.23720605005970893,-0.7363912846413501,0.8521594684385382,0.9468583588255851,1.0,10/24,35.55%,ZNF346;PUM2;HNRNPA1;FMR1;AGO4;ZC3H7B;ZC3H10;DND1;RC3H1;RBM10
prerank,Metallopeptidase Activity (GO:0008237),-0.18081651495363787,-0.7362733999828253,0.9282442748091603,0.9438484718891473,1.0,22/77,24.47%,MMP16;MYSM1;ADAM9;ADAMTS10;ADAM11;ADAMTS13;IDE;ADAM22;PSMD14;PRPF8;PRSS2;LNPEP;ADAM17;MBTPS2;THOP1;PITRM1;SPG7;METAP1;BMP1;ADAM20;RNPEP;ECE1
prerank,Adenine Nucleotide Transmembrane Transporter Activity (GO:0000295),-0.2677353757970362,-0.7350442028631218,0.8185117967332124,0.9421209420334585,1.0,4/14,18.52%,SLC25A41;SLC25A52;SLC35B3;SLC25A5
prerank,Phosphatidylinositol-3-Phosphate Phosphatase Activity (GO:0004438),-0.28927154013570605,-0.7345010799632827,0.7917414721723519,0.939623502915286,1.0,11/11,71.10%,MTMR2;MTMR1;MTMR14;MTMR4;SYNJ2;PTEN;SACM1L;MTMR6;MTMR3;SYNJ1;MTMR7
prerank,RNA Exonuclease Activity (GO:0004532),-0.26987182162747975,-0.7333057408956128,0.8027444253859348,0.9380525903831661,1.0,5/13,28.02%,EXOSC2;EXOSC10;DCPS;EXOSC5;EXOSC9
prerank,Protein Kinase A Regulatory Subunit Binding (GO:0034237),0.227415055482252,0.7262273238132049,0.8709677419354839,1.0,1.0,3/20,11.05%,KCNQ1;WASF2;EZR
prerank,Ephrin Receptor Binding (GO:0046875),-0.24304030567631865,-0.7258273118151268,0.8683760683760684,0.9438361583370788,1.0,7/20,27.71%,CHN1;EFNA5;EFNA3;GRB2;ANKS1A;ANKS1B;PTPN1
prerank,General Transcription Initiation Factor Binding (GO:0140296),0.20827800461663015,0.7254113042716167,0.887468030690537,1.0,1.0,2/29,2.00%,ZFP36L2;HHEX
prerank,Inorganic Anion Transmembrane Transporter Activity (GO:0015103),-0.24508142826383073,-0.7253667349837687,0.8351648351648352,0.9412674945652669,1.0,6/19,20.36%,SLC4A10;SLC26A6;SLC26A1;SLC12A5;SLC26A4;SLC4A8
prerank,NADH Dehydrogenase (Quinone) Activity (GO:0050136),-0.21335445199134623,-0.7248477501136951,0.8783333333333333,0.9388332475755753,1.0,13/34,33.28%,NDUFA10;NDUFA4;NDUFS1;NDUFB5;NDUFA8;NDUFS2;NDUFB4;NDUFB9;NDUFA9;NDUFC1;NDUFS4;NDUFV2;NDUFV1
prerank,Protein Serine/Threonine Kinase Inhibitor Activity (GO:0030291),0.2104850486578874,0.7241798255186325,0.8738095238095238,1.0,1.0,10/27,26.53%,KAT2B;PKIB;HSPB1;INCA1;CIB1;CDKN1A;PRKAG2;SFN;CDKN2D;PKIA
prerank,"Hydrolase Activity, Hydrolyzing O-glycosyl Compounds (GO:0004553)",0.23383535443627673,0.7232467308249815,0.835990888382688,1.0,1.0,5/18,18.20%,HPSE2;GALC;HYAL2;CTBS;ENGASE
prerank,UDP-glycosyltransferase Activity (GO:0008194),-0.21401257106512728,-0.720664071463154,0.882636655948553,0.940619112464895,1.0,3/32,6.41%,GCNT4;EXT1;EXTL1
prerank,cAMP-dependent Protein Kinase Regulator Activity (GO:0008603),0.2789361647651497,0.7155648246833528,0.8606741573033708,1.0,1.0,1/10,1.71%,PKIB
prerank,Adenylyltransferase Activity (GO:0070566),0.24960110288306264,0.712044092455549,0.8480176211453745,1.0,1.0,5/14,16.26%,OAS1;FHIT;OAS3;PAPOLA;NMNAT1
prerank,Acetyltransferase Activity (GO:0016407),0.21790349229182404,0.7049912565985754,0.9153318077803204,1.0,1.0,3/23,9.04%,KAT2B;LCAT;PAFAH2
prerank,L-amino Acid Transmembrane Transporter Activity (GO:0015179),0.17857470239279763,0.7023839441044828,0.9414893617021277,1.0,1.0,12/48,21.42%,SLC7A10;SERINC5;SLC38A10;SLC7A7;SLC1A7;SLC17A8;SLC7A11;SLC3A2;SLC25A18;SLC25A13;SLC1A4;SLC1A3
prerank,Protein Kinase Inhibitor Activity (GO:0004860),-0.19696060280655636,-0.7015361870030936,0.9215358931552587,0.9576300857791789,1.0,8/38,21.57%,SPRY2;SPRED2;RPTOR;CAMK2N1;SH3BP5L;SH3BP5;DUSP19;CDKN1B
prerank,Cysteine-Type Endopeptidase Activity (GO:0004197),-0.17468471173573671,-0.6946552970863213,0.9495412844036697,0.9614906562384324,1.0,9/73,11.56%,USP28;CAPN15;MALT1;USP49;USP9Y;CTSB;USP36;LGMN;USP42
prerank,Protein-Cysteine S-palmitoyltransferase Activity (GO:0019706),0.21541382831927317,0.6945593845914045,0.8987654320987655,1.0,1.0,6/21,21.84%,ZDHHC12;ZDHHC24;ZDHHC19;ZDHHC15;ZDHHC9;ZDHHC14
prerank,Ligand-Gated Monoatomic Ion Channel Activity (GO:0015276),0.22569163172542628,0.6939197014509636,0.8601398601398601,1.0,1.0,8/18,32.10%,CHRNA3;CHRNA4;CHRNB2;CHRNB1;GABRA5;CNGB1;GABRB1;P2RX2
prerank,Phosphatidylinositol-4-Phosphate Binding (GO:0070273),-0.2280310661852467,-0.6884362565721647,0.8913412563667232,0.9643328474169875,1.0,4/20,19.54%,GSDMB;NLRP3;DAB2IP;PLEKHA3
prerank,RNA Polymerase Core Enzyme Binding (GO:0043175),-0.20380317009835855,-0.6879208393302795,0.9377104377104377,0.9617113190753485,1.0,8/30,22.82%,SMYD2;SCAF8;CCAR2;PCF11;ELOF1;MAF1;RPRD1A;GTF2B
prerank,RNA Polymerase II Complex Binding (GO:0000993),-0.20736500597446372,-0.6878731952687475,0.9282136894824707,0.9586995099586916,1.0,7/29,22.82%,SMYD2;SCAF8;CCAR2;PCF11;ELOF1;RPRD1A;GTF2B
prerank,Regulatory RNA Binding (GO:0061980),-0.2085298095020434,-0.6858041091642582,0.9089403973509934,0.9575902236356786,1.0,11/31,35.55%,ZNF346;PUM2;HNRNPA1;FMR1;AGO4;PRKRA;ZC3H7B;ZC3H10;DND1;RC3H1;RBM10
prerank,N-acyltransferase Activity (GO:0016410),-0.23398625592184824,-0.6845973767860242,0.9057591623036649,0.9555432636510923,1.0,11/19,40.48%,NMT1;EP300;SATL1;SIRT7;SLC38A2;KAT5;CERS6;NAT10;SIRT1;TGM2;NAA10
prerank,K48-linked Deubiquitinase Activity (GO:1990380),0.24238376601724781,0.6821127602068876,0.8853211009174312,1.0,1.0,4/13,22.51%,MINDY1;MINDY2;USP9X;OTUD7B
prerank,Glutamate Receptor Activity (GO:0008066),0.2404645642067174,0.6816820470079895,0.8834080717488789,1.0,1.0,7/14,35.30%,GRID1;GRM2;GRID2;GRM3;GRIN3A;GRM4;GRM1
prerank,5'-3' RNA Polymerase Activity (GO:0034062),0.2209176594924617,0.6805120406454525,0.8861047835990888,1.0,1.0,5/18,18.99%,POLR2L;POLR2A;POLR2I;POLR2J;POLR3C
prerank,"Phosphotransferase Activity, Alcohol Group As Acceptor (GO:0016773)",0.1607686458443988,0.6796516864359538,0.9627507163323782,1.0,1.0,20/68,25.29%,FGGY;HK2;UPRT;DOLK;IPPK;NT5C2;GCK;ITPKB;TRPT1;ADPGK;GLYCTK;DCAKD;NADK2;PAPSS1;IDNK;DGKH;SHPK;UCK1;MVK;PANK3
prerank,Active Monoatomic Ion Transmembrane Transporter Activity (GO:0022853),-0.22572967788072687,-0.672520775595613,0.8992932862190812,0.9627189293126991,1.0,8/20,33.51%,COX7A1;SLC47A1;UQCRC1;UQCRH;UQCRHL;COX5A;UQCR10;COX7C
prerank,Sodium Ion Transmembrane Transporter Activity (GO:0015081),0.19313210683161752,0.6717065932832124,0.9354066985645934,1.0,1.0,10/26,34.56%,SLC9A9;SLC9A7;SLC3A2;SLC5A10;ASIC4;SLC9A2;SLC41A1;SLC23A2;SLC9A5;SLC9A6
prerank,3'-5' DNA Helicase Activity (GO:0043138),-0.2500399342600309,-0.6714105691606225,0.9,0.9606387128029118,1.0,4/13,23.59%,HELQ;MCM6;MCM2;RECQL4
prerank,R-SMAD Binding (GO:0070412),-0.2285128730626361,-0.6686418181222669,0.9081455805892548,0.9598870870962011,1.0,19/19,77.18%,TRIM33;PPM1A;MEN1;SMURF1;PPARG;FOS;RGCC;SMAD3;SMAD4;DDX5;PMEPA1;LDLRAD4;RANBP3;DROSHA;JUN;FOXH1;SMAD6;SMAD2;PAX6
prerank,Phosphatidic Acid Binding (GO:0070300),0.21606273710711393,0.6671747595214751,0.9071428571428571,1.0,1.0,5/18,20.88%,PITPNC1;PLTP;MAPKAP1;UQCC3;PLEKHN1
prerank,Aspartic-Type Endopeptidase Activity (GO:0004190),-0.2554253888995583,-0.6642577341772333,0.8642201834862385,0.9602697521224334,1.0,12/12,74.48%,DDI2;PIP;SPPL2A;BACE1;CTSD;BACE2;HM13;SPPL3;SPPL2C;SPPL2B;PSEN1;NAPSA
prerank,methyl-CpG Binding (GO:0008327),-0.22496826385462254,-0.664094188177809,0.8998272884283247,0.9574293487627281,1.0,9/19,33.06%,MBD3;ZBTB4;CXXC5;ZBTB21;ERH;LRWD1;MECP2;ZBTB38;CHTOP
prerank,Ubiquitin-Specific Protease Binding (GO:1990381),0.22223814522450114,0.6632849336293808,0.9114219114219114,1.0,1.0,4/17,15.06%,DERL3;DERL2;SYVN1;DERL1
prerank,Metal Cation:Proton Antiporter Activity (GO:0051139),0.2413236742010686,0.6586054270909107,0.8995535714285714,1.0,1.0,2/12,11.49%,SLC9A9;SLC9A7
prerank,Ubiquitin-Like Protein Ligase Binding (GO:0044389),0.1253123467058794,0.6585028208158665,1.0,1.0,1.0,60/264,25.16%,SUMO3;CXCR4;FOXO1;CASP10;RB1;KCNH2;ISG15;RALA;DTX3L;PATZ1;MID1;HSPA9;ERLIN2;UBA52;UBE2A;POLR2A;MUL1;CHEK2;NFE2L2;SMAD7;FBXO7;HSPA5;PTPN22;TXNIP;PRR5L;BRCA1;CALR;FHIT;HIF1A;WFS1;TRAF4;GABARAP;PACRG;UBE2L6;DERL1;HSPD1;GPR37;CDKN1A;ARRB1;ERBB3;TMBIM6;JKAMP;PRDX6;HSPA6;ELOB;PSMA3;BLZF1;BAG1;SLC22A18;UBE2L5;LAPTM5;SMAD5;LTBR;SNCAIP;TRIB1;UBE2N;HSPA1A;FZD5;NEK6;SMAD2
prerank,Phosphatidylinositol Phosphate 5-Phosphatase Activity (GO:0034595),0.24513847611486866,0.6564820664294034,0.8942731277533039,0.9990753788747369,1.0,2/11,12.42%,INPP5D;INPP5K
prerank,Neutral L-amino Acid Transmembrane Transporter Activity (GO:0015175),-0.19304509413523013,-0.6530725076120137,0.9663865546218487,0.9630094060156569,1.0,9/32,26.99%,SLC36A1;SLC25A12;SLC43A1;SLC38A6;SLC25A38;SFXN3;SFXN1;SLC38A2;SLC6A7
prerank,Protein Tyrosine Kinase Activator Activity (GO:0030296),-0.21002443204651616,-0.6441147168499983,0.9352640545144804,0.9662546902308945,1.0,2/23,6.17%,EFNA5;NRG3
prerank,RNA Polymerase II Core Promoter Sequence-Specific DNA Binding (GO:0000979),0.2502999097254087,0.6392650586495102,0.8953229398663697,1.0,1.0,2/10,11.46%,HDAC1;POU2F1
prerank,N-methyltransferase Activity (GO:0008170),-0.20325064794127062,-0.6365830778181342,0.9256637168141593,0.9680434476097932,1.0,11/23,36.92%,NNMT;SMYD2;TFB2M;TRMT11;METTL9;TFB1M;TRMT1L;TRMT1;METTL15;KMT5A;SETD3
prerank,1-Phosphatidylinositol Binding (GO:0005545),0.22369734576317085,0.6343997617376488,0.9239373601789709,1.0,1.0,7/13,31.38%,SCIN;SCARB1;ZFYVE16;SNX10;ZFYVE1;SESTD1;PICALM
prerank,Phosphatase Inhibitor Activity (GO:0019212),0.20280845693005167,0.634229882096888,0.9341176470588235,1.0,1.0,3/19,12.24%,PTN;STYX;URI1
prerank,Translation Elongation Factor Activity (GO:0003746),0.22744183848123106,0.6329402310310703,0.9362186788154897,0.998690260611688,1.0,4/13,25.03%,EEF1B2;EIF5AL1;GFM2;EIF5A
prerank,Acylglycerol Lipase Activity (GO:0047372),0.22607606361943478,0.6316465216758279,0.9172259507829977,0.9954405446487865,1.0,6/12,38.25%,ABHD12B;LIPE;ABHD12;ABHD3;ABHD2;ABHD16B
prerank,Inositol Trisphosphate Phosphatase Activity (GO:0046030),-0.25490500139261996,-0.6210893846517005,0.8962962962962963,0.9740349957065214,1.0,1/10,5.30%,INPP5B
prerank,Ubiquitin Protein Ligase Binding (GO:0031625),-0.12864282876522884,-0.6176404903990231,1.0,0.9727932017715872,1.0,53/248,24.20%,CUL3;GLMN;PER1;ACVR1B;KDM4A;FBXW7;RTN4;UBE2D4;EGR2;TRAF3;RALB;UBE2W;MOAP1;MFHAS1;GABARAPL1;GSK3B;DET1;TNK2;CUL1;SUMO1;PIAS4;FZD4;HERC2;PRKAR2B;SPOPL;BAG5;IKBKG;UQCRC1;DAXX;PPARGC1A;BAG6;TRIM28;SLC25A5;SKI;RNF31;SUMO2;FAF1;RAD18;TRIB3;SMC6;PA2G4;CDKN1B;ABI2;ARRB2;UBE2K;GABARAPL3;USP25;PRKN;SHPRH;TRIB2;SQSTM1;YOD1;USP13
prerank,Palmitoyltransferase Activity (GO:0016409),0.1820095037010862,0.6173530871321354,0.9548872180451128,0.9996784134316922,1.0,6/24,21.84%,ZDHHC12;ZDHHC24;ZDHHC19;ZDHHC15;ZDHHC9;ZDHHC14
prerank,Vinculin Binding (GO:0017166),0.2338219292069385,0.6157423064389835,0.9244444444444444,0.9964683622536119,1.0,10/10,76.63%,TLN1;RTCB;DAG1;SYNM;CTNNA1;PXN;CORO2B;SORBS3;UTRN;DMD
prerank,Hsp90 Protein Binding (GO:0051879),-0.18888321659721496,-0.6112775201475604,0.9498327759197325,0.9730143203324684,1.0,13/27,35.80%,HDAC8;NR3C1;CYP2E1;RPS3;USP19;AHSA1;MAPT;HDAC6;STIP1;HSF1;PPP5C;TSC2;TTC4
prerank,Solute:Monoatomic Cation Symporter Activity (GO:0015294),0.23697972165480632,0.6097861863708541,0.9372294372294372,0.9954962877437377,1.0,1/10,5.18%,SLC39A6
prerank,"Phosphatidylinositol-3,5-Bisphosphate Phosphatase Activity (GO:0106018)",-0.22970550576184376,-0.6081212687710724,0.9468085106382979,0.9716349601775386,1.0,13/13,77.05%,MTMR2;MTMR1;MTMR14;MTMR4;PIKFYVE;SYNJ2;MTMR6;MTMR8;MTMR3;SYNJ1;OCRL;MTMR7;MTM1
prerank,Sodium Channel Regulator Activity (GO:0017080),-0.18650032023652527,-0.6064887898910569,0.9739583333333334,0.9694176084467189,1.0,8/29,25.98%,GPLD1;FGF12;FXYD7;SCN1B;SCN4B;SCN2B;GPD1L;RSC1A1
prerank,snoRNA Binding (GO:0030515),0.16944930081394327,0.5964158626321459,0.975609756097561,0.9976130659261255,1.0,3/30,10.99%,ISG20;NUDT7;WDR3
prerank,Ubiquitin Conjugating Enzyme Binding (GO:0031624),-0.18819890327362626,-0.5963657125872094,0.9611307420494699,0.9711727998601009,1.0,8/26,25.32%,RNF19A;TRAF6;ZMYM2;RNF144A;SIAH2;PRKN;ARIH2;DCUN1D2
prerank,Ubiquitin Binding (GO:0043130),-0.15056347715275897,-0.595013271866165,0.9936,0.9688291146539865,1.0,20/74,24.58%,FBXW7;UBAP1L;GGA3;DDI2;TRIM32;UBXN10;IKBKG;VPS36;NUP62;RNF31;DHX16;RNF168;FAF1;N4BP1;USP25;PRKN;SQSTM1;RNFT1;USP13;UBXN11
prerank,Zinc Ion Transmembrane Transporter Activity (GO:0005385),0.18803414433604193,0.5797731219995007,0.9662162162162162,1.0,1.0,2/18,6.55%,SLC39A6;SLC39A11
prerank,Arylsulfatase Activity (GO:0004065),0.2206701057584152,0.5759660173610672,0.9553191489361702,0.9979327151588347,1.0,3/10,27.86%,ARSF;ARSD;SULF2
prerank,Acid-Thiol Ligase Activity (GO:0016878),0.22109760850914406,0.5754819045618534,0.9696312364425163,0.9941640005386854,1.0,4/10,26.82%,ACSS1;SLC27A5;ACSS3;ACSL1
prerank,Nucleoside Diphosphate Phosphatase Activity (GO:0017110),0.211099025760506,0.554253917315572,0.9642857142857143,0.9973494691250799,1.0,4/11,28.03%,NUDT18;ENTPD2;NUDT16;ENTPD5
prerank,Transaminase Activity (GO:0008483),0.20107053442144646,0.5471657555712166,0.9683972911963883,0.9954941445102085,1.0,5/11,35.50%,BCAT1;BCAT2;PSAT1;MGAT4A;OAT
prerank,Disordered Domain Specific Binding (GO:0097718),0.17836198166229153,0.5346573819897754,0.9827213822894169,0.9945315654351627,1.0,8/16,36.28%,RB1;FYN;HSPA2;HSPA1A;SMAD2;GAPDH;HSP90AA1;PPIL1
prerank,Manganese Ion Binding (GO:0030145),0.13350991021109757,0.522125300016436,1.0,0.9934509423662212,1.0,12/43,27.88%,ME1;B4GALT1;HMGCL;B4GALT7;PAPOLA;XXYLT1;XPNPEP3;NUDT16;NUDT8;LARGE2;GALNT2;ENDOU
prerank,RNA Stem-Loop Binding (GO:0035613),-0.21233373437865732,-0.5217602372041753,0.9781144781144782,0.988585215930144,1.0,2/10,17.62%,DDX56;FMR1
prerank,"RNA Endonuclease Activity, Producing 5'-Phosphomonoesters (GO:0016891)",0.12709486339327275,0.4281875437442514,1.0,0.9990327489524922,1.0,7/24,30.56%,RNASEH2A;PLD6;NUDT16;ELAC1;MRPL44;NUDT12;NUDT16L1
