feature,r
terms_abstract_tfidf__listening,0.24412023
terms_abstract_tfidf__acoustic,0.22201054
LDA400_abstract_weight__201_speech_auditory_prosody,0.22198287
LDA100_abstract_weight__31_speech_auditory_production,0.21760204
terms_abstract_tfidf__voice,0.21671882
LDA400_abstract_weight__301_voice_vocal_voices,0.21190447
LDA200_abstract_weight__187_speech_auditory_temporal,0.21161081
terms_abstract_tfidf__speech,0.21009292
LDA50_abstract_weight__6_auditory_speech_temporal,0.20667596
LDA400_abstract_weight__174_music_musical_musicians,0.20610681
terms_abstract_tfidf__vocal,0.20276824
LDA200_abstract_weight__55_music_musical_pitch,0.20051838
terms_abstract_tfidf__posterior superior,0.197755
LDA100_abstract_weight__81_auditory_sounds_sound,0.19578114
terms_abstract_tfidf__pitch,0.19256282
terms_abstract_tfidf__inferior parietal,0.19148508
terms_abstract_tfidf__superior temporal,0.18883315
terms_abstract_tfidf__stg,0.18583794
terms_abstract_tfidf__junction,0.18200827
terms_abstract_tfidf__stop signal,0.1807567
LDA400_abstract_weight__293_temporal_sts_superior,0.17939475
terms_abstract_tfidf__belief,0.17852893
terms_abstract_tfidf__sounds,0.17837125
terms_abstract_tfidf__stop,0.17799594
terms_abstract_tfidf__musicians,0.1776734
terms_abstract_tfidf__sentences,0.17692426
terms_abstract_tfidf__temporal sulcus,0.17603487
terms_abstract_tfidf__syntactic,0.17585139
LDA400_abstract_weight__180_speech_sounds_auditory,0.17424147
terms_abstract_tfidf__cortex inferior,0.17406452
LDA200_abstract_weight__93_language_sentences_comprehension,0.17389238
terms_abstract_tfidf__music,0.17379075
terms_abstract_tfidf__frontal gyrus,0.17261632
terms_abstract_tfidf__gyrus stg,0.17186035
LDA100_abstract_weight__89_inhibition_response_control,0.16967048
terms_abstract_tfidf__sentence,0.16946715
terms_abstract_tfidf__speech production,0.16935903
terms_abstract_tfidf__higher level,0.16926986
terms_abstract_tfidf__temporale,0.16912155
terms_abstract_tfidf__planum temporale,0.16912155
terms_abstract_tfidf__broca,0.16864762
LDA400_abstract_weight__285_junction_tpj_temporoparietal,0.1675519
terms_abstract_tfidf__speaker,0.16694528
terms_abstract_tfidf__listened,0.16651697
terms_abstract_tfidf__linguistic,0.16441193
LDA400_abstract_weight__131_inhibition_response_stop,0.16390434
terms_abstract_tfidf__auditory,0.16389102
terms_abstract_tfidf__psts,0.16327792
LDA400_abstract_weight__259_sentences_sentence_syntactic,0.16318999
terms_abstract_tfidf__signal task,0.1629304
terms_abstract_tfidf__communication,0.16265
LDA100_abstract_weight__12_language_comprehension_sentences,0.1626414
terms_abstract_tfidf__hierarchical,0.16239968
terms_abstract_tfidf__speech perception,0.16238126
terms_abstract_tfidf__domain general,0.16159499
terms_abstract_tfidf__musical,0.16150633
terms_abstract_tfidf__temporoparietal junction,0.16137724
terms_abstract_tfidf__temporally,0.1609784
terms_abstract_tfidf__planum,0.16081983
terms_abstract_tfidf__parietal junction,0.16043231
terms_abstract_tfidf__language comprehension,0.16037555
LDA400_abstract_weight__10_timing_rhythm_beat,0.15938143
LDA400_abstract_weight__379_auditory_sound_cortex,0.15931201
terms_abstract_tfidf__theory mind,0.15808682
terms_abstract_tfidf__junction tpj,0.15791245
terms_abstract_tfidf__temporal gyrus,0.15672484
terms_abstract_tfidf__sampling,0.15608457
terms_abstract_tfidf__tpj,0.1560318
terms_abstract_tfidf__temporoparietal,0.15500732
terms_abstract_tfidf__spoken,0.15379901
LDA400_abstract_weight__193_language_hemisphere_linguistic,0.15363257
terms_abstract_tfidf__spectral,0.1535609
terms_abstract_tfidf__middle frontal,0.1532657
terms_abstract_tfidf__language,0.15281731
terms_abstract_tfidf__comprehension,0.15273187
terms_abstract_tfidf__sts,0.15239921
terms_abstract_tfidf__conducted,0.15122241
terms_abstract_tfidf__social cognitive,0.15062888
terms_abstract_tfidf__mind tom,0.14820442
terms_abstract_tfidf__response inhibition,0.14805311
terms_abstract_tfidf__existing,0.14711492
terms_abstract_tfidf__dorsolateral,0.14572102
terms_abstract_tfidf__cognitive,0.14570959
LDA400_abstract_weight__353_deception_truth_lying,0.14531142
terms_abstract_tfidf__tom,0.14480224
LDA200_abstract_weight__46_hemisphere_hemispheric_language,0.14448924
terms_abstract_tfidf__inferior,0.14387596
terms_abstract_tfidf__accurately,0.14349638
terms_abstract_tfidf__dorsolateral prefrontal,0.14315805
LDA200_abstract_weight__73_ifg_gyrus_frontal,0.1429725
terms_abstract_tfidf__second,0.14208475
terms_abstract_tfidf__heard,0.14199035
LDA100_abstract_weight__24_music_musical_musicians,0.141651
terms_abstract_tfidf__controlled,0.14130338
terms_abstract_tfidf__anterior superior,0.13988812
terms_abstract_tfidf__heschl,0.13945699
terms_abstract_tfidf__production,0.13935134
terms_abstract_tfidf__prefrontal parietal,0.13857828
LDA200_abstract_weight__74_feedback_negative_performance,0.13830838
LDA400_abstract_weight__243_prefrontal_cortex_dorsolateral,0.13787454
terms_abstract_tfidf__mind,0.13777623
LDA400_abstract_weight__332_ms_sclerosis_multiple,0.13761814
terms_abstract_tfidf__false,0.13729033
terms_abstract_tfidf__violations,0.13720706
terms_abstract_tfidf__temporal gyri,0.13697399
terms_abstract_tfidf__superior,0.13692547
LDA200_abstract_weight__145_mind_mental_social,0.13653724
terms_abstract_tfidf__adaptive,0.13653141
terms_abstract_tfidf__differentiated,0.13524084
terms_abstract_tfidf__functional neuroanatomy,0.1350693
terms_abstract_tfidf__pars,0.13459805
terms_abstract_tfidf__sulcus sts,0.13376749
terms_abstract_tfidf__control task,0.13351968
LDA50_abstract_weight__16_response_inhibition_control,0.13314304
terms_abstract_tfidf__sequences,0.13300857
terms_abstract_tfidf__theory,0.13300286
terms_abstract_tfidf__intentions,0.13229084
terms_abstract_tfidf__cognitive control,0.13222511
terms_abstract_tfidf__auditory cortex,0.131613
LDA400_abstract_weight__26_ifg_gyrus_frontal,0.13153894
terms_abstract_tfidf__inhibitory,0.13114055
terms_abstract_tfidf__fronto temporal,0.13080186
terms_abstract_tfidf__inhibition,0.13053136
terms_abstract_tfidf__superior middle,0.13044885
LDA200_abstract_weight__123_junction_tpj_temporoparietal,0.13039735
terms_abstract_tfidf__heschl gyrus,0.12998202
terms_abstract_tfidf__primary auditory,0.1294738
LDA200_abstract_weight__103_timing_temporal_rhythm,0.1291692
terms_abstract_tfidf__temporo parietal,0.12897916
terms_abstract_tfidf__inhibitory control,0.12857075
LDA100_abstract_weight__37_temporal_superior_posterior,0.12783086
terms_abstract_tfidf__inferior frontal,0.12680934
LDA200_abstract_weight__159_inhibition_response_inhibitory,0.12676203
terms_abstract_tfidf__hypoactivation,0.12613246
terms_abstract_tfidf__magnitude,0.12610184
terms_abstract_tfidf__auditory stimuli,0.12502167
terms_abstract_tfidf__performance task,0.12475444
LDA400_abstract_weight__211_model_models_theory,0.12441187
LDA400_abstract_weight__108_tom_mind_theory,0.12417797
LDA400_abstract_weight__196_uncertainty_ambiguous_ambiguity,0.123831086
terms_abstract_tfidf__cognitive functions,0.12309043
terms_abstract_tfidf__middle superior,0.12282881
LDA400_abstract_weight__135_internal_external_intention,0.12249103
terms_abstract_tfidf__resonance performing,0.1224224
terms_abstract_tfidf__mental states,0.12227367
terms_abstract_tfidf__posterior temporal,0.122221455
terms_abstract_tfidf__supports,0.122077025
terms_abstract_tfidf__reliably,0.121679835
terms_abstract_tfidf__closely,0.12164027
terms_abstract_tfidf__inhibit,0.12095605
terms_abstract_tfidf__mfg,0.12085726
terms_abstract_tfidf__recruited,0.12064169
LDA400_abstract_weight__82_comprehension_sentences_language,0.12012206
terms_abstract_tfidf__frontotemporal,0.11983006
terms_abstract_tfidf__functions,0.119543165
LDA400_abstract_weight__159_hemisphere_hemispheric_lateralization,0.119424336
terms_abstract_tfidf__overt,0.11882774
terms_abstract_tfidf__silent,0.118144326
terms_abstract_tfidf__clearly,0.1176599
terms_abstract_tfidf__control network,0.117549635
terms_abstract_tfidf__cognitive processes,0.11750707
terms_abstract_tfidf__ipl,0.11707392
terms_abstract_tfidf__repetitive,0.11701255
terms_abstract_tfidf__complexity,0.116921194
terms_abstract_tfidf__dominance,0.11665266
terms_abstract_tfidf__working,0.116589196
LDA400_abstract_weight__319_individual_variability_inter,0.11646838
terms_abstract_tfidf__optimal,0.11616138
terms_abstract_tfidf__shifted,0.116064236
terms_abstract_tfidf__posterior middle,0.1153945
terms_abstract_tfidf__verbal,0.11451785
terms_abstract_tfidf__working memory,0.114267975
terms_abstract_tfidf__tones,0.114231266
terms_abstract_tfidf__basis,0.11378886
LDA100_abstract_weight__94_network_control_frontoparietal,0.11374978
terms_abstract_tfidf__situations,0.11343599
terms_abstract_tfidf__localize,0.11318264
terms_abstract_tfidf__memory load,0.11314484
terms_abstract_tfidf__paradigm,0.1130334
terms_abstract_tfidf__fewer,0.11278159
terms_abstract_tfidf__systematically,0.11246238
terms_abstract_tfidf__uncertain,0.11242547
terms_abstract_tfidf__language network,0.11232394
terms_abstract_tfidf__classic,0.11226996
terms_abstract_tfidf__frontal,0.11223897
terms_abstract_tfidf__involving,0.11221929
LDA400_abstract_weight__112_error_errors_monitoring,0.11208725
terms_abstract_tfidf__nogo,0.11200491
terms_abstract_tfidf__cognitive neuroscience,0.111864604
LDA100_abstract_weight__25_feedback_error_learning,0.11172872
LDA400_abstract_weight__361_mechanisms_automatic_underlying,0.11159292
terms_abstract_tfidf__neuroanatomy,0.111476466
terms_abstract_tfidf__sound,0.111390434
terms_abstract_tfidf__unaffected,0.11117736
terms_abstract_tfidf__concerning,0.11117152
terms_abstract_tfidf__lateralized,0.1103538
terms_abstract_tfidf__infer,0.11023029
terms_abstract_tfidf__mtg,0.110123456
terms_abstract_tfidf__gyrus ifg,0.110122524
terms_abstract_tfidf__gyrus mfg,0.11002231
terms_abstract_tfidf__supramarginal,0.10988636
terms_abstract_tfidf__short,0.10984097
terms_abstract_tfidf__speaking,0.10906268
terms_abstract_tfidf__precentral,0.10893363
terms_abstract_tfidf__task functional,0.10737806
LDA400_abstract_weight__147_sequence_sequences_order,0.10736643
terms_abstract_tfidf__time courses,0.10731516
terms_abstract_tfidf__playing,0.107139535
LDA200_abstract_weight__179_memory_working_task,0.10694167
LDA50_abstract_weight__48_prefrontal_cortex_pfc,0.1069308
LDA200_abstract_weight__88_network_frontoparietal_identified,0.10675457
LDA400_abstract_weight__360_pars_opercularis_inferior,0.10658858
terms_abstract_tfidf__notion,0.106222644
terms_abstract_tfidf__functional networks,0.1060488
terms_abstract_tfidf__empathic,0.1053633
terms_abstract_tfidf__taken,0.10529279
terms_abstract_tfidf__encompassing,0.10509861
terms_abstract_tfidf__contrasts,0.10463758
terms_abstract_tfidf__yield,0.10461363
terms_abstract_tfidf__precise,0.104612194
LDA400_abstract_weight__16_executive_control_cognitive,0.10458228
terms_abstract_tfidf__frontal gyri,0.10454575
terms_abstract_tfidf__order,0.104444526
terms_abstract_tfidf__temporo,0.10438103
terms_abstract_tfidf__dominant,0.10414756
terms_abstract_tfidf__prominent,0.10405296
terms_abstract_tfidf__final,0.10380581
terms_abstract_tfidf__frequent,0.103498235
LDA400_abstract_weight__194_gyrus_ag_angular,0.10347882
terms_abstract_tfidf__regular,0.10311857
terms_abstract_tfidf__signature,0.10303093
terms_abstract_tfidf__includes,0.10276071
terms_abstract_tfidf__mental state,0.10263549
terms_abstract_tfidf__implemented,0.10254179
terms_abstract_tfidf__lobule ipl,0.10230927
LDA400_abstract_weight__366_mental_mentalizing_states,0.10220356
terms_abstract_tfidf__require,0.10215422
terms_abstract_tfidf__network,0.10175395
terms_abstract_tfidf__quantified,0.1017035
terms_abstract_tfidf__attribution,0.101438046
terms_abstract_tfidf__network involved,0.10135047
terms_abstract_tfidf__hemispheric,0.10120243
terms_abstract_tfidf__temporal,0.10118686
terms_abstract_tfidf__manipulating,0.101056464
LDA400_abstract_weight__33_network_identified_core,0.10066774
terms_abstract_tfidf__poorer,0.10066732
terms_abstract_tfidf__networks,0.100653805
terms_abstract_tfidf__pars opercularis,0.10014069
LDA400_abstract_weight__72_cognitive_control_cognition,0.100041874
terms_abstract_tfidf__12 healthy,0.1000413
LDA400_abstract_weight__101_feedback_negative_performance,0.100020535
terms_abstract_tfidf__opercularis,0.1000026
LDA200_abstract_weight__172_verbal_fluency_overt,0.09998974
terms_abstract_tfidf__courses,0.09998721
terms_abstract_tfidf__portion,0.09997019
LDA400_abstract_weight__398_dlpfc_prefrontal_cortex,0.09989642
terms_abstract_tfidf__question,0.099796705
terms_abstract_tfidf__dlpfc,0.09972747
terms_abstract_tfidf__prefrontal cortex,0.09971976
LDA200_abstract_weight__11_cognitive_function_performance,0.0997017
terms_abstract_tfidf__thoughts,0.09966371
terms_abstract_tfidf__aged,0.099433534
terms_abstract_tfidf__tone,0.09937391
terms_abstract_tfidf__disturbed,0.09905438
terms_abstract_tfidf__bayesian,0.09905352
LDA400_abstract_weight__299_memory_working_verbal,0.09866574
terms_abstract_tfidf__internally,0.09855456
terms_abstract_tfidf__greater extent,0.09854094
terms_abstract_tfidf__lesion,0.09818039
terms_abstract_tfidf__tapping,0.098052464
terms_abstract_tfidf__task positive,0.09797481
terms_abstract_tfidf__finger tapping,0.09785551
terms_abstract_tfidf__multiple sclerosis,0.09777525
terms_abstract_tfidf__behaviors,0.0977566
terms_abstract_tfidf__ifg,0.09775411
terms_abstract_tfidf__expressed,0.0977289
terms_abstract_tfidf__executive,0.097339116
terms_abstract_tfidf__motor pre,0.09672336
terms_abstract_tfidf__memory tasks,0.095566556
terms_abstract_tfidf__discussed,0.095562056
terms_abstract_tfidf__sd,0.09547865
terms_abstract_tfidf__supramarginal gyrus,0.09537637
terms_abstract_tfidf__prefrontal,0.09527867
terms_abstract_tfidf__successive,0.09523867
terms_abstract_tfidf__correlates,0.09514429
LDA400_abstract_weight__120_verbal_fluency_task,0.095105454
terms_abstract_tfidf__aspects,0.0950965
terms_abstract_tfidf__sentence comprehension,0.095063165
terms_abstract_tfidf__control,0.09483694
terms_abstract_tfidf__lateral parietal,0.0947796
terms_abstract_tfidf__version,0.09450924
terms_abstract_tfidf__middle,0.09442995
LDA100_abstract_weight__45_memory_working_wm,0.09436109
terms_abstract_tfidf__paradigms,0.094189316
terms_abstract_tfidf__typically,0.09416187
terms_abstract_tfidf__feedback,0.0938462
terms_abstract_tfidf__compensation,0.09375156
terms_abstract_tfidf__maintenance,0.09346371
LDA400_abstract_weight__217_tms_stimulation_magnetic,0.09335079
terms_abstract_tfidf__intra,0.093247496
terms_abstract_tfidf__41,0.09308409
LDA200_abstract_weight__45_gyrus_frontal_inferior,0.0928991
terms_abstract_tfidf__externally,0.09284097
terms_abstract_tfidf__prefrontal cortices,0.092511155
terms_abstract_tfidf__persons,0.092502356
terms_abstract_tfidf__probability,0.0924546
terms_abstract_tfidf__assumption,0.09218839
terms_abstract_tfidf__random effects,0.09212772
terms_abstract_tfidf__fine,0.092105106
terms_abstract_tfidf__signal,0.09200742
LDA400_abstract_weight__221_systems_correlates_linked,0.09196332
LDA200_abstract_weight__135_basal_ganglia_moral,0.09139327
terms_abstract_tfidf__social cognition,0.09080326
terms_abstract_tfidf__disentangle,0.090524
terms_abstract_tfidf__pre,0.09051759
LDA200_abstract_weight__119_dlpfc_prefrontal_cortex,0.09043123
terms_abstract_tfidf__consisted,0.090407856
terms_abstract_tfidf__mentalizing,0.09008457
LDA400_abstract_weight__284_language_english_native,0.0899797
terms_abstract_tfidf__measuring,0.089978695
terms_abstract_tfidf__demand,0.089937136
terms_abstract_tfidf__effortful,0.08980984
terms_abstract_tfidf__ventrolateral,0.089736894
terms_abstract_tfidf__core,0.089584425
terms_abstract_tfidf__ganglia,0.089304514
terms_abstract_tfidf__slower,0.089138806
terms_abstract_tfidf__opercular,0.08911799
terms_abstract_tfidf__systems,0.08909056
terms_abstract_tfidf__essential,0.089045554
terms_abstract_tfidf__suggested,0.08901497
terms_abstract_tfidf__response selection,0.08883046
terms_abstract_tfidf__english,0.08834613
LDA200_abstract_weight__52_control_cognitive_task,0.08827205
terms_abstract_tfidf__temporal inferior,0.088256754
terms_abstract_tfidf__eighteen,0.08823034
terms_abstract_tfidf__biomarker,0.08821351
terms_abstract_tfidf__producing,0.08794258
terms_abstract_tfidf__imply,0.08789551
terms_abstract_tfidf__aphasia,0.087885804
terms_abstract_tfidf__facilitation,0.087736666
terms_abstract_tfidf__magnetic stimulation,0.087709494
terms_abstract_tfidf__continuous,0.087609425
terms_abstract_tfidf__hypothesize,0.087554626
terms_abstract_tfidf__length,0.08751071
terms_abstract_tfidf__networks involved,0.087383896
terms_abstract_tfidf__far,0.087296255
LDA200_abstract_weight__47_parietal_network_fronto,0.08717788
terms_abstract_tfidf__accuracy,0.08713898
terms_abstract_tfidf__processes,0.08709367
terms_abstract_tfidf__basal ganglia,0.087069124
LDA200_abstract_weight__99_detection_novelty_oddball,0.087027706
terms_abstract_tfidf__verbs,0.08683787
terms_abstract_tfidf__tms,0.08679371
terms_abstract_tfidf__transcranial magnetic,0.08666336
terms_abstract_tfidf__cortex dlpfc,0.08660706
terms_abstract_tfidf__differed,0.08660025
LDA400_abstract_weight__128_problem_problems_arithmetic,0.086432815
terms_abstract_tfidf__rehearsal,0.08622045
terms_abstract_tfidf__paced,0.086201996
LDA400_abstract_weight__327_basal_ganglia_thalamus,0.08619048
terms_abstract_tfidf__anterior insula,0.086162865
terms_abstract_tfidf__verbal working,0.08613266
terms_abstract_tfidf__iq,0.08612498
LDA200_abstract_weight__3_task_switching_set,0.0861099
terms_abstract_tfidf__causality,0.086067505
terms_abstract_tfidf__experiencing,0.08601447
terms_abstract_tfidf__frontal temporal,0.08573728
terms_abstract_tfidf__hearing,0.08573431
terms_abstract_tfidf__work,0.0856414
terms_abstract_tfidf__motor task,0.08562453
terms_abstract_tfidf__empathy,0.085486844
terms_abstract_tfidf__oral,0.085425675
LDA400_abstract_weight__246_interaction_ppi_psychophysiological,0.08525471
terms_abstract_tfidf__frontal operculum,0.085150085
LDA100_abstract_weight__71_reasoning_mind_mental,0.084697045
terms_abstract_tfidf__behaviour,0.08459127
LDA50_abstract_weight__37_language_reading_word,0.08459073
terms_abstract_tfidf__problem,0.08456155
LDA100_abstract_weight__29_integration_human_order,0.084482566
terms_abstract_tfidf__task task,0.08440763
terms_abstract_tfidf__task,0.08438036
terms_abstract_tfidf__anterior temporal,0.08433193
terms_abstract_tfidf__monitoring,0.08433073
terms_abstract_tfidf__emergence,0.08429565
terms_abstract_tfidf__provide new,0.084232196
terms_abstract_tfidf__implications understanding,0.084059045
terms_abstract_tfidf__german,0.08385886
terms_abstract_tfidf__valid,0.08360299
terms_abstract_tfidf__performance,0.08337298
terms_abstract_tfidf__wm task,0.083348826
terms_abstract_tfidf__moral,0.08308042
terms_abstract_tfidf__rt,0.0828996
terms_abstract_tfidf__compensatory,0.08285588
terms_abstract_tfidf__speakers,0.08267699
terms_abstract_tfidf__apart,0.08260194
terms_abstract_tfidf__attributed,0.08258358
terms_abstract_tfidf__recruit,0.08227244
LDA400_abstract_weight__34_monitoring_source_reality,0.082130864
terms_abstract_tfidf__trend,0.08205478
terms_abstract_tfidf__available,0.08198731
terms_abstract_tfidf__domains,0.081667006
terms_abstract_tfidf__supporting,0.0816009
terms_abstract_tfidf__attempted,0.08158849
terms_abstract_tfidf__expectancy,0.08158486
LDA100_abstract_weight__92_social_empathy_moral,0.08149007
LDA400_abstract_weight__311_knowledge_attributes_semantic,0.081298284
LDA200_abstract_weight__2_problem_problems_arithmetic,0.081248246
terms_abstract_tfidf__impairments,0.081148185
terms_abstract_tfidf__relies,0.081093736
terms_abstract_tfidf__remain unclear,0.08102127
terms_abstract_tfidf__middle temporal,0.080920584
terms_abstract_tfidf__cortex pfc,0.08089225
terms_abstract_tfidf__means,0.08085462
terms_abstract_tfidf__bold response,0.080797695
terms_abstract_tfidf__engage,0.08068737
LDA400_abstract_weight__130_frontal_inferior_gyrus,0.080655195
terms_abstract_tfidf__memory wm,0.08046647
terms_abstract_tfidf__condition,0.0803398
terms_abstract_tfidf__sense,0.08025313
terms_abstract_tfidf__monitor,0.08020339
terms_abstract_tfidf__inferences,0.08007509
terms_abstract_tfidf__subtle,0.079911865
terms_abstract_tfidf__indices,0.07978796
terms_abstract_tfidf__generated,0.07942489
terms_abstract_tfidf__26,0.079402715
terms_abstract_tfidf__classical,0.07936381
terms_abstract_tfidf__greater,0.07929384
terms_abstract_tfidf__substrates,0.07927111
LDA50_abstract_weight__8_mpfc_social_medial,0.07911446
terms_abstract_tfidf__mediating,0.07893746
terms_abstract_tfidf__dissociate,0.07880018
terms_abstract_tfidf__hemisphere,0.07879875
LDA400_abstract_weight__88_response_stimulus_contrast,0.078737
terms_abstract_tfidf__reappraisal,0.07870875
terms_abstract_tfidf__older,0.078578055
terms_abstract_tfidf__neuroscience,0.07851739
terms_abstract_tfidf__posterior inferior,0.07850376
terms_abstract_tfidf__correct,0.07840756
terms_abstract_tfidf__errors,0.07821723
terms_abstract_tfidf__basal,0.07791274
LDA50_abstract_weight__28_social_empathy_moral,0.07786767
terms_abstract_tfidf__imagine,0.07778836
terms_abstract_tfidf__domain,0.07771481
terms_abstract_tfidf__frontal cortices,0.077666916
terms_abstract_tfidf__precentral gyrus,0.07762846
terms_abstract_tfidf__images acquired,0.077616766
terms_abstract_tfidf__beliefs,0.07758126
terms_abstract_tfidf__typically developing,0.07739288
terms_abstract_tfidf__event functional,0.077174425
terms_abstract_tfidf__ability,0.07682635
terms_abstract_tfidf__roles,0.0767067
LDA400_abstract_weight__115_wm_memory_working,0.07666337
terms_abstract_tfidf__interaction,0.07665927
terms_abstract_tfidf__flexibility,0.07656745
terms_abstract_tfidf__extends,0.07617012
terms_abstract_tfidf__supported,0.07594958
terms_abstract_tfidf__pre sma,0.075913884
terms_abstract_tfidf__consistently,0.07590977
terms_abstract_tfidf__sparse,0.07584228
terms_abstract_tfidf__sequence,0.075705856
terms_abstract_tfidf__concentration,0.075692914
terms_abstract_tfidf__phonological,0.07561584
terms_abstract_tfidf__spatial temporal,0.07560709
terms_abstract_tfidf__rhythm,0.0755863
terms_abstract_tfidf__recruits,0.07538573
LDA50_abstract_weight__24_age_adults_older,0.07524729
terms_abstract_tfidf__difficulties,0.07506588
terms_abstract_tfidf__underlies,0.0749809
terms_abstract_tfidf__questionnaire,0.074514106
terms_abstract_tfidf__thinking,0.074472375
terms_abstract_tfidf__cognitive function,0.074256405
terms_abstract_tfidf__blood oxygenation,0.07421632
terms_abstract_tfidf__oxygenation,0.07415738
terms_abstract_tfidf__adopted,0.07413674
terms_abstract_tfidf__social interaction,0.07409161
terms_abstract_tfidf__brief,0.07394912
terms_abstract_tfidf__aspect,0.07360792
LDA200_abstract_weight__155_temporal_sulcus_superior,0.07358117
terms_abstract_tfidf__sclerosis,0.07350327
terms_abstract_tfidf__parametric,0.07337443
terms_abstract_tfidf__accompanied,0.07332445
terms_abstract_tfidf__exhibit,0.0732018
terms_abstract_tfidf__forms,0.07317846
terms_abstract_tfidf__free,0.07317804
terms_abstract_tfidf__maps,0.07313775
terms_abstract_tfidf__large scale,0.07300289
LDA400_abstract_weight__231_age_young_adults,0.07277019
LDA400_abstract_weight__140_finger_tapping_index,0.07270185
terms_abstract_tfidf__contrast,0.0726646
terms_abstract_tfidf__probabilistic,0.07265249
terms_abstract_tfidf__contributing,0.07260449
terms_abstract_tfidf__ways,0.07253997
terms_abstract_tfidf__operculum,0.072379544
LDA400_abstract_weight__77_adhd_disorder_attention,0.07201226
terms_abstract_tfidf__mid,0.07200514
terms_abstract_tfidf__strategy,0.07192229
terms_abstract_tfidf__finger,0.07170149
terms_abstract_tfidf__unrelated,0.071671285
terms_abstract_tfidf__questions,0.07161627
LDA400_abstract_weight__337_suppression_voluntary_suppressed,0.07146122
terms_abstract_tfidf__initially,0.07146058
terms_abstract_tfidf__intention,0.07138105
terms_abstract_tfidf__problems,0.07116227
LDA400_abstract_weight__240_performance_task_cognitive,0.071060464
terms_abstract_tfidf__evaluate,0.07097806
terms_abstract_tfidf__dorsolateral pfc,0.07073896
terms_abstract_tfidf__resonance experiment,0.07071026
terms_abstract_tfidf__behavioral measures,0.07064227
LDA400_abstract_weight__374_magnetic_resonance_suggest,0.070528455
terms_abstract_tfidf__gyrus,0.07051537
LDA100_abstract_weight__28_phase_problem_problems,0.07039233
terms_abstract_tfidf__load,0.07024442
LDA400_abstract_weight__154_parietal_network_fronto,0.07017325
terms_abstract_tfidf__age controls,0.0701521
terms_abstract_tfidf__explicitly,0.07004374
terms_abstract_tfidf__fronto,0.0700339
terms_abstract_tfidf__pseudowords,0.06992706
terms_abstract_tfidf__unexpected,0.069912285
terms_abstract_tfidf__cortex frontal,0.06987544
terms_abstract_tfidf__contribution,0.069865175
terms_abstract_tfidf__unclear,0.069843784
terms_abstract_tfidf__laterality,0.069713816
terms_abstract_tfidf__dorsomedial,0.06947194
terms_abstract_tfidf__pre supplementary,0.06943141
terms_abstract_tfidf__short term,0.06933705
terms_abstract_tfidf__lexical,0.06933498
LDA50_abstract_weight__9_memory_working_wm,0.06914666
LDA200_abstract_weight__100_gestures_abstract_race,0.06912003
LDA400_abstract_weight__335_regulation_emotion_reappraisal,0.06908098
terms_abstract_tfidf__acquisition,0.06898085
terms_abstract_tfidf__lateral prefrontal,0.06889151
LDA200_abstract_weight__14_bpd_sn_ifc,0.06880861
terms_abstract_tfidf__38,0.068723455
terms_abstract_tfidf__constitute,0.06872193
terms_abstract_tfidf__using event,0.06870278
terms_abstract_tfidf__statement,0.068697564
terms_abstract_tfidf__variability,0.0686734
terms_abstract_tfidf__person,0.06828517
terms_abstract_tfidf__integration,0.06822574
terms_abstract_tfidf__22,0.068042666
terms_abstract_tfidf__output,0.06772993
LDA100_abstract_weight__11_task_cognitive_performance,0.06758675
terms_abstract_tfidf__proposed,0.06758083
LDA200_abstract_weight__149_olfactory_taste_odor,0.06756194
terms_abstract_tfidf__involves,0.067531124
terms_abstract_tfidf__indicating,0.06752263
terms_abstract_tfidf__exploring,0.06742791
LDA400_abstract_weight__187_parietal_inferior_lobule,0.06736968
terms_abstract_tfidf__states,0.06711487
terms_abstract_tfidf__flexibly,0.06708545
LDA400_abstract_weight__254_empathy_social_empathic,0.06702722
terms_abstract_tfidf__receive,0.06695646
terms_abstract_tfidf__unlike,0.06682546
terms_abstract_tfidf__memory task,0.06667981
terms_abstract_tfidf__applied,0.06655678
terms_abstract_tfidf__standard,0.06653265
terms_abstract_tfidf__insula anterior,0.06649809
terms_abstract_tfidf__motor control,0.06641586
terms_abstract_tfidf__mechanisms,0.06632423
terms_abstract_tfidf__materials,0.066214666
terms_abstract_tfidf__intentional,0.066139616
terms_abstract_tfidf__semantic memory,0.066123754
terms_abstract_tfidf__regarding,0.06611016
terms_abstract_tfidf__underpinnings,0.06605289
terms_abstract_tfidf__memory retrieval,0.06601649
LDA400_abstract_weight__64_selection_pmd_rostral,0.06573449
terms_abstract_tfidf__held,0.06572095
terms_abstract_tfidf__cognitively,0.06558445
LDA400_abstract_weight__146_creative_creativity_thinking,0.065542296
terms_abstract_tfidf__44,0.06516443
LDA200_abstract_weight__24_recruitment_recruited_engaged,0.064967915
terms_abstract_tfidf__ppi,0.06495652
terms_abstract_tfidf__reliability,0.06493562
terms_abstract_tfidf__estimates,0.06490069
terms_abstract_tfidf__days,0.06476962
terms_abstract_tfidf__general,0.06470315
terms_abstract_tfidf__maintain,0.06469758
terms_abstract_tfidf__error,0.06449812
terms_abstract_tfidf__primates,0.06444929
LDA400_abstract_weight__249_phase_phases_pws,0.06437058
terms_abstract_tfidf__dissociable,0.06423845
terms_abstract_tfidf__research,0.06416585
terms_abstract_tfidf__bases,0.06412793
terms_abstract_tfidf__evidenced,0.06411788
terms_abstract_tfidf__absent,0.06398641
terms_abstract_tfidf__executive functions,0.063971065
terms_abstract_tfidf__aim,0.063948736
terms_abstract_tfidf__subtraction,0.06394404
terms_abstract_tfidf__control condition,0.06392394
terms_abstract_tfidf__handed,0.06391085
terms_abstract_tfidf__index finger,0.06385297
terms_abstract_tfidf__context,0.063787974
terms_abstract_tfidf__clustering,0.06372383
terms_abstract_tfidf__guide,0.063580096
terms_abstract_tfidf__meaning,0.06352345
terms_abstract_tfidf__temporal pole,0.0634475
terms_abstract_tfidf__explain,0.06338788
terms_abstract_tfidf__detect,0.06323317
terms_abstract_tfidf__methodology,0.063227355
terms_abstract_tfidf__selection,0.06318414
terms_abstract_tfidf__moderate,0.06309227
terms_abstract_tfidf__oxygenation level,0.0630683
terms_abstract_tfidf__patient group,0.063048065
terms_abstract_tfidf__ica,0.06296317
terms_abstract_tfidf__caudal,0.06293893
terms_abstract_tfidf__13,0.06284852
terms_abstract_tfidf__46,0.06281547
LDA200_abstract_weight__59_individual_variability_subject,0.06280191
terms_abstract_tfidf__sizes,0.062774226
LDA200_abstract_weight__89_pfc_prefrontal_cortex,0.06272831
terms_abstract_tfidf__frontoparietal,0.062722504
terms_abstract_tfidf__compromised,0.062650904
terms_abstract_tfidf__frontoparietal network,0.06258402
terms_abstract_tfidf__impulsive,0.062572226
terms_abstract_tfidf__task demands,0.06252569
terms_abstract_tfidf__social,0.06248456
terms_abstract_tfidf__day,0.06248359
terms_abstract_tfidf__noise,0.062461946
terms_abstract_tfidf__noxious,0.06242349
terms_abstract_tfidf__td,0.06230644
terms_abstract_tfidf__behavioral,0.06226217
terms_abstract_tfidf__wm,0.06220665
terms_abstract_tfidf__manifest,0.062195044
terms_abstract_tfidf__widely,0.062157135
terms_abstract_tfidf__ventral premotor,0.06211386
terms_abstract_tfidf__receiving,0.06210386
terms_abstract_tfidf__insular cortex,0.06202024
terms_abstract_tfidf__systems involved,0.062015414
terms_abstract_tfidf__normal,0.06198148
terms_abstract_tfidf__effort,0.06195344
terms_abstract_tfidf__hemispheres,0.061940465
terms_abstract_tfidf__caudate,0.061887704
terms_abstract_tfidf__knowledge,0.061868057
terms_abstract_tfidf__ventrolateral prefrontal,0.061816353
terms_abstract_tfidf__bilinguals,0.06165906
terms_abstract_tfidf__dorsomedial prefrontal,0.061600104
LDA400_abstract_weight__43_task_recruitment_recruited,0.061576225
terms_abstract_tfidf__identical,0.06155474
LDA400_abstract_weight__183_moral_psychopathy_harm,0.061392687
terms_abstract_tfidf__emotional responses,0.061360955
terms_abstract_tfidf__subcortical,0.0610416
LDA200_abstract_weight__49_thalamus_putamen_striatal,0.061035745
terms_abstract_tfidf__loop,0.060911518
terms_abstract_tfidf__deficient,0.060871273
terms_abstract_tfidf__decision task,0.060804643
terms_abstract_tfidf__mediates,0.0607774
terms_abstract_tfidf__gains,0.06075785
LDA400_abstract_weight__363_dacc_dorsal_cingulate,0.06065288
terms_abstract_tfidf__hz,0.0605778
terms_abstract_tfidf__healthy adults,0.06047272
terms_abstract_tfidf__significance statement,0.060385857
terms_abstract_tfidf__pressure,0.06037727
terms_abstract_tfidf__circuitry,0.060359694
terms_abstract_tfidf__motor premotor,0.060354415
LDA200_abstract_weight__127_task_performance_cognitive,0.06032725
terms_abstract_tfidf__demands,0.06024074
terms_abstract_tfidf__component ica,0.060236067
terms_abstract_tfidf__stored,0.06020789
terms_abstract_tfidf__impaired,0.060195554
LDA200_abstract_weight__60_mechanisms_underlying_evaluation,0.060134903
terms_abstract_tfidf__differentiate,0.060053356
terms_abstract_tfidf__group healthy,0.06004215
LDA400_abstract_weight__283_correct_successful_incorrect,0.060000837
terms_abstract_tfidf__dual,0.059964128
LDA50_abstract_weight__46_hemisphere_language_stroke,0.059897482
terms_abstract_tfidf__pfc,0.0597247
terms_abstract_tfidf__pharmacological,0.059648834
terms_abstract_tfidf__transcranial,0.059612222
terms_abstract_tfidf__set,0.059542906
terms_abstract_tfidf__lateral frontal,0.059460927
LDA400_abstract_weight__225_olfactory_odor_odors,0.05938575
terms_abstract_tfidf__parietal temporal,0.05928568
terms_abstract_tfidf__instructed,0.059271462
terms_abstract_tfidf__slow,0.05923929
terms_abstract_tfidf__adolescent,0.059181217
terms_abstract_tfidf__modulating,0.059001707
terms_abstract_tfidf__important,0.058832157
terms_abstract_tfidf__facilitates,0.058780696
terms_abstract_tfidf__regard,0.05865324
terms_abstract_tfidf__fashion,0.05865259
terms_abstract_tfidf__15,0.058554348
terms_abstract_tfidf__assessed,0.058548667
terms_abstract_tfidf__changing,0.05853788
terms_abstract_tfidf__cortico,0.05846279
terms_abstract_tfidf__relates,0.058459073
terms_abstract_tfidf__recognizing,0.058258794
LDA200_abstract_weight__195_group_age_magnetic,0.05820445
LDA100_abstract_weight__20_pd_basal_ganglia,0.058140554
terms_abstract_tfidf__level,0.058138326
terms_abstract_tfidf__timing,0.05805524
terms_abstract_tfidf__respond,0.05804453
terms_abstract_tfidf__focus,0.057984307
terms_abstract_tfidf__interactive,0.05793031
terms_abstract_tfidf__equally,0.057779077
terms_abstract_tfidf__negative feedback,0.05772592
LDA400_abstract_weight__393_increasing_level_time,0.057724655
terms_abstract_tfidf__insula inferior,0.057719156
terms_abstract_tfidf__complementary,0.057677865
terms_abstract_tfidf__accurate,0.057661917
LDA400_abstract_weight__257_preference_preferences_nirs,0.057432253
LDA400_abstract_weight__223_humor_lc_na,0.05732445
terms_abstract_tfidf__significance,0.05721199
LDA200_abstract_weight__34_fatigue_spinal_cord,0.057203982
terms_abstract_tfidf__environmental,0.057191256
LDA400_abstract_weight__119_temporal_lobe_anterior,0.057187922
LDA100_abstract_weight__95_adults_age_older,0.05711992
terms_abstract_tfidf__analysed,0.056897722
terms_abstract_tfidf__trials,0.05687701
terms_abstract_tfidf__indirect,0.056845233
LDA200_abstract_weight__133_pd_error_errors,0.05681993
terms_abstract_tfidf__sets,0.056641817
terms_abstract_tfidf__model,0.056607
terms_abstract_tfidf__inter,0.056587934
terms_abstract_tfidf__semantics,0.05657951
terms_abstract_tfidf__gyrus middle,0.0564904
terms_abstract_tfidf__computed,0.056489028
terms_abstract_tfidf__premotor cortex,0.05647184
terms_abstract_tfidf__responds,0.056344252
terms_abstract_tfidf__auditory visual,0.056299016
terms_abstract_tfidf__injury,0.056241587
terms_abstract_tfidf__detecting,0.05614336
LDA100_abstract_weight__35_regulation_emotion_reappraisal,0.05612667
terms_abstract_tfidf__recall,0.056026738
terms_abstract_tfidf__connected,0.05590179
terms_abstract_tfidf__parametric mapping,0.055885404
terms_abstract_tfidf__equivalent,0.055881012
LDA400_abstract_weight__278_prediction_predictive_predictions,0.055807773
terms_abstract_tfidf__thalamus,0.055792958
terms_abstract_tfidf__circuit,0.055713467
terms_abstract_tfidf__understanding,0.05553141
LDA400_abstract_weight__41_frontoparietal_subregions_network,0.05552845
terms_abstract_tfidf__predominantly,0.055523116
terms_abstract_tfidf__deficits,0.05550888
terms_abstract_tfidf__personality,0.05529537
terms_abstract_tfidf__portions,0.055242617
terms_abstract_tfidf__success,0.055204306
terms_abstract_tfidf__integrative,0.055030987
LDA200_abstract_weight__96_hd_psychopathy_fcd,0.055028472
terms_abstract_tfidf__s1,0.055020183
terms_abstract_tfidf__emphasize,0.05497624
LDA400_abstract_weight__220_question_unique_questions,0.054811936
terms_abstract_tfidf__cortical subcortical,0.05477298
terms_abstract_tfidf__analyses,0.054754894
terms_abstract_tfidf__required,0.05470693
LDA400_abstract_weight__200_load_task_high,0.05463919
terms_abstract_tfidf__experienced,0.05458284
terms_abstract_tfidf__hyperactivation,0.0543968
terms_abstract_tfidf__reducing,0.0542497
terms_abstract_tfidf__investigations,0.054207746
terms_abstract_tfidf__indicates,0.0541865
terms_abstract_tfidf__commonly,0.05409858
terms_abstract_tfidf__angular,0.054038346
terms_abstract_tfidf__considerable,0.054012656
terms_abstract_tfidf__implications,0.05384976
terms_abstract_tfidf__underlying,0.05372885
terms_abstract_tfidf__strong,0.053711437
terms_abstract_tfidf__older adults,0.053576108
LDA400_abstract_weight__28_sma_pre_motor,0.053550802
terms_abstract_tfidf__frontal lobe,0.053542156
terms_abstract_tfidf__comparable,0.05349895
terms_abstract_tfidf__independent component,0.05348944
terms_abstract_tfidf__iii,0.053470064
LDA400_abstract_weight__145_gyrus_temporal_frontal,0.053442277
LDA400_abstract_weight__291_infant_attachment_child,0.05343536
terms_abstract_tfidf__state connectivity,0.053393584
LDA400_abstract_weight__67_cortex_lateral_prefrontal,0.053294517
terms_abstract_tfidf__triggered,0.0532713
LDA400_abstract_weight__118_striatum_striatal_ventral,0.053227928
LDA400_abstract_weight__399_bipolar_bd_disorder,0.053208183
terms_abstract_tfidf__cortex parietal,0.053102456
terms_abstract_tfidf__focused,0.05307966
terms_abstract_tfidf__performing,0.053063255
terms_abstract_tfidf__socially,0.053046055
terms_abstract_tfidf__stimulation tms,0.05302756
LDA400_abstract_weight__143_taste_swallowing_gustatory,0.052884635
terms_abstract_tfidf__methodology principal,0.0528632
terms_abstract_tfidf__simultaneous,0.052746687
terms_abstract_tfidf__younger,0.052686177
terms_abstract_tfidf__higher,0.052652426
terms_abstract_tfidf__skill,0.052629158
terms_abstract_tfidf__main,0.05261094
terms_abstract_tfidf__incongruent,0.05258837
LDA400_abstract_weight__208_reaction_time_times,0.052508205
terms_abstract_tfidf__previous research,0.052421458
terms_abstract_tfidf__requires,0.05241828
terms_abstract_tfidf__phenomenon,0.052318394
LDA400_abstract_weight__296_effort_fnc_reporting,0.052304976
terms_abstract_tfidf__premotor,0.052299898
terms_abstract_tfidf__sma,0.05217066
LDA400_abstract_weight__238_adults_older_age,0.052157387
terms_abstract_tfidf__supplementary motor,0.052105106
terms_abstract_tfidf__network connectivity,0.052019056
terms_abstract_tfidf__exclusively,0.05197909
terms_abstract_tfidf__frequently,0.05196322
LDA400_abstract_weight__191_stimulation_rtms_tdcs,0.051941384
terms_abstract_tfidf__self,0.051738974
terms_abstract_tfidf__acts,0.051665038
terms_abstract_tfidf__assumed,0.051591214
terms_abstract_tfidf__use functional,0.05157373
terms_abstract_tfidf__functionally,0.05155014
terms_abstract_tfidf__external,0.05142536
terms_abstract_tfidf__neurobiological,0.051394355
terms_abstract_tfidf__47,0.0513715
terms_abstract_tfidf__widespread,0.051312774
LDA50_abstract_weight__18_number_ips_numerical,0.051284995
terms_abstract_tfidf__outcome,0.051231217
terms_abstract_tfidf__insula,0.051083457
LDA50_abstract_weight__20_control_conflict_task,0.051064014
terms_abstract_tfidf__oddball,0.050943833
LDA400_abstract_weight__94_events_future_past,0.050942935
terms_abstract_tfidf__underpinning,0.0508141
terms_abstract_tfidf__anti,0.050786085
terms_abstract_tfidf__concomitant,0.050706986
terms_abstract_tfidf__difficulty,0.050616764
terms_abstract_tfidf__blocks,0.050542615
terms_abstract_tfidf__rich,0.050534908
terms_abstract_tfidf__cortex mpfc,0.050531473
terms_abstract_tfidf__vlpfc,0.05053113
terms_abstract_tfidf__meg,0.050495807
terms_abstract_tfidf__appropriate,0.050399486
terms_abstract_tfidf__43,0.05037617
terms_abstract_tfidf__addressed,0.05034232
terms_abstract_tfidf__uncertainty,0.05027077
terms_abstract_tfidf__functioning,0.050213125
terms_abstract_tfidf__signal change,0.050185014
terms_abstract_tfidf__mechanisms involved,0.050051644
terms_abstract_tfidf__internal,0.04999815
terms_abstract_tfidf__combination,0.049886186
LDA200_abstract_weight__69_response_sensitivity_hemodynamic,0.04981813
terms_abstract_tfidf__36,0.04967125
terms_abstract_tfidf__prediction,0.049602963
terms_abstract_tfidf__cortices,0.049485836
LDA200_abstract_weight__95_verbs_verb_nouns,0.049367514
terms_abstract_tfidf__behavioral evidence,0.049197126
terms_abstract_tfidf__manipulations,0.04915175
terms_abstract_tfidf__parietal network,0.049129162
LDA400_abstract_weight__388_conflict_response_monitoring,0.049099416
LDA400_abstract_weight__141_task_performing_cognitive,0.04905627
terms_abstract_tfidf__occurrence,0.04902848
terms_abstract_tfidf__varied,0.048860908
terms_abstract_tfidf__modality,0.04866282
LDA400_abstract_weight__83_mapping_scanner_mr,0.048656438
terms_abstract_tfidf__semantic,0.04862194
LDA200_abstract_weight__141_systems_predicted_models,0.048601937
terms_abstract_tfidf__lateralization,0.048548084
terms_abstract_tfidf__17,0.048543148
terms_abstract_tfidf__reversed,0.048397236
terms_abstract_tfidf__interhemispheric,0.04839191
terms_abstract_tfidf__consisting,0.04838521
LDA50_abstract_weight__17_motor_cortex_hand,0.048335712
terms_abstract_tfidf__processes involved,0.04827426
terms_abstract_tfidf__preceding,0.048227705
terms_abstract_tfidf__variation,0.048220314
terms_abstract_tfidf__operation,0.04817332
terms_abstract_tfidf__highly,0.04816213
terms_abstract_tfidf__matrix,0.048021708
terms_abstract_tfidf__certain,0.047995027
terms_abstract_tfidf__parameters,0.04797595
terms_abstract_tfidf__inferior middle,0.04796905
terms_abstract_tfidf__male female,0.04795851
terms_abstract_tfidf__si,0.047925446
terms_abstract_tfidf__sii,0.04791384
terms_abstract_tfidf__medial prefrontal,0.04789289
terms_abstract_tfidf__debate,0.047848895
terms_abstract_tfidf__asymmetry,0.04782251
LDA200_abstract_weight__53_stimulation_tms_rtms,0.047706276
terms_abstract_tfidf__nodes,0.04755164
terms_abstract_tfidf__distributed,0.047464922
LDA400_abstract_weight__357_verbs_verb_nouns,0.04745759
terms_abstract_tfidf__medial pfc,0.04743734
terms_abstract_tfidf__extent,0.047396544
terms_abstract_tfidf__architecture,0.04736427
LDA400_abstract_weight__172_anterior_insula_cortex,0.047279224
terms_abstract_tfidf__attentional control,0.047265347
terms_abstract_tfidf__zone,0.04726293
terms_abstract_tfidf__lack,0.047095135
terms_abstract_tfidf__read,0.04708862
terms_abstract_tfidf__globus,0.04698077
terms_abstract_tfidf__pallidus,0.046972014
terms_abstract_tfidf__globus pallidus,0.046972014
terms_abstract_tfidf__evaluation,0.04680948
terms_abstract_tfidf__inconsistent,0.04674243
terms_abstract_tfidf__describing,0.046733703
terms_abstract_tfidf__mental,0.04673322
LDA200_abstract_weight__31_hearing_deaf_sign,0.04670709
terms_abstract_tfidf__higher order,0.04665921
LDA200_abstract_weight__171_cortex_prefrontal_medial,0.04663262
terms_abstract_tfidf__cortex dacc,0.04659426
terms_abstract_tfidf__demonstrate,0.04656395
terms_abstract_tfidf__gyrus ba,0.04656158
terms_abstract_tfidf__modulations,0.0465578
terms_abstract_tfidf__dynamic,0.046510488
terms_abstract_tfidf__exact,0.04647739
terms_abstract_tfidf__medication,0.046406087
terms_abstract_tfidf__striatal,0.04633283
LDA400_abstract_weight__250_gestures_gesture_communicative,0.046315715
terms_abstract_tfidf__reveals,0.04628361
terms_abstract_tfidf__best,0.046269
terms_abstract_tfidf__involved cognitive,0.046178132
terms_abstract_tfidf__function,0.04614374
LDA400_abstract_weight__66_fine_fcd_grained,0.045959648
terms_abstract_tfidf__resolve,0.045880836
terms_abstract_tfidf__outcomes,0.045832653
terms_abstract_tfidf__response,0.04581304
terms_abstract_tfidf__cognition,0.045620494
terms_abstract_tfidf__deficit,0.045594495
terms_abstract_tfidf__motor network,0.045565188
terms_abstract_tfidf__parietal lobe,0.045525473
terms_abstract_tfidf__dopaminergic,0.045398835
terms_abstract_tfidf__consequences,0.045364328
terms_abstract_tfidf__tasks,0.045361422
terms_abstract_tfidf__direct evidence,0.04535659
terms_abstract_tfidf__judge,0.04524474
terms_abstract_tfidf__previous,0.045218274
terms_abstract_tfidf__sub,0.045181207
terms_abstract_tfidf__sn,0.045180738
LDA100_abstract_weight__43_prefrontal_cortex_pfc,0.045148183
terms_abstract_tfidf__distinguished,0.045145653
terms_abstract_tfidf__angular gyrus,0.04509399
terms_abstract_tfidf__task difficulty,0.045071986
LDA400_abstract_weight__123_words_word_lexical,0.045061667
terms_abstract_tfidf__striking,0.044948738
terms_abstract_tfidf__learned,0.044744406
terms_abstract_tfidf__negative emotional,0.044637095
terms_abstract_tfidf__involved,0.044612728
terms_abstract_tfidf__contingent,0.04455443
LDA400_abstract_weight__171_task_switching_set,0.04448945
terms_abstract_tfidf__failure,0.04446406
terms_abstract_tfidf__include,0.044438988
terms_abstract_tfidf__primary motor,0.04433598
terms_abstract_tfidf__caused,0.04432007
terms_abstract_tfidf__passive,0.044282388
terms_abstract_tfidf__tomography pet,0.044226877
LDA100_abstract_weight__47_magnetic_resonance_high,0.044134255
LDA200_abstract_weight__15_resonance_magnetic_mechanisms,0.044134255
terms_abstract_tfidf__independent,0.044112343
terms_abstract_tfidf__tegmental,0.044061836
terms_abstract_tfidf__cognitive emotional,0.044029936
terms_abstract_tfidf__cortex superior,0.044025484
terms_abstract_tfidf__possibly,0.04401798
terms_abstract_tfidf__parietal lobule,0.043974068
terms_abstract_tfidf__engaged,0.04381272
terms_abstract_tfidf__attempt,0.043804154
LDA200_abstract_weight__134_motor_cortex_supplementary,0.043784514
terms_abstract_tfidf__notably,0.043671824
terms_abstract_tfidf__targeted,0.043569088
terms_abstract_tfidf__temporal parietal,0.043382116
terms_abstract_tfidf__cerebral cortex,0.043126814
terms_abstract_tfidf__contained,0.04310634
terms_abstract_tfidf__adhd,0.043092184
terms_abstract_tfidf__21,0.04305081
terms_abstract_tfidf__window,0.042962443
terms_abstract_tfidf__arithmetic,0.04288607
terms_abstract_tfidf__successful,0.042844016
terms_abstract_tfidf__dopamine,0.042830743
LDA100_abstract_weight__10_schizophrenia_symptoms_risk,0.042770825
terms_abstract_tfidf__cognitive task,0.042738516
terms_abstract_tfidf__critical,0.042696204
terms_abstract_tfidf__positively correlated,0.042549167
terms_abstract_tfidf__family,0.042480238
terms_abstract_tfidf__conveyed,0.04242326
terms_abstract_tfidf__losses,0.042280477
LDA200_abstract_weight__144_integration_process_task,0.042272143
LDA200_abstract_weight__20_wm_load_memory,0.042217053
terms_abstract_tfidf__functional structural,0.042214118
terms_abstract_tfidf__frontal cortex,0.04220815
LDA400_abstract_weight__212_bpd_disorder_personality,0.042126548
terms_abstract_tfidf__synchronization,0.042117864
terms_abstract_tfidf__given,0.04197498
terms_abstract_tfidf__content,0.041970026
terms_abstract_tfidf__previous functional,0.041921224
terms_abstract_tfidf__theories,0.041919578
terms_abstract_tfidf__m1,0.04189736
terms_abstract_tfidf__challenging,0.04187439
terms_abstract_tfidf__mapping,0.041834302
terms_abstract_tfidf__temporal frontal,0.041809008
terms_abstract_tfidf__allele,0.041749366
LDA400_abstract_weight__129_gm_volume_matter,0.04172994
terms_abstract_tfidf__inform,0.041661277
terms_abstract_tfidf__interplay,0.041535594
terms_abstract_tfidf__contrasting,0.041492973
terms_abstract_tfidf__stimulus response,0.04148585
terms_abstract_tfidf__frontal parietal,0.04148471
terms_abstract_tfidf__suggesting,0.041474335
LDA400_abstract_weight__258_human_provide_input,0.041443646
terms_abstract_tfidf__currently,0.041384384
terms_abstract_tfidf__efficiency,0.041376337
terms_abstract_tfidf__responded,0.041350145
terms_abstract_tfidf__subserve,0.041296728
LDA400_abstract_weight__97_evaluation_evaluations_esteem,0.041233297
terms_abstract_tfidf__period,0.041090608
LDA50_abstract_weight__2_cerebellar_cerebellum_basal,0.04106969
terms_abstract_tfidf__rule,0.041061185
terms_abstract_tfidf__engagement,0.041053727
LDA200_abstract_weight__154_social_interactions_interaction,0.041050058
terms_abstract_tfidf__force,0.041049313
terms_abstract_tfidf__bipolar,0.040995315
terms_abstract_tfidf__12,0.040991984
LDA200_abstract_weight__43_conflict_interference_incongruent,0.040991098
LDA400_abstract_weight__21_strategies_strategy_strategic,0.040956307
terms_abstract_tfidf__gyrus medial,0.04091606
terms_abstract_tfidf__strategies,0.040845733
terms_abstract_tfidf__dacc,0.04076008
terms_abstract_tfidf__task required,0.04069767
terms_abstract_tfidf__reaction time,0.040678892
terms_abstract_tfidf__leads,0.04063382
LDA400_abstract_weight__179_resonance_magnetic_response,0.040562663
terms_abstract_tfidf__reliable,0.04052471
LDA50_abstract_weight__0_network_state_resting,0.040509906
terms_abstract_tfidf__pathophysiological,0.040497743
terms_abstract_tfidf__conditions,0.04046957
terms_abstract_tfidf__ventral tegmental,0.040467706
terms_abstract_tfidf__dysregulation,0.040437464
LDA400_abstract_weight__395_hr_physiological_hypothalamus,0.0403907
terms_abstract_tfidf__personality traits,0.040351983
terms_abstract_tfidf__cause,0.0402603
terms_abstract_tfidf__middle inferior,0.04025556
terms_abstract_tfidf__vary,0.04022177
terms_abstract_tfidf__neurocognitive,0.040157314
terms_abstract_tfidf__mean age,0.040154908
LDA100_abstract_weight__58_personality_trait_traits,0.04008717
LDA400_abstract_weight__253_age_development_adolescence,0.040031802
terms_abstract_tfidf__disease pd,0.040016055
terms_abstract_tfidf__disorder adhd,0.03998816
terms_abstract_tfidf__supplementary,0.039917674
LDA400_abstract_weight__65_pfc_prefrontal_cortex,0.039841685
terms_abstract_tfidf__initiation,0.0397587
terms_abstract_tfidf__improvements,0.039718505
terms_abstract_tfidf__et,0.03967362
terms_abstract_tfidf__verb,0.039629027
terms_abstract_tfidf__time task,0.039628025
terms_abstract_tfidf__healthy volunteers,0.039618973
terms_abstract_tfidf__voluntary,0.039616883
terms_abstract_tfidf__42,0.039545983
LDA400_abstract_weight__75_motor_cortex_supplementary,0.039511286
terms_abstract_tfidf__task performance,0.039383456
terms_abstract_tfidf__occurring,0.03936754
terms_abstract_tfidf__exhibited greater,0.039316997
LDA400_abstract_weight__373_manipulation_magnitude_simple,0.039272312
LDA200_abstract_weight__41_mi_md_rs,0.039255243
terms_abstract_tfidf__choices,0.03921153
terms_abstract_tfidf__responsiveness,0.039043527
LDA100_abstract_weight__23_semantic_words_word,0.039011505
terms_abstract_tfidf__correspond,0.039000347
terms_abstract_tfidf__correctly,0.038973622
LDA400_abstract_weight__333_incongruent_congruent_congruency,0.038960252
terms_abstract_tfidf__inverse,0.038925722
terms_abstract_tfidf__site,0.038865756
terms_abstract_tfidf__taken suggest,0.03879196
LDA200_abstract_weight__181_creative_creativity_generation,0.038786482
terms_abstract_tfidf__reasoning,0.038756814
terms_abstract_tfidf__contrary,0.03874231
terms_abstract_tfidf__alter,0.038497545
terms_abstract_tfidf__individual variability,0.03847352
terms_abstract_tfidf__functional role,0.03835068
terms_abstract_tfidf__agreement,0.038327694
terms_abstract_tfidf__sulcus,0.038304817
terms_abstract_tfidf__weeks,0.038231384
terms_abstract_tfidf__benefits,0.0381633
terms_abstract_tfidf__turn,0.038099635
LDA200_abstract_weight__170_noise_scanner_epi,0.037990727
terms_abstract_tfidf__cognitive performance,0.037883528
terms_abstract_tfidf__calculated,0.03786689
terms_abstract_tfidf__accounted,0.037852205
LDA400_abstract_weight__356_semantic_word_temporal,0.03780489
terms_abstract_tfidf__attend,0.037777923
terms_abstract_tfidf__detected,0.037724994
terms_abstract_tfidf__profile,0.03771123
terms_abstract_tfidf__schizophrenia,0.037665773
terms_abstract_tfidf__control processes,0.037599303
terms_abstract_tfidf__tendency,0.037594058
terms_abstract_tfidf__months,0.037572715
terms_abstract_tfidf__attention deficit,0.03751938
terms_abstract_tfidf__preceded,0.037483584
terms_abstract_tfidf__developing,0.037479054
terms_abstract_tfidf__sequential,0.037372064
terms_abstract_tfidf__lexical decision,0.03736671
terms_abstract_tfidf__component,0.03734458
terms_abstract_tfidf__index,0.03733986
terms_abstract_tfidf__receptor,0.037270527
terms_abstract_tfidf__motivational,0.03721053
terms_abstract_tfidf__functional magnetic,0.037095282
LDA200_abstract_weight__92_executive_control_functions,0.037086554
terms_abstract_tfidf__congruent,0.037084468
terms_abstract_tfidf__refers,0.037066896
LDA200_abstract_weight__128_prediction_error_outcome,0.036976837
LDA100_abstract_weight__68_motor_movement_cortex,0.036898438
terms_abstract_tfidf__serial,0.036890056
terms_abstract_tfidf__20,0.03686443
terms_abstract_tfidf__intervals,0.036850117
terms_abstract_tfidf__nuclei,0.03683767
terms_abstract_tfidf__increasingly,0.03679292
terms_abstract_tfidf__somatosensory cortices,0.03677331
terms_abstract_tfidf__gyrus inferior,0.03674715
terms_abstract_tfidf__quality,0.036688827
terms_abstract_tfidf__sensations,0.036680143
terms_abstract_tfidf__modified,0.03663142
terms_abstract_tfidf__generation,0.03658455
terms_abstract_tfidf__years,0.03648028
terms_abstract_tfidf__shared,0.036442798
terms_abstract_tfidf__isolated,0.036392346
terms_abstract_tfidf__audiovisual,0.036377545
terms_abstract_tfidf__evaluations,0.03633638
terms_abstract_tfidf__medial lateral,0.03632249
LDA400_abstract_weight__320_organization_hierarchical_organized,0.03629099
terms_abstract_tfidf__31,0.036288824
terms_abstract_tfidf__efficacy,0.03628463
LDA100_abstract_weight__36_task_difficulty_demands,0.036243856
terms_abstract_tfidf__cortex thalamus,0.036234576
terms_abstract_tfidf__mpfc,0.036212474
terms_abstract_tfidf__motor response,0.03618424
LDA50_abstract_weight__3_cortex_anterior_cingulate,0.036147144
terms_abstract_tfidf__bands,0.03613452
terms_abstract_tfidf__segregated,0.03610634
terms_abstract_tfidf__construction,0.036042143
terms_abstract_tfidf__cortex supplementary,0.03601479
terms_abstract_tfidf__hypothesized,0.03595545
LDA400_abstract_weight__339_rule_rules_abstraction,0.035932943
terms_abstract_tfidf__coherence,0.03591794
terms_abstract_tfidf__shorter,0.035890166
terms_abstract_tfidf__personal,0.035872895
LDA400_abstract_weight__331_reasoning_hearing_deaf,0.035824988
terms_abstract_tfidf__motor cortex,0.035817508
terms_abstract_tfidf__patient groups,0.035807632
terms_abstract_tfidf__temporal cortices,0.035798036
terms_abstract_tfidf__solving,0.035774846
terms_abstract_tfidf__phenomena,0.035759974
LDA100_abstract_weight__78_frequency_hz_power,0.035739824
terms_abstract_tfidf__motor,0.03573653
terms_abstract_tfidf__relationships,0.035727676
terms_abstract_tfidf__vivo,0.035718575
terms_abstract_tfidf__correlation analyses,0.035702847
terms_abstract_tfidf__declines,0.035668116
terms_abstract_tfidf__rostral,0.03542296
terms_abstract_tfidf__biomarkers,0.03540938
terms_abstract_tfidf__behavior,0.03527318
terms_abstract_tfidf__implicated,0.035241738
LDA400_abstract_weight__386_thalamic_thalamus_pulvinar,0.035117757
terms_abstract_tfidf__circuits,0.035070356
terms_abstract_tfidf__provides,0.034968622
LDA400_abstract_weight__236_social_cognition_interactions,0.034943473
terms_abstract_tfidf__aging,0.034868628
terms_abstract_tfidf__segregation,0.03469164
terms_abstract_tfidf__experiment,0.034630254
LDA50_abstract_weight__23_asd_autism_group,0.03460519
terms_abstract_tfidf__updating,0.03448863
LDA400_abstract_weight__222_interference_stroop_control,0.034482736
terms_abstract_tfidf__sixteen,0.034470566
terms_abstract_tfidf__nerve,0.034450743
terms_abstract_tfidf__challenge,0.03445014
terms_abstract_tfidf__traditionally,0.03440715
LDA400_abstract_weight__248_detection_novelty_oddball,0.0341277
terms_abstract_tfidf__stable,0.03408658
terms_abstract_tfidf__instead,0.03403025
LDA400_abstract_weight__126_stimulation_somatosensory_representation,0.034022994
terms_abstract_tfidf__class,0.03396334
terms_abstract_tfidf__led,0.033938155
terms_abstract_tfidf__cortex cerebellum,0.033814356
terms_abstract_tfidf__situation,0.033747137
terms_abstract_tfidf__23,0.033706192
terms_abstract_tfidf__evidence suggests,0.03365958
terms_abstract_tfidf__events,0.033596564
terms_abstract_tfidf__dissociation,0.03358586
terms_abstract_tfidf__factorial,0.033561278
terms_abstract_tfidf__dissociated,0.033559654
terms_abstract_tfidf__therapeutic,0.03352275
terms_abstract_tfidf__emerged,0.033375144
LDA400_abstract_weight__127_patterns_properties_strongly,0.033354893
LDA400_abstract_weight__25_approach_method_techniques,0.033339165
terms_abstract_tfidf__neocortical,0.033149417
terms_abstract_tfidf__subcortical structures,0.033146504
terms_abstract_tfidf__remain,0.033122174
terms_abstract_tfidf__better understanding,0.03311029
LDA400_abstract_weight__36_frequency_hz_slow,0.03301993
LDA50_abstract_weight__26_emotional_amygdala_negative,0.033008795
LDA200_abstract_weight__27_response_time_reaction,0.03300434
terms_abstract_tfidf__extract,0.032998778
terms_abstract_tfidf__acquired,0.032988366
terms_abstract_tfidf__improvement,0.032948468
terms_abstract_tfidf__bold,0.03284435
terms_abstract_tfidf__physical,0.032835934
terms_abstract_tfidf__differing,0.032821383
terms_abstract_tfidf__stroke,0.03275324
terms_abstract_tfidf__congruent incongruent,0.03270227
LDA400_abstract_weight__314_people_person_situation,0.032690447
terms_abstract_tfidf__large sample,0.032626744
LDA200_abstract_weight__0_symptoms_severity_symptom,0.032473616
terms_abstract_tfidf__control group,0.032454897
terms_abstract_tfidf__incorrect,0.032430373
terms_abstract_tfidf__attending,0.032417204
terms_abstract_tfidf__18 healthy,0.03239518
terms_abstract_tfidf__previous work,0.032345593
terms_abstract_tfidf__ba,0.032327168
terms_abstract_tfidf__executive function,0.032316893
terms_abstract_tfidf__enhancing,0.03222468
terms_abstract_tfidf__techniques,0.032150988
terms_abstract_tfidf__longer,0.03213229
terms_abstract_tfidf__fronto parietal,0.032119915
terms_abstract_tfidf__high level,0.03211779
terms_abstract_tfidf__respective,0.03204839
terms_abstract_tfidf__behaviorally,0.03197279
LDA400_abstract_weight__29_response_hemodynamic_time,0.03195926
terms_abstract_tfidf__manipulated,0.031950843
terms_abstract_tfidf__change,0.031923015
terms_abstract_tfidf__large,0.03183836
terms_abstract_tfidf__involve,0.03164135
terms_abstract_tfidf__risk taking,0.03163217
terms_abstract_tfidf__skin,0.03160588
terms_abstract_tfidf__completed,0.0314725
terms_abstract_tfidf__achieve,0.031341467
terms_abstract_tfidf__subject,0.031231547
terms_abstract_tfidf__decline,0.031198215
LDA200_abstract_weight__71_interaction_modulation_influence,0.031192191
terms_abstract_tfidf__separable,0.030972674
terms_abstract_tfidf__selectively,0.030963894
terms_abstract_tfidf__seeking,0.030928321
terms_abstract_tfidf__event,0.030926082
terms_abstract_tfidf__normal controls,0.0308705
terms_abstract_tfidf__varying,0.030838609
terms_abstract_tfidf__volunteers,0.030794233
LDA200_abstract_weight__122_magnetic_order_resonance,0.03069709
terms_abstract_tfidf__task involving,0.0306792
terms_abstract_tfidf__weaker,0.030548397
terms_abstract_tfidf__studied,0.030494316
terms_abstract_tfidf__systematic,0.030456034
terms_abstract_tfidf__cortex anterior,0.030425189
terms_abstract_tfidf__group comparisons,0.030385468
terms_abstract_tfidf__reorganization,0.030372107
terms_abstract_tfidf__sustained attention,0.030283757
LDA50_abstract_weight__39_stimulation_tms_bpd,0.03009281
terms_abstract_tfidf__remaining,0.029985141
terms_abstract_tfidf__stimulus driven,0.029952519
terms_abstract_tfidf__males,0.029842857
terms_abstract_tfidf__expected,0.029817982
terms_abstract_tfidf__regulatory,0.029774731
terms_abstract_tfidf__conflicting,0.029678388
terms_abstract_tfidf__operations,0.029671926
terms_abstract_tfidf__bipolar disorder,0.029625243
terms_abstract_tfidf__univariate,0.029557336
terms_abstract_tfidf__healthy handed,0.02951275
terms_abstract_tfidf__measures,0.029377528
terms_abstract_tfidf__postcentral,0.02937104
LDA400_abstract_weight__49_pmc_cord_sci,0.029351171
terms_abstract_tfidf__execution,0.029347476
terms_abstract_tfidf__gyrus insula,0.02931849
terms_abstract_tfidf__schizophrenic,0.02930182
terms_abstract_tfidf__persistent,0.029298348
terms_abstract_tfidf__placebo controlled,0.02926146
LDA400_abstract_weight__352_linear_relationship_model,0.029226586
terms_abstract_tfidf__autobiographical,0.029147731
terms_abstract_tfidf__increasing,0.029140895
terms_abstract_tfidf__depending,0.02912362
terms_abstract_tfidf__comparing,0.029016871
terms_abstract_tfidf__adults,0.0290155
terms_abstract_tfidf__emotions,0.029001158
terms_abstract_tfidf__emotional valence,0.02898275
terms_abstract_tfidf__parietal cortex,0.028971376
terms_abstract_tfidf__common,0.028911809
terms_abstract_tfidf__daily,0.02887669
terms_abstract_tfidf__posterior,0.028835211
terms_abstract_tfidf__emotion regulation,0.02882763
terms_abstract_tfidf__alternating,0.028802998
terms_abstract_tfidf__feelings,0.02854872
terms_abstract_tfidf__exert,0.028546093
LDA400_abstract_weight__305_updating_cold_endogenous,0.028522206
terms_abstract_tfidf__rapidly,0.02846467
terms_abstract_tfidf__secondary,0.02841916
terms_abstract_tfidf__calculation,0.028391626
terms_abstract_tfidf__deficit hyperactivity,0.028364578
terms_abstract_tfidf__min,0.028313732
terms_abstract_tfidf__simple,0.028268911
LDA400_abstract_weight__96_alexithymia_tas_ks,0.02825853
terms_abstract_tfidf__social interactions,0.028252032
terms_abstract_tfidf__detection,0.02822893
terms_abstract_tfidf__involvement,0.028142434
LDA400_abstract_weight__237_medial_prefrontal_cortex,0.028109765
terms_abstract_tfidf__atypical,0.028025115
terms_abstract_tfidf__rewards,0.02796519
terms_abstract_tfidf__distraction,0.027945686
LDA400_abstract_weight__205_task_performance_rest,0.027890287
terms_abstract_tfidf__task using,0.027833473
terms_abstract_tfidf__estimation,0.027792543
LDA400_abstract_weight__358_autobiographical_memories_memory,0.027765583
terms_abstract_tfidf__cortical networks,0.02773939
terms_abstract_tfidf__simultaneous eeg,0.027709777
terms_abstract_tfidf__hyperactivity disorder,0.027677093
LDA100_abstract_weight__34_hemisphere_hemispheric_lateralization,0.027640263
LDA400_abstract_weight__369_fitness_heuristic_pbd,0.02758414
terms_abstract_tfidf__interpreted,0.027581705
terms_abstract_tfidf__substantia,0.02755589
terms_abstract_tfidf__contents,0.027502822
terms_abstract_tfidf__sensation,0.027365122
terms_abstract_tfidf__pure,0.0273194
terms_abstract_tfidf__level signal,0.027269369
terms_abstract_tfidf__connectivity using,0.02724707
LDA200_abstract_weight__162_words_word_lexical,0.027219454
terms_abstract_tfidf__sought,0.027218644
terms_abstract_tfidf__medial frontal,0.027159171
terms_abstract_tfidf__traits,0.027122725
terms_abstract_tfidf__et al,0.027062329
terms_abstract_tfidf__putamen,0.026990384
terms_abstract_tfidf__impairment,0.026923278
LDA100_abstract_weight__65_task_switching_rule,0.026876366
LDA200_abstract_weight__91_movement_motor_movements,0.026872091
terms_abstract_tfidf__dorsal medial,0.026867287
terms_abstract_tfidf__49,0.026813094
terms_abstract_tfidf__possibility,0.026808882
terms_abstract_tfidf__word,0.026783347
terms_abstract_tfidf__stroop,0.026711842
terms_abstract_tfidf__unpleasant,0.026688065
terms_abstract_tfidf__native,0.026686033
terms_abstract_tfidf__determine,0.026647888
terms_abstract_tfidf__matter gm,0.02662129
terms_abstract_tfidf__analyzed using,0.0265748
terms_abstract_tfidf__consumption,0.026509268
terms_abstract_tfidf__subserving,0.026505422
LDA400_abstract_weight__274_naming_production_overt,0.026504662
terms_abstract_tfidf__particular,0.026443407
terms_abstract_tfidf__profiles,0.026441773
terms_abstract_tfidf__distinction,0.026423516
terms_abstract_tfidf__methodological,0.026343558
terms_abstract_tfidf__explore,0.026327169
LDA50_abstract_weight__7_reward_feedback_striatum,0.026312865
terms_abstract_tfidf__produce,0.026290046
LDA400_abstract_weight__251_likelihood_consistency_estimation,0.026202422
terms_abstract_tfidf__epilepsy,0.026190532
LDA200_abstract_weight__77_mpfc_cortex_prefrontal,0.026177904
terms_abstract_tfidf__pole,0.026032256
terms_abstract_tfidf__al,0.026007382
LDA400_abstract_weight__7_passive_viewing_listening,0.025855519
terms_abstract_tfidf__responding,0.025850952
terms_abstract_tfidf__continuously,0.025828583
terms_abstract_tfidf__disrupted,0.025750758
terms_abstract_tfidf__recruitment,0.025743589
terms_abstract_tfidf__equal,0.025684007
terms_abstract_tfidf__default network,0.025590627
terms_abstract_tfidf__adapted,0.025583418
terms_abstract_tfidf__dysfunctional,0.025568618
terms_abstract_tfidf__positive correlation,0.025560783
terms_abstract_tfidf__principal,0.025511194
terms_abstract_tfidf__main effect,0.025475828
terms_abstract_tfidf__network dmn,0.025415411
terms_abstract_tfidf__suppressed,0.02538604
LDA200_abstract_weight__175_dopamine_dopaminergic_striatum,0.025282228
LDA400_abstract_weight__30_cbf_asl_epi,0.025224086
terms_abstract_tfidf__articulatory,0.025220824
LDA200_abstract_weight__137_regulation_emotion_reappraisal,0.02522075
terms_abstract_tfidf__secondary somatosensory,0.025147012
terms_abstract_tfidf__mg,0.025105802
terms_abstract_tfidf__reaction,0.02509628
terms_abstract_tfidf__risky,0.02508517
terms_abstract_tfidf__gm,0.02486697
terms_abstract_tfidf__variant,0.02486229
terms_abstract_tfidf__distress,0.024830703
terms_abstract_tfidf__olfactory,0.02483061
terms_abstract_tfidf__self referential,0.024810135
terms_abstract_tfidf__gestures,0.024795773
terms_abstract_tfidf__affective,0.024721298
terms_abstract_tfidf__contributions,0.024656536
LDA200_abstract_weight__148_approach_paradigm_free,0.024522183
terms_abstract_tfidf__t1,0.024468184
terms_abstract_tfidf__cerebellum,0.02446259
terms_abstract_tfidf__participated,0.024454007
terms_abstract_tfidf__mediate,0.024361148
terms_abstract_tfidf__healthy,0.024326166
terms_abstract_tfidf__11,0.024315896
terms_abstract_tfidf__feeling,0.02430223
terms_abstract_tfidf__partner,0.024293363
terms_abstract_tfidf__clear,0.024282794
terms_abstract_tfidf__exist,0.024263382
terms_abstract_tfidf__striatum,0.024226762
terms_abstract_tfidf__echo,0.024185851
LDA400_abstract_weight__19_mechanisms_underlying_unknown,0.024160845
terms_abstract_tfidf__adulthood,0.024102844
terms_abstract_tfidf__extending,0.024064092
terms_abstract_tfidf__better,0.024022574
LDA400_abstract_weight__173_network_default_dmn,0.024018163
LDA400_abstract_weight__270_force_motor_grip,0.023937745
terms_abstract_tfidf__showing,0.023883153
terms_abstract_tfidf__students,0.023863085
LDA400_abstract_weight__206_apoe_epsilon_risk,0.023757115
terms_abstract_tfidf__dysfunction,0.02373787
LDA400_abstract_weight__109_tle_surgical_sm,0.023727205
terms_abstract_tfidf__computation,0.023710914
terms_abstract_tfidf__demonstrated,0.023695087
terms_abstract_tfidf__depends,0.023521582
terms_abstract_tfidf__key,0.023500733
terms_abstract_tfidf__active,0.023461826
terms_abstract_tfidf__vbm,0.023425011
LDA200_abstract_weight__38_adults_age_older,0.023407847
terms_abstract_tfidf__make,0.023395676
terms_abstract_tfidf__stroop task,0.023318788
terms_abstract_tfidf__modeling,0.023289554
LDA400_abstract_weight__93_speed_separation_mph,0.023287756
LDA400_abstract_weight__99_delay_delayed_discounting,0.023219166
terms_abstract_tfidf__natural,0.023069074
terms_abstract_tfidf__level bold,0.02293351
terms_abstract_tfidf__vulnerability,0.022844397
terms_abstract_tfidf__preserved,0.022819478
terms_abstract_tfidf__delivered,0.022785842
terms_abstract_tfidf__languages,0.022735912
terms_abstract_tfidf__number,0.02271975
terms_abstract_tfidf__prefrontal cortical,0.022674508
terms_abstract_tfidf__recognition task,0.022612914
terms_abstract_tfidf__primary somatosensory,0.02256594
LDA400_abstract_weight__106_subgroups_severe_mild,0.02255059
terms_abstract_tfidf__target detection,0.022526084
terms_abstract_tfidf__cortex suggest,0.022378497
terms_abstract_tfidf__elucidate,0.022371273
terms_abstract_tfidf__actively,0.022370577
terms_abstract_tfidf__choice,0.022271127
LDA400_abstract_weight__387_trial_single_task,0.022266941
terms_abstract_tfidf__taking,0.022251178
terms_abstract_tfidf__observations,0.02217607
LDA400_abstract_weight__392_reading_phonological_dyslexia,0.022149721
LDA200_abstract_weight__30_events_future_personal,0.022149498
terms_abstract_tfidf__evidence,0.02212219
LDA400_abstract_weight__247_treatment_baseline_follow,0.022088444
terms_abstract_tfidf__cingulate cortices,0.022082293
terms_abstract_tfidf__maximal,0.022030152
terms_abstract_tfidf__task conditions,0.02202911
terms_abstract_tfidf__bold signal,0.0219668
terms_abstract_tfidf__cortex ba,0.021941006
terms_abstract_tfidf__neurodegenerative,0.021910306
LDA200_abstract_weight__124_post_pre_roi,0.021894768
terms_abstract_tfidf__rewarding,0.021890774
terms_abstract_tfidf__experimentally,0.021879107
terms_abstract_tfidf__dysfunctions,0.021869613
terms_abstract_tfidf__parietal,0.02180527
LDA400_abstract_weight__261_risk_genetic_relatives,0.021804264
terms_abstract_tfidf__organization,0.021801665
terms_abstract_tfidf__duration,0.021798171
terms_abstract_tfidf__dorsal premotor,0.02177475
terms_abstract_tfidf__structure function,0.021774633
terms_abstract_tfidf__referential,0.02175328
terms_abstract_tfidf__followed,0.021725075
terms_abstract_tfidf__lobule,0.021719154
terms_abstract_tfidf__conclusion,0.021710718
terms_abstract_tfidf__enhances,0.021705953
terms_abstract_tfidf__characteristics,0.021649988
terms_abstract_tfidf__adult,0.02164928
terms_abstract_tfidf__additional,0.02161539
terms_abstract_tfidf__allowed,0.021517044
terms_abstract_tfidf__isolate,0.021487473
LDA400_abstract_weight__322_task_difficulty_demands,0.021477696
terms_abstract_tfidf__years old,0.02139463
terms_abstract_tfidf__laboratory,0.021384712
terms_abstract_tfidf__causal modeling,0.021266712
terms_abstract_tfidf__probe,0.021246994
terms_abstract_tfidf__finger movements,0.02118382
terms_abstract_tfidf__autism,0.021144945
terms_abstract_tfidf__intensity,0.021139335
terms_abstract_tfidf__prospective,0.021096447
terms_abstract_tfidf__judgment task,0.02108148
LDA200_abstract_weight__109_measures_size_level,0.021071123
LDA400_abstract_weight__86_number_numerical_numbers,0.021000328
terms_abstract_tfidf__issue,0.02098755
terms_abstract_tfidf__discrimination,0.020945579
terms_abstract_tfidf__capacity,0.020881759
terms_abstract_tfidf__inference,0.02087536
LDA200_abstract_weight__140_epilepsy_temporal_lobe,0.020856524
terms_abstract_tfidf__cued,0.020836761
terms_abstract_tfidf__uses,0.02081178
terms_abstract_tfidf__somatosensory cortex,0.020780109
terms_abstract_tfidf__anterior,0.020775123
terms_abstract_tfidf__morphology,0.02077067
LDA400_abstract_weight__91_age_years_group,0.020745607
terms_abstract_tfidf__double,0.020650074
terms_abstract_tfidf__lateral medial,0.020640114
terms_abstract_tfidf__pd,0.020638693
terms_abstract_tfidf__100,0.020617377
terms_abstract_tfidf__linking,0.02059898
terms_abstract_tfidf__powerful,0.020587994
terms_abstract_tfidf__respectively,0.020530088
terms_abstract_tfidf__contrasted,0.020512406
terms_abstract_tfidf__response time,0.02050346
terms_abstract_tfidf__prediction error,0.020492675
terms_abstract_tfidf__reflects,0.020446122
LDA400_abstract_weight__336_personality_traits_trait,0.020443117
terms_abstract_tfidf__presentation,0.02034187
terms_abstract_tfidf__similarly,0.020330908
terms_abstract_tfidf__competition,0.020307198
terms_abstract_tfidf__motor responses,0.020297667
terms_abstract_tfidf__paralimbic,0.020281794
terms_abstract_tfidf__regulate,0.020262316
terms_abstract_tfidf__anterior medial,0.020089012
terms_abstract_tfidf__promising,0.020033322
terms_abstract_tfidf__loss,0.01991578
terms_abstract_tfidf__outside,0.0198961
terms_abstract_tfidf__predictors,0.01986709
terms_abstract_tfidf__classified,0.019823592
terms_abstract_tfidf__substantial,0.019745255
terms_abstract_tfidf__temporal cortex,0.019685315
terms_abstract_tfidf__constraints,0.019637497
LDA100_abstract_weight__61_caudate_ofc_thalamus,0.0195919
terms_abstract_tfidf__code,0.019570334
terms_abstract_tfidf__storage,0.019569516
terms_abstract_tfidf__occurred,0.019552832
terms_abstract_tfidf__excessive,0.01953432
terms_abstract_tfidf__tract,0.019521378
terms_abstract_tfidf__dmn,0.019502092
terms_abstract_tfidf__failed,0.019487115
terms_abstract_tfidf__new,0.01941801
terms_abstract_tfidf__weak,0.019411132
terms_abstract_tfidf__serotonin,0.019397246
terms_abstract_tfidf__differently,0.019325854
LDA50_abstract_weight__35_schizophrenia_risk_genetic,0.019260513
terms_abstract_tfidf__carriers,0.01920798
terms_abstract_tfidf__competing,0.019167757
terms_abstract_tfidf__integrity,0.019135183
LDA200_abstract_weight__196_personality_trait_scores,0.019132663
terms_abstract_tfidf__morphometry vbm,0.019128758
LDA400_abstract_weight__265_magnetic_resonance_level,0.018911047
LDA100_abstract_weight__48_learning_training_sequence,0.018905424
terms_abstract_tfidf__real time,0.018823614
LDA400_abstract_weight__348_facial_emotion_expressions,0.018810483
terms_abstract_tfidf__contributed,0.018781174
terms_abstract_tfidf__48,0.018728344
terms_abstract_tfidf__rois,0.018707613
LDA400_abstract_weight__344_disease_atrophy_dementia,0.018703463
terms_abstract_tfidf__task induced,0.01868983
LDA400_abstract_weight__54_awareness_conscious_consciousness,0.018675705
terms_abstract_tfidf__perform,0.018651078
terms_abstract_tfidf__emerge,0.018619737
LDA400_abstract_weight__362_schizophrenia_abnormalities_symptoms,0.018603247
LDA400_abstract_weight__298_asd_autism_spectrum,0.018589363
terms_abstract_tfidf__response times,0.018555
terms_abstract_tfidf__brodmann ba,0.01854524
terms_abstract_tfidf__sad,0.018422898
terms_abstract_tfidf__voxel wise,0.018413806
terms_abstract_tfidf__samples,0.01830023
terms_abstract_tfidf__combined,0.018240515
terms_abstract_tfidf__gyrus superior,0.018140506
terms_abstract_tfidf__incentive delay,0.018093651
terms_abstract_tfidf__se,0.018091412
terms_abstract_tfidf__localized,0.017975867
terms_abstract_tfidf__superior frontal,0.017959762
terms_abstract_tfidf__lateral temporal,0.0179562
terms_abstract_tfidf__candidate,0.0179482
terms_abstract_tfidf__characterization,0.01784105
terms_abstract_tfidf__depended,0.017835112
LDA400_abstract_weight__286_competition_free_selection,0.017833414
terms_abstract_tfidf__generating,0.017700542
terms_abstract_tfidf__tissue,0.017686736
LDA400_abstract_weight__267_injury_tbi_traumatic,0.01760543
terms_abstract_tfidf__group level,0.0175704
terms_abstract_tfidf__levels,0.017534763
terms_abstract_tfidf__know,0.017506426
terms_abstract_tfidf__stages,0.01734922
terms_abstract_tfidf__potential,0.017331645
LDA400_abstract_weight__260_social_partner_interaction,0.017322512
terms_abstract_tfidf__determined,0.017283538
terms_abstract_tfidf__rules,0.017257378
terms_abstract_tfidf__autobiographical memory,0.017213268
terms_abstract_tfidf__map,0.017199172
terms_abstract_tfidf__memory,0.01718087
terms_abstract_tfidf__affected,0.017151985
terms_abstract_tfidf__lacking,0.01714177
terms_abstract_tfidf__tractography,0.017110243
terms_abstract_tfidf__independently,0.017105758
terms_abstract_tfidf__semantically,0.017094675
terms_abstract_tfidf__training,0.017090686
terms_abstract_tfidf__judgment,0.017026372
terms_abstract_tfidf__spatiotemporal,0.016996784
terms_abstract_tfidf__caudate nucleus,0.016991673
terms_abstract_tfidf__resonance healthy,0.01697936
terms_abstract_tfidf__functionally connected,0.016894352
terms_abstract_tfidf__neurofunctional,0.016876698
terms_abstract_tfidf__administration,0.016867988
terms_abstract_tfidf__critically,0.016834196
terms_abstract_tfidf__postcentral gyrus,0.016825361
terms_abstract_tfidf__functional organization,0.01678265
terms_abstract_tfidf__brains,0.016615767
terms_abstract_tfidf__anterior posterior,0.016613891
terms_abstract_tfidf__likelihood,0.016606668
terms_abstract_tfidf__suggest functional,0.01647522
terms_abstract_tfidf__daily life,0.016407758
terms_abstract_tfidf__brodmann,0.016385255
terms_abstract_tfidf__parkinson disease,0.016378446
terms_abstract_tfidf__true,0.016330786
terms_abstract_tfidf__average,0.01632031
LDA400_abstract_weight__315_status_engaged_thought,0.016308386
terms_abstract_tfidf__series,0.016257985
LDA400_abstract_weight__227_cortex_anterior_cingulate,0.015965044
LDA100_abstract_weight__14_conflict_interference_control,0.015883395
terms_abstract_tfidf__activates,0.015873557
terms_abstract_tfidf__healthy human,0.015798483
terms_abstract_tfidf__electroencephalography eeg,0.015781293
LDA200_abstract_weight__83_posterior_anterior_cortex,0.015779456
LDA400_abstract_weight__210_control_inhibitory_attentional,0.015767785
terms_abstract_tfidf__default,0.015686218
terms_abstract_tfidf__overlap,0.015656637
terms_abstract_tfidf__phase,0.015645046
terms_abstract_tfidf__coding,0.015636493
terms_abstract_tfidf__stimuli presented,0.015630795
terms_abstract_tfidf__written,0.015566839
LDA200_abstract_weight__163_language_chinese_english,0.015530166
terms_abstract_tfidf__motor sma,0.015487698
terms_abstract_tfidf__spectrum,0.015433358
terms_abstract_tfidf__regulation,0.015417363
LDA400_abstract_weight__268_stimulation_somatosensory_contralateral,0.015387349
terms_abstract_tfidf__self reported,0.015330458
terms_abstract_tfidf__parkinson,0.015328037
terms_abstract_tfidf__everyday,0.015325334
terms_abstract_tfidf__self report,0.015296753
LDA400_abstract_weight__20_emotional_emotion_amygdala,0.015252073
terms_abstract_tfidf__numbers,0.015220568
terms_abstract_tfidf__mechanisms underlying,0.015195026
terms_abstract_tfidf__spin labeling,0.015065274
terms_abstract_tfidf__tested,0.015002902
terms_abstract_tfidf__foci,0.014961117
terms_abstract_tfidf__positive negative,0.014916775
terms_abstract_tfidf__principle,0.014868611
terms_abstract_tfidf__mirror,0.014837283
terms_abstract_tfidf__mode network,0.0146499565
terms_abstract_tfidf__band,0.014646526
terms_abstract_tfidf__technique,0.014628463
LDA50_abstract_weight__34_frequency_hz_ms,0.014582347
terms_abstract_tfidf__affecting,0.014548032
terms_abstract_tfidf__negative emotions,0.0145246
terms_abstract_tfidf__emerging,0.014519747
LDA400_abstract_weight__116_motor_cortex_sensorimotor,0.01446998
LDA400_abstract_weight__139_white_matter_tensor,0.014438985
terms_abstract_tfidf__diagnosis,0.014436778
terms_abstract_tfidf__integrated,0.014375591
terms_abstract_tfidf__healthy male,0.014368912
terms_abstract_tfidf__end,0.014366006
LDA200_abstract_weight__164_frequency_hz_power,0.014282152
terms_abstract_tfidf__dynamically,0.014187369
terms_abstract_tfidf__comprised,0.014117813
LDA100_abstract_weight__42_context_influence_modulation,0.014113439
terms_abstract_tfidf__psychopathology,0.014055971
LDA200_abstract_weight__194_network_default_dmn,0.013998669
LDA400_abstract_weight__195_alcohol_substance_impulsivity,0.01399725
terms_abstract_tfidf__consequently,0.013876096
terms_abstract_tfidf__people,0.01383067
LDA100_abstract_weight__96_patterns_cortex_common,0.013814747
terms_abstract_tfidf__elusive,0.013748504
terms_abstract_tfidf__connectivity networks,0.013700175
terms_abstract_tfidf__agent,0.013698024
terms_abstract_tfidf__shift,0.013631081
terms_abstract_tfidf__pet,0.013603618
terms_abstract_tfidf__gene,0.013491197
terms_abstract_tfidf__reflecting,0.0134516135
terms_abstract_tfidf__memory performance,0.013448441
LDA200_abstract_weight__150_reading_phonological_readers,0.013322135
terms_abstract_tfidf__ventral striatum,0.013265801
terms_abstract_tfidf__real world,0.013202612
LDA400_abstract_weight__56_cortex_prefrontal_orbitofrontal,0.013185211
LDA200_abstract_weight__130_risk_high_taking,0.013175208
terms_abstract_tfidf__gyri,0.013174043
terms_abstract_tfidf__poorly understood,0.013172437
terms_abstract_tfidf__basic,0.013165426
terms_abstract_tfidf__mean,0.013147649
terms_abstract_tfidf__unimodal,0.013108067
terms_abstract_tfidf__progressive,0.013066231
terms_abstract_tfidf__consistency,0.013050272
terms_abstract_tfidf__formed,0.013039094
terms_abstract_tfidf__overcome,0.013032626
terms_abstract_tfidf__reported,0.013026915
terms_abstract_tfidf__nucleus,0.01297952
terms_abstract_tfidf__disturbances,0.012945271
terms_abstract_tfidf__39,0.012846784
terms_abstract_tfidf__parietal cortices,0.012844852
terms_abstract_tfidf__punishment,0.012795413
terms_abstract_tfidf__amygdala anterior,0.012718857
terms_abstract_tfidf__mainly,0.012676075
terms_abstract_tfidf__mode,0.012641925
terms_abstract_tfidf__times,0.012639875
terms_abstract_tfidf__gyrus posterior,0.012625368
terms_abstract_tfidf__asd,0.01258819
terms_abstract_tfidf__poorly,0.012573076
terms_abstract_tfidf__cingulate,0.012546427
terms_abstract_tfidf__providing,0.012534721
LDA200_abstract_weight__13_fear_conditioning_extinction,0.012478827
terms_abstract_tfidf__default mode,0.012471548
terms_abstract_tfidf__concepts,0.012377363
LDA200_abstract_weight__50_alcohol_substance_history,0.01231686
terms_abstract_tfidf__cortex m1,0.012289282
terms_abstract_tfidf__evaluated,0.012269721
terms_abstract_tfidf__emotion,0.012247631
LDA400_abstract_weight__290_tinnitus_mindfulness_meditation,0.012236849
LDA50_abstract_weight__27_disorder_adhd_group,0.01223606
terms_abstract_tfidf__insular,0.012233431
terms_abstract_tfidf__disruption,0.0121583985
terms_abstract_tfidf__dorsal ventral,0.01215514
terms_abstract_tfidf__male,0.012132891
terms_abstract_tfidf__share,0.012115193
LDA200_abstract_weight__156_schizophrenia_group_psychosis,0.012038601
terms_abstract_tfidf__neurobiology,0.011940454
LDA400_abstract_weight__100_process_tracking_run,0.011889288
terms_abstract_tfidf__newly,0.011849342
terms_abstract_tfidf__obtained,0.011847803
terms_abstract_tfidf__served,0.011808739
terms_abstract_tfidf__amygdala response,0.011794049
terms_abstract_tfidf__repeatedly,0.011759359
terms_abstract_tfidf__history,0.011585977
LDA100_abstract_weight__59_cerebellar_cerebellum_timing,0.011578717
terms_abstract_tfidf__retention,0.011546233
LDA100_abstract_weight__33_reward_striatum_ventral,0.011406301
terms_abstract_tfidf__researchers,0.011330857
LDA400_abstract_weight__22_thalamus_insula_putamen,0.0113058165
terms_abstract_tfidf__recollection,0.011286702
terms_abstract_tfidf__evoke,0.011283429
LDA200_abstract_weight__160_bias_biases_spd,0.011274755
terms_abstract_tfidf__driven,0.011230138
LDA200_abstract_weight__63_nucleus_caudate_accumbens,0.011207706
LDA400_abstract_weight__104_trials_trial_response,0.011199871
terms_abstract_tfidf__input,0.011197201
terms_abstract_tfidf__adjacent,0.011194882
LDA400_abstract_weight__391_higher_level_lower,0.011076455
terms_abstract_tfidf__perceive,0.011066155
terms_abstract_tfidf__irrespective,0.011064957
LDA200_abstract_weight__112_context_empathy_contextual,0.011061804
terms_abstract_tfidf__choose,0.011055141
terms_abstract_tfidf__onset,0.011046209
LDA200_abstract_weight__94_allele_genetic_genotype,0.011045693
terms_abstract_tfidf__ongoing,0.010877153
terms_abstract_tfidf__sensorimotor,0.010845975
terms_abstract_tfidf__interact,0.010800167
terms_abstract_tfidf__switching,0.01079002
LDA400_abstract_weight__382_influence_cortex_influences,0.010763907
terms_abstract_tfidf__employing,0.010758749
terms_abstract_tfidf__discussion,0.010747219
terms_abstract_tfidf__gap,0.01072826
terms_abstract_tfidf__presumably,0.010718078
terms_abstract_tfidf__compare,0.010714718
terms_abstract_tfidf__argue,0.010710774
LDA400_abstract_weight__60_rate_heart_cardiovascular,0.010697588
LDA200_abstract_weight__78_stress_ms_cortisol,0.010689322
terms_abstract_tfidf__percept,0.010633222
terms_abstract_tfidf__everyday life,0.010492914
LDA400_abstract_weight__355_hallucinations_auditory_avh,0.01048545
terms_abstract_tfidf__advances,0.010463959
terms_abstract_tfidf__atrophy,0.010444294
terms_abstract_tfidf__ipsilateral,0.010426309
terms_abstract_tfidf__correlations,0.010396751
terms_abstract_tfidf__twice,0.010376478
LDA400_abstract_weight__5_judgments_judgment_judged,0.010359273
terms_abstract_tfidf__introduction,0.010281255
terms_abstract_tfidf__sex,0.010276761
terms_abstract_tfidf__word pairs,0.010263346
terms_abstract_tfidf__nociceptive,0.010224486
terms_abstract_tfidf__reversal,0.01022227
terms_abstract_tfidf__primary,0.010027898
terms_abstract_tfidf__gm volume,0.010023736
terms_abstract_tfidf__single subject,0.009984286
terms_abstract_tfidf__gambling,0.009957366
terms_abstract_tfidf__magnetoencephalography,0.009840648
terms_abstract_tfidf__relied,0.009650387
terms_abstract_tfidf__stimulation,0.009648528
terms_abstract_tfidf__amygdala responses,0.009614455
terms_abstract_tfidf__words,0.009610002
terms_abstract_tfidf__midbrain,0.009543752
terms_abstract_tfidf__symptom,0.009542862
terms_abstract_tfidf__act,0.009496218
terms_abstract_tfidf__minimal,0.0094953645
terms_abstract_tfidf__electroencephalography,0.009398702
LDA400_abstract_weight__342_caudate_nucleus_accumbens,0.009372665
LDA400_abstract_weight__262_allele_genotype_met,0.00936424
LDA200_abstract_weight__139_faces_emotional_facial,0.009319347
terms_abstract_tfidf__characterized,0.009211775
terms_abstract_tfidf__polymorphism,0.009205856
LDA200_abstract_weight__37_long_term_short,0.009196786
terms_abstract_tfidf__accordingly,0.009095275
terms_abstract_tfidf__phenotype,0.009066301
terms_abstract_tfidf__worse,0.00902453
terms_abstract_tfidf__high risk,0.00900173
terms_abstract_tfidf__time,0.008975566
terms_abstract_tfidf__separation,0.008942646
terms_abstract_tfidf__negative correlation,0.008929783
terms_abstract_tfidf__consolidation,0.008900912
terms_abstract_tfidf__cortex vlpfc,0.008896659
terms_abstract_tfidf__conscious,0.008860826
terms_abstract_tfidf__nucleus accumbens,0.008857801
terms_abstract_tfidf__hub,0.008794626
terms_abstract_tfidf__motor performance,0.008771762
terms_abstract_tfidf__temporal lobe,0.0087453555
terms_abstract_tfidf__specifically,0.008681079
terms_abstract_tfidf__evident,0.008646965
terms_abstract_tfidf__posterior insula,0.008638751
terms_abstract_tfidf__sufficient,0.008618398
LDA400_abstract_weight__277_mirror_imitation_observation,0.0085922545
terms_abstract_tfidf__discrimination task,0.00857497
LDA400_abstract_weight__160_sustained_transient_onset,0.008554154
LDA200_abstract_weight__33_anterior_cingulate_insula,0.008553887
terms_abstract_tfidf__28,0.008454813
LDA400_abstract_weight__218_sz_vta_substantia,0.008453071
terms_abstract_tfidf__pathology,0.00843933
terms_abstract_tfidf__interpersonal,0.008433038
terms_abstract_tfidf__verbal fluency,0.008431574
terms_abstract_tfidf__surrounding,0.008313862
terms_abstract_tfidf__alternative,0.008301673
LDA400_abstract_weight__226_physical_itch_sc,0.008301664
terms_abstract_tfidf__negative affect,0.008277834
terms_abstract_tfidf__sensitivity,0.008266515
terms_abstract_tfidf__baseline,0.008240438
terms_abstract_tfidf__pathophysiology,0.008230394
LDA200_abstract_weight__197_reward_striatum_anticipation,0.008221667
terms_abstract_tfidf__preparatory,0.008209178
terms_abstract_tfidf__randomized,0.008183798
LDA50_abstract_weight__1_anxiety_trait_personality,0.008170954
terms_abstract_tfidf__button,0.008163649
terms_abstract_tfidf__exhibiting,0.008162927
terms_abstract_tfidf__tests,0.008120613
terms_abstract_tfidf__thirty,0.008109795
terms_abstract_tfidf__invasive,0.008036687
terms_abstract_tfidf__recovery,0.008016415
terms_abstract_tfidf__able,0.007986845
terms_abstract_tfidf__integrating,0.007986211
terms_abstract_tfidf__ii,0.007938585
terms_abstract_tfidf__sensory information,0.0078957975
terms_abstract_tfidf__fiber,0.007812503
terms_abstract_tfidf__scanned,0.007799327
terms_abstract_tfidf__subserved,0.007726589
terms_abstract_tfidf__trained,0.007660324
terms_abstract_tfidf__new insights,0.0075996895
terms_abstract_tfidf__node,0.0075703706
terms_abstract_tfidf__acc,0.0075583667
terms_abstract_tfidf__represent,0.007501085
terms_abstract_tfidf__issues,0.0074993623
terms_abstract_tfidf__head,0.0074917157
terms_abstract_tfidf__behavioural,0.0074474034
terms_abstract_tfidf__impulsivity,0.0073658885
terms_abstract_tfidf__dorsal anterior,0.007354335
terms_abstract_tfidf__determining,0.0073214294
terms_abstract_tfidf__behavioral responses,0.007310914
terms_abstract_tfidf__ambiguous,0.0072902045
LDA50_abstract_weight__30_decision_making_risk,0.007277507
terms_abstract_tfidf__cortex posterior,0.0072744964
LDA400_abstract_weight__184_association_relationship_relationships,0.0072673494
terms_abstract_tfidf__information,0.0072646006
terms_abstract_tfidf__automatically,0.007249543
terms_abstract_tfidf__disorder,0.0071936515
terms_abstract_tfidf__parallel,0.007143817
terms_abstract_tfidf__60,0.00713984
LDA400_abstract_weight__350_brainstem_pag_ac,0.0070202798
terms_abstract_tfidf__valence,0.0070067192
terms_abstract_tfidf__ventral anterior,0.007006207
terms_abstract_tfidf__block design,0.0069853505
terms_abstract_tfidf__spin,0.006906113
terms_abstract_tfidf__discuss,0.0068958476
terms_abstract_tfidf__extra,0.0068768575
terms_abstract_tfidf__balance,0.0068372665
terms_abstract_tfidf__deep,0.006786154
terms_abstract_tfidf__compatible,0.006697793
terms_abstract_tfidf__accumbens,0.0066920593
terms_abstract_tfidf__reinforcement learning,0.006667602
terms_abstract_tfidf__help,0.0066398378
terms_abstract_tfidf__cingulate cortex,0.0066263196
terms_abstract_tfidf__proper,0.006620909
terms_abstract_tfidf__optimized,0.006543244
LDA100_abstract_weight__91_amygdala_emotional_faces,0.0063903304
terms_abstract_tfidf__fluency,0.006374915
LDA400_abstract_weight__78_nc_abeta_amyloid,0.0063624326
terms_abstract_tfidf__children,0.006356274
terms_abstract_tfidf__tensor dti,0.0063499333
terms_abstract_tfidf__strongly,0.006320396
LDA400_abstract_weight__42_ibs_visceral_rectal,0.0062921313
terms_abstract_tfidf__frontal eye,0.006247272
terms_abstract_tfidf__intervention,0.006242773
terms_abstract_tfidf__received,0.0062306933
terms_abstract_tfidf__cortex dorsal,0.006150013
terms_abstract_tfidf__anterior cingulate,0.0061316546
terms_abstract_tfidf__young adults,0.00606585
LDA100_abstract_weight__22_sd_taste_reliability,0.006011946
terms_abstract_tfidf__sensory motor,0.0059885713
terms_abstract_tfidf__neurodevelopmental,0.0059726215
terms_abstract_tfidf__control conditions,0.0059594335
terms_abstract_tfidf__movement,0.0059414376
terms_abstract_tfidf__younger adults,0.005870547
terms_abstract_tfidf__designed,0.005835537
terms_abstract_tfidf__15 healthy,0.0058054794
terms_abstract_tfidf__alpha,0.0057879062
terms_abstract_tfidf__elicit,0.0057860655
LDA50_abstract_weight__14_disease_ad_pd,0.005761919
terms_abstract_tfidf__ocd,0.0057415515
LDA400_abstract_weight__295_previous_research_reported,0.0056906785
terms_abstract_tfidf__10,0.0056828996
terms_abstract_tfidf__dataset,0.0056485096
terms_abstract_tfidf__genes,0.0056016357
terms_abstract_tfidf__heterogeneity,0.0054980232
LDA400_abstract_weight__214_performance_task_improved,0.005425667
terms_abstract_tfidf__32,0.0053782654
terms_abstract_tfidf__parietal lobes,0.0053728996
terms_abstract_tfidf__interacts,0.0053608245
terms_abstract_tfidf__predicted,0.005263558
LDA400_abstract_weight__310_common_suggest_overlap,0.0051875017
terms_abstract_tfidf__concept,0.005144476
terms_abstract_tfidf__consequence,0.0051429356
LDA200_abstract_weight__176_met_val_comt,0.005142201
LDA100_abstract_weight__67_network_state_resting,0.0051004286
terms_abstract_tfidf__hyperactivity,0.0050434754
LDA200_abstract_weight__110_lesions_patient_lesion,0.0050005065
LDA200_abstract_weight__9_semantic_word_knowledge,0.00496001
terms_abstract_tfidf__somatosensory,0.004950306
terms_abstract_tfidf__retrieval,0.0049117045
terms_abstract_tfidf__sulci,0.0049054255
terms_abstract_tfidf__conflict,0.00488512
terms_abstract_tfidf__patterns,0.004854438
terms_abstract_tfidf__consecutive,0.0048266593
terms_abstract_tfidf__key role,0.004783167
terms_abstract_tfidf__referred,0.0047580996
terms_abstract_tfidf__psychosis,0.004699195
terms_abstract_tfidf__intelligence,0.0046529938
terms_abstract_tfidf__females,0.0046051503
terms_abstract_tfidf__provides evidence,0.004592572
terms_abstract_tfidf__typical,0.0044921143
terms_abstract_tfidf__underlying mechanisms,0.0043900628
LDA400_abstract_weight__255_action_actions_observation,0.004308361
terms_abstract_tfidf__identify,0.0042854035
terms_abstract_tfidf__rare,0.0042852135
terms_abstract_tfidf__anatomically,0.0042636553
terms_abstract_tfidf__played,0.004254509
terms_abstract_tfidf__01,0.0042318087
terms_abstract_tfidf__interpretation,0.0040429714
terms_abstract_tfidf__bilaterally,0.003999994
terms_abstract_tfidf__expressions,0.0039983033
terms_abstract_tfidf__pathological,0.0038548415
terms_abstract_tfidf__ba 44,0.0038516475
terms_abstract_tfidf__develop,0.0037907646
terms_abstract_tfidf__differ,0.0037689244
terms_abstract_tfidf__half,0.0037344557
terms_abstract_tfidf__granger,0.0037190304
LDA200_abstract_weight__12_adhd_disorder_attention,0.0036445688
LDA200_abstract_weight__32_children_age_adults,0.0036163256
terms_abstract_tfidf__attentional,0.0035690176
terms_abstract_tfidf__functional abnormalities,0.0035456338
terms_abstract_tfidf__t1 weighted,0.0035426982
terms_abstract_tfidf__known,0.003537999
LDA400_abstract_weight__62_familiar_unfamiliar_familiarity,0.0035037969
terms_abstract_tfidf__event potential,0.0033648026
terms_abstract_tfidf__blood,0.0033569296
terms_abstract_tfidf__abilities,0.0033214681
terms_abstract_tfidf__dti,0.003267178
terms_abstract_tfidf__uniquely,0.0031750887
terms_abstract_tfidf__3t,0.003166899
LDA200_abstract_weight__8_cues_cue_target,0.0031570357
terms_abstract_tfidf__parietal lobules,0.0030582973
terms_abstract_tfidf__accounts,0.003032652
terms_abstract_tfidf__stimulated,0.0030033689
LDA400_abstract_weight__271_expectancy_sensory_expectation,0.002963681
terms_abstract_tfidf__awareness,0.0029291073
terms_abstract_tfidf__locus,0.002920943
terms_abstract_tfidf__connection,0.0029148117
terms_abstract_tfidf__need,0.0028751206
terms_abstract_tfidf__treated,0.0028667988
terms_abstract_tfidf__abstract,0.0027922275
terms_abstract_tfidf__magnetic,0.0027324348
terms_abstract_tfidf__dependence,0.0025992757
terms_abstract_tfidf__practice,0.0025888174
terms_abstract_tfidf__poor,0.00255414
LDA100_abstract_weight__38_stroke_lesion_lesions,0.0024887607
terms_abstract_tfidf__drive,0.002426873
LDA400_abstract_weight__35_test_tests_cognitive,0.0023989475
terms_abstract_tfidf__emotional,0.002354071
terms_abstract_tfidf__cognitive impairment,0.0022632782
LDA200_abstract_weight__143_action_actions_observation,0.0022240714
LDA400_abstract_weight__309_ocd_disorder_compulsive,0.002177846
terms_abstract_tfidf__neuropsychiatric,0.0021460482
LDA400_abstract_weight__1_context_contextual_contexts,0.0021165384
terms_abstract_tfidf__35,0.0020577621
terms_abstract_tfidf__character,0.0020509602
terms_abstract_tfidf__serves,0.002003228
LDA200_abstract_weight__66_emotional_negative_amygdala,0.0019803126
LDA200_abstract_weight__4_cerebellar_cerebellum_lobule,0.0019611486
terms_abstract_tfidf__planning,0.0019118211
terms_abstract_tfidf__corresponded,0.0019094164
terms_abstract_tfidf__clarify,0.0018430966
terms_abstract_tfidf__bold signals,0.0018051316
LDA400_abstract_weight__338_reward_striatum_monetary,0.0017253706
terms_abstract_tfidf__interactions,0.0017160716
terms_abstract_tfidf__estimate,0.0017108427
terms_abstract_tfidf__concrete,0.0016191943
terms_abstract_tfidf__processed,0.001611465
LDA200_abstract_weight__177_mood_rumination_induction,0.0016070287
terms_abstract_tfidf__embedded,0.0015936039
terms_abstract_tfidf__negative correlations,0.0015593028
terms_abstract_tfidf__hemodynamic responses,0.0015552519
terms_abstract_tfidf__non,0.0015110334
LDA400_abstract_weight__144_decision_making_choice,0.0014651784
LDA400_abstract_weight__151_loss_gain_losses,0.0014131024
terms_abstract_tfidf__female,0.0013873182
terms_abstract_tfidf__roi,0.0013528962
LDA400_abstract_weight__182_early_stage_stages,0.0012053583
terms_abstract_tfidf__adolescence,0.00113182
LDA200_abstract_weight__136_white_matter_tensor,0.0011304271
terms_abstract_tfidf__perceived,0.0011168369
terms_abstract_tfidf__cost,0.0010964302
terms_abstract_tfidf__disorder ocd,0.0010762806
terms_abstract_tfidf__skills,0.0010455751
terms_abstract_tfidf__automatic,0.0010434634
terms_abstract_tfidf__numerical,0.000997531
terms_abstract_tfidf__dyslexia,0.0009239506
terms_abstract_tfidf__diverse,0.0008772637
terms_abstract_tfidf__preferences,0.00085381576
terms_abstract_tfidf__dorsal attention,0.0008220607
terms_abstract_tfidf__corresponding,0.00081238226
terms_abstract_tfidf__reading,0.00074461265
terms_abstract_tfidf__focusing,0.0007437233
LDA100_abstract_weight__2_model_approach_method,0.0007292609
terms_abstract_tfidf__regional gray,0.00071263284
terms_abstract_tfidf__convergence,0.00069922575
terms_abstract_tfidf__directly,0.00067355065
terms_abstract_tfidf__substance,0.00065579836
terms_abstract_tfidf__subregions,0.00064325583
terms_abstract_tfidf__distribution,0.00063586875
terms_abstract_tfidf__facilitate,0.0006239464
LDA200_abstract_weight__22_stroke_recovery_aphasia,0.00058612175
terms_abstract_tfidf__randomly,0.00057085016
terms_abstract_tfidf__rate,0.00056043576
terms_abstract_tfidf__men women,0.0005278916
terms_abstract_tfidf__amygdala hippocampus,0.0005039226
LDA400_abstract_weight__4_mood_affective_induction,0.0004370839
terms_abstract_tfidf__little,0.00041786814
terms_abstract_tfidf__positive,0.00035685883
terms_abstract_tfidf__judgments,0.000304256
terms_abstract_tfidf__thirteen,0.00029181276
terms_abstract_tfidf__young older,0.00023869677
terms_abstract_tfidf__remote,0.00017383303
terms_abstract_tfidf__follow,0.00015983424
terms_abstract_tfidf__orienting,0.00013168385
LDA200_abstract_weight__75_asd_autism_group,0.00012214892
terms_abstract_tfidf__exists,0.00010007109
LDA200_abstract_weight__79_training_practice_trained,9.613045e-05
terms_abstract_tfidf__components,6.828662e-05
terms_abstract_tfidf__algorithm,4.346482e-05
terms_abstract_tfidf__inter individual,-1.5269321e-05
terms_abstract_tfidf__beneficial,-1.626746e-05
terms_abstract_tfidf__cohort,-4.58833e-05
terms_abstract_tfidf__fourteen,-0.00010934319
LDA50_abstract_weight__4_stimulus_time_repetition,-0.00012289349
terms_abstract_tfidf__ms,-0.00016398473
terms_abstract_tfidf__decision,-0.00021522916
terms_abstract_tfidf__middle cingulate,-0.00025761258
LDA100_abstract_weight__3_individual_variability_level,-0.00026996704
terms_abstract_tfidf__differs,-0.00027176173
terms_abstract_tfidf__risk,-0.000326685
terms_abstract_tfidf__correspondence,-0.00035110602
LDA100_abstract_weight__69_pain_painful_stimulation,-0.00035382592
terms_abstract_tfidf__using functional,-0.00042448952
terms_abstract_tfidf__temporal lobes,-0.0004516485
terms_abstract_tfidf__causal,-0.00059035385
terms_abstract_tfidf__produced,-0.00060796307
terms_abstract_tfidf__action,-0.0006085336
terms_abstract_tfidf__incentive,-0.00061673723
terms_abstract_tfidf__demanding,-0.0006206126
terms_abstract_tfidf__containing,-0.00063996436
terms_abstract_tfidf__asked,-0.00065372215
terms_abstract_tfidf__meaningful,-0.00067422213
terms_abstract_tfidf__compulsive,-0.0006808991
LDA100_abstract_weight__46_stimulation_tms_acupuncture,-0.00069185963
terms_abstract_tfidf__clinically,-0.00070830743
terms_abstract_tfidf__intrinsic functional,-0.00074664375
terms_abstract_tfidf__brainstem,-0.00075923547
terms_abstract_tfidf__performances,-0.00076170516
terms_abstract_tfidf__retrieved,-0.0007739041
LDA400_abstract_weight__312_placebo_mg_blind,-0.0008353605
LDA400_abstract_weight__3_individuals_resonance_magnetic,-0.0008618782
terms_abstract_tfidf__lesser,-0.00086433755
LDA400_abstract_weight__323_cerebral_ataxia_sca,-0.00089289725
LDA200_abstract_weight__174_type_joint_sa,-0.0008939538
terms_abstract_tfidf__allocation,-0.00094606675
terms_abstract_tfidf__spinal,-0.0009763881
terms_abstract_tfidf__likely,-0.0010123493
terms_abstract_tfidf__trigger,-0.0010798911
terms_abstract_tfidf__similarities,-0.0010808295
terms_abstract_tfidf__aberrant,-0.0010828133
terms_abstract_tfidf__nature,-0.001090639
LDA400_abstract_weight__31_stimulus_response_type,-0.00113614
terms_abstract_tfidf__variety,-0.0012018617
terms_abstract_tfidf__indicate,-0.0012113944
terms_abstract_tfidf__game,-0.0013236752
terms_abstract_tfidf__obsessive,-0.0013474092
terms_abstract_tfidf__coupled,-0.0013774106
terms_abstract_tfidf__smaller,-0.0014018547
terms_abstract_tfidf__time points,-0.0014036094
terms_abstract_tfidf__functional connectivity,-0.0014162104
terms_abstract_tfidf__200,-0.0014220851
terms_abstract_tfidf__thalamic,-0.0014337533
terms_abstract_tfidf__dmpfc,-0.0014362606
terms_abstract_tfidf__coupling,-0.0014516056
terms_abstract_tfidf__iv,-0.0015345358
terms_abstract_tfidf__anterior insular,-0.001573317
terms_abstract_tfidf__fronto striatal,-0.0016640167
terms_abstract_tfidf__date,-0.0017142463
terms_abstract_tfidf__psychological,-0.0017594958
terms_abstract_tfidf__scanner,-0.001762948
terms_abstract_tfidf__simply,-0.0017966264
terms_abstract_tfidf__cases,-0.0017986387
terms_abstract_tfidf__impact,-0.0018368447
terms_abstract_tfidf__assessed using,-0.0018578301
terms_abstract_tfidf__mnemonic,-0.0019002918
terms_abstract_tfidf__lobe,-0.0019529727
terms_abstract_tfidf__hierarchy,-0.0020408446
terms_abstract_tfidf__simulation,-0.0021426622
terms_abstract_tfidf__degree,-0.002257769
terms_abstract_tfidf__idea,-0.002284212
terms_abstract_tfidf__connectivity,-0.0023018608
LDA100_abstract_weight__63_insula_anterior_autonomic,-0.0023690606
terms_abstract_tfidf__value,-0.0024527824
terms_abstract_tfidf__painful,-0.0024554376
terms_abstract_tfidf__latencies,-0.0025344659
LDA100_abstract_weight__21_reading_words_word,-0.0025502425
LDA400_abstract_weight__203_resonance_magnetic_control,-0.0025855557
terms_abstract_tfidf__utilized,-0.002589085
terms_abstract_tfidf__trait,-0.002591808
terms_abstract_tfidf__state,-0.002606867
terms_abstract_tfidf__shifts,-0.0028245102
terms_abstract_tfidf__dementia,-0.0028313696
terms_abstract_tfidf__earlier,-0.0028372009
terms_abstract_tfidf__amygdala,-0.0028382768
terms_abstract_tfidf__contralateral,-0.0029264807
terms_abstract_tfidf__challenges,-0.0029924258
terms_abstract_tfidf__environments,-0.0029984426
terms_abstract_tfidf__datasets,-0.003087505
terms_abstract_tfidf__cortex dmpfc,-0.0031149222
LDA100_abstract_weight__84_children_adolescents_age,-0.0031151676
terms_abstract_tfidf__psychotic,-0.0031911754
terms_abstract_tfidf__pain,-0.0032065525
terms_abstract_tfidf__pleasant,-0.003276515
terms_abstract_tfidf__consists,-0.003433212
LDA100_abstract_weight__56_response_stimulus_trials,-0.0035029524
terms_abstract_tfidf__responses,-0.0036321813
terms_abstract_tfidf__larger,-0.003657988
terms_abstract_tfidf__occurs,-0.0037280782
LDA400_abstract_weight__164_incompatible_compatibility_tmt,-0.0037394003
terms_abstract_tfidf__arterial spin,-0.003779229
terms_abstract_tfidf__disability,-0.0037982638
terms_abstract_tfidf__covariance,-0.0038179336
terms_abstract_tfidf__obsessive compulsive,-0.003838607
terms_abstract_tfidf__recognition memory,-0.003843346
terms_abstract_tfidf__allows,-0.0038834673
terms_abstract_tfidf__developmental,-0.0039080116
terms_abstract_tfidf__treatment,-0.004004749
terms_abstract_tfidf__underlie,-0.004037068
terms_abstract_tfidf__heart,-0.0041426145
terms_abstract_tfidf__undergoing functional,-0.004158944
terms_abstract_tfidf__completely,-0.004171636
terms_abstract_tfidf__hemodynamic,-0.0041978676
terms_abstract_tfidf__serve,-0.0042045787
terms_abstract_tfidf__psychophysiological interaction,-0.0042082677
LDA200_abstract_weight__39_light_shed_alertness,-0.004251038
terms_abstract_tfidf__genotype,-0.0042883516
terms_abstract_tfidf__primary secondary,-0.004426819
terms_abstract_tfidf__resonance,-0.0044339593
terms_abstract_tfidf__obtain,-0.00444931
terms_abstract_tfidf__exhibited,-0.0044879895
terms_abstract_tfidf__linked,-0.004495514
terms_abstract_tfidf__frontal lobes,-0.004501507
terms_abstract_tfidf__dynamic causal,-0.0045272545
terms_abstract_tfidf__provide evidence,-0.004578555
terms_abstract_tfidf__predictive,-0.0045892927
terms_abstract_tfidf__cortical network,-0.004676604
LDA400_abstract_weight__216_frontal_inferior_gyrus,-0.004695312
LDA400_abstract_weight__372_group_control_individuals,-0.0046958574
terms_abstract_tfidf__factors,-0.004726674
terms_abstract_tfidf__diffusion tensor,-0.004750151
terms_abstract_tfidf__gyrus anterior,-0.0047804867
terms_abstract_tfidf__frequency,-0.0047956267
terms_abstract_tfidf__observing,-0.0048233564
terms_abstract_tfidf__periods,-0.00483447
terms_abstract_tfidf__expectations,-0.004837403
terms_abstract_tfidf__plays important,-0.004841245
LDA400_abstract_weight__17_pain_painful_chronic,-0.0048970617
terms_abstract_tfidf__current,-0.00498449
terms_abstract_tfidf__negativity,-0.005017141
terms_abstract_tfidf__varies,-0.0050298627
LDA200_abstract_weight__146_pain_painful_chronic,-0.005074433
terms_abstract_tfidf__70,-0.005104121
terms_abstract_tfidf__session,-0.005116925
LDA200_abstract_weight__16_ad_disease_mci,-0.0051475563
terms_abstract_tfidf__interacting,-0.0052396907
terms_abstract_tfidf__options,-0.0052415365
terms_abstract_tfidf__recordings,-0.0052651362
terms_abstract_tfidf__mesolimbic,-0.005292797
terms_abstract_tfidf__numerous,-0.0053136935
terms_abstract_tfidf__diffusion,-0.0053402
LDA400_abstract_weight__351_symptoms_severity_scores,-0.0053686765
LDA200_abstract_weight__67_adolescents_adolescent_age,-0.0053863525
terms_abstract_tfidf__suggests,-0.0054562236
terms_abstract_tfidf__regardless,-0.005466242
terms_abstract_tfidf__healthy young,-0.005491447
terms_abstract_tfidf__men,-0.0055745807
terms_abstract_tfidf__manner,-0.0056061856
LDA400_abstract_weight__224_limbic_amygdala_paralimbic,-0.0056371964
terms_abstract_tfidf__decreasing,-0.005658631
terms_abstract_tfidf__tensor,-0.005660634
terms_abstract_tfidf__properties,-0.0056628464
terms_abstract_tfidf__multivariate pattern,-0.0056815865
LDA400_abstract_weight__70_mpfc_medial_prefrontal,-0.005706213
terms_abstract_tfidf__magnetic resonance,-0.005732391
terms_abstract_tfidf__pronounced,-0.0057943435
terms_abstract_tfidf__modulates,-0.0058159386
terms_abstract_tfidf__severity,-0.0058803624
terms_abstract_tfidf__validated,-0.0058840527
terms_abstract_tfidf__reward,-0.005904859
terms_abstract_tfidf__cortex acc,-0.005928019
terms_abstract_tfidf__provide novel,-0.0059480458
terms_abstract_tfidf__mirror neuron,-0.0060114595
LDA400_abstract_weight__185_maps_space_template,-0.006034881
terms_abstract_tfidf__imitation,-0.0060371202
terms_abstract_tfidf__hand movements,-0.006087416
terms_abstract_tfidf__emotional information,-0.0061102104
terms_abstract_tfidf__45,-0.006163131
terms_abstract_tfidf__targets,-0.0062336405
terms_abstract_tfidf__expectation,-0.0063323844
terms_abstract_tfidf__heart rate,-0.0063375393
terms_abstract_tfidf__delayed,-0.006394178
terms_abstract_tfidf__group,-0.006403637
terms_abstract_tfidf__major,-0.0064050783
terms_abstract_tfidf__transition,-0.006432254
terms_abstract_tfidf__improved,-0.006446289
terms_abstract_tfidf__50,-0.006448593
terms_abstract_tfidf__arterial,-0.0064517045
terms_abstract_tfidf__studying,-0.006460715
terms_abstract_tfidf__connectivity posterior,-0.0064655454
LDA400_abstract_weight__330_salience_network_sn,-0.0065591675
terms_abstract_tfidf__autism spectrum,-0.0065643145
LDA400_abstract_weight__158_significance_principal_methodology,-0.0066883103
terms_abstract_tfidf__medial superior,-0.0066932985
LDA400_abstract_weight__343_light_shed_impact,-0.0067150295
terms_abstract_tfidf__mesial,-0.006825822
terms_abstract_tfidf__spatially,-0.006844968
terms_abstract_tfidf__invariant,-0.0068697766
terms_abstract_tfidf__revealing,-0.0068838145
terms_abstract_tfidf__hc,-0.0069442294
terms_abstract_tfidf__valuable,-0.006993563
terms_abstract_tfidf__term,-0.007025101
terms_abstract_tfidf__rates,-0.0071235425
LDA100_abstract_weight__40_ad_disease_mci,-0.007155764
LDA400_abstract_weight__307_experience_subjective_experiences,-0.0071750926
LDA200_abstract_weight__57_learning_learned_sequence,-0.0071811634
terms_abstract_tfidf__depressed,-0.007251785
terms_abstract_tfidf__spectrum disorder,-0.0072980635
LDA400_abstract_weight__219_sd_pupil_exception,-0.0073385243
terms_abstract_tfidf__having,-0.0073429095
terms_abstract_tfidf__neuron,-0.0073858737
LDA400_abstract_weight__124_cerebellar_cerebellum_ii,-0.0074406895
terms_abstract_tfidf__community,-0.0074767806
terms_abstract_tfidf__tactile,-0.0074787806
terms_abstract_tfidf__streams,-0.007532075
terms_abstract_tfidf__despite,-0.0075601656
terms_abstract_tfidf__intrinsic,-0.007569379
LDA400_abstract_weight__215_dopamine_da_receptor,-0.0075890846
terms_abstract_tfidf__growing,-0.0078720655
terms_abstract_tfidf__superior inferior,-0.007874017
terms_abstract_tfidf__state networks,-0.007915106
terms_abstract_tfidf__use,-0.007934342
terms_abstract_tfidf__noted,-0.007958241
terms_abstract_tfidf__negative neutral,-0.0080021275
LDA200_abstract_weight__105_mdd_depressive_depression,-0.008028414
terms_abstract_tfidf__attenuated,-0.008071407
LDA100_abstract_weight__1_gyrus_frontal_middle,-0.008112338
LDA400_abstract_weight__63_negative_positive_valence,-0.008119359
terms_abstract_tfidf__engaging,-0.008120249
terms_abstract_tfidf__functional network,-0.008248883
terms_abstract_tfidf__ratings,-0.008318125
LDA400_abstract_weight__52_pd_disease_parkinson,-0.008352916
terms_abstract_tfidf__labeling,-0.008389824
LDA400_abstract_weight__39_dmpfc_balance_dorsomedial,-0.008436859
terms_abstract_tfidf__chronic,-0.008487122
terms_abstract_tfidf__structures involved,-0.008513197
LDA400_abstract_weight__190_outcome_born_outcomes,-0.00858723
LDA50_abstract_weight__36_placebo_treatment_dopamine,-0.008607087
terms_abstract_tfidf__flexible,-0.008641164
terms_abstract_tfidf__posterior anterior,-0.008683334
LDA400_abstract_weight__198_ad_mci_disease,-0.008776527
terms_abstract_tfidf__alteration,-0.008822215
terms_abstract_tfidf__dorsal striatum,-0.008944631
terms_abstract_tfidf__susceptibility,-0.008978292
LDA200_abstract_weight__157_somatosensory_stimulation_cortex,-0.009004365
terms_abstract_tfidf__sign,-0.009006084
terms_abstract_tfidf__actually,-0.009040915
terms_abstract_tfidf__depend,-0.009059435
terms_abstract_tfidf__elderly,-0.009102097
terms_abstract_tfidf__established,-0.009153941
terms_abstract_tfidf__investigation,-0.009162935
terms_abstract_tfidf__executive control,-0.009167443
terms_abstract_tfidf__cerebral,-0.009300083
terms_abstract_tfidf__preferentially,-0.0093036
terms_abstract_tfidf__distinguish,-0.009303901
terms_abstract_tfidf__decoding,-0.009313194
LDA200_abstract_weight__56_placebo_mg_ht,-0.009320723
terms_abstract_tfidf__trajectories,-0.00939873
terms_abstract_tfidf__believed,-0.009439679
terms_abstract_tfidf__salient,-0.0094603915
LDA400_abstract_weight__61_recall_digit_span,-0.009479769
terms_abstract_tfidf__procedures,-0.009510777
terms_abstract_tfidf__derived,-0.009518073
terms_abstract_tfidf__monetary incentive,-0.009548881
LDA400_abstract_weight__113_spatial_method_subject,-0.009554982
terms_abstract_tfidf__dose,-0.009656892
terms_abstract_tfidf__allowing,-0.009659999
terms_abstract_tfidf__weighted,-0.009726653
terms_abstract_tfidf__16,-0.009786376
terms_abstract_tfidf__tracts,-0.009839964
terms_abstract_tfidf__placebo,-0.009896105
LDA400_abstract_weight__122_modulation_modulated_modulate,-0.009915524
terms_abstract_tfidf__sessions,-0.010019458
terms_abstract_tfidf__relations,-0.01002538
terms_abstract_tfidf__illness,-0.010079068
LDA400_abstract_weight__303_rs_pa_hyperalgesia,-0.010155071
terms_abstract_tfidf__economic,-0.010205129
terms_abstract_tfidf__positively,-0.010237864
terms_abstract_tfidf__anticipatory,-0.010269741
terms_abstract_tfidf__preparation,-0.010320936
terms_abstract_tfidf__scale,-0.010355858
terms_abstract_tfidf__propose,-0.010467325
terms_abstract_tfidf__longitudinal,-0.010534693
terms_abstract_tfidf__diminished,-0.010565692
terms_abstract_tfidf__comprehensive,-0.010728229
terms_abstract_tfidf__costs,-0.010763455
terms_abstract_tfidf__hand,-0.0107774995
terms_abstract_tfidf__stage,-0.010778562
terms_abstract_tfidf__physiological,-0.01083871
LDA400_abstract_weight__84_real_world_nf,-0.010841639
terms_abstract_tfidf__evoked,-0.01110853
terms_abstract_tfidf__electrical,-0.011231627
terms_abstract_tfidf__cortex dorsolateral,-0.011287892
terms_abstract_tfidf__investigating,-0.011292293
terms_abstract_tfidf__thought,-0.011295666
terms_abstract_tfidf__construct,-0.011356168
terms_abstract_tfidf__abnormality,-0.011383846
terms_abstract_tfidf__perfusion,-0.011523063
terms_abstract_tfidf__imagined,-0.011656037
LDA400_abstract_weight__359_goal_goals_ma,-0.011680016
terms_abstract_tfidf__actions,-0.01169707
terms_abstract_tfidf__using,-0.011727193
terms_abstract_tfidf__utility,-0.011734521
LDA400_abstract_weight__252_relational_strength_strong,-0.011748524
terms_abstract_tfidf__goals,-0.011821786
terms_abstract_tfidf__scanning,-0.011994261
terms_abstract_tfidf__sham,-0.012030419
terms_abstract_tfidf__extracted,-0.012041861
terms_abstract_tfidf__age gender,-0.012044668
terms_abstract_tfidf__track,-0.012088846
terms_abstract_tfidf__reduction,-0.012091406
terms_abstract_tfidf__hemodynamic response,-0.012124175
LDA400_abstract_weight__167_state_resting_seed,-0.01214911
terms_abstract_tfidf__neuronal,-0.0121725015
terms_abstract_tfidf__alterations,-0.012236524
terms_abstract_tfidf__visual auditory,-0.012289691
terms_abstract_tfidf__requirements,-0.012334898
terms_abstract_tfidf__control groups,-0.012365933
LDA400_abstract_weight__325_intelligence_md_fluid,-0.0123732705
terms_abstract_tfidf__greatest,-0.012381981
terms_abstract_tfidf__multivariate,-0.012404906
terms_abstract_tfidf__applying,-0.012444285
LDA100_abstract_weight__30_emotional_negative_positive,-0.012479311
LDA200_abstract_weight__28_memory_retrieval_episodic,-0.012595091
terms_abstract_tfidf__treatments,-0.012613347
terms_abstract_tfidf__elucidated,-0.012697568
terms_abstract_tfidf__fact,-0.012738794
terms_abstract_tfidf__eeg,-0.012755575
terms_abstract_tfidf__novelty,-0.012755953
terms_abstract_tfidf__rarely,-0.012819401
terms_abstract_tfidf__blood flow,-0.012828701
terms_abstract_tfidf__disease,-0.0128725385
LDA400_abstract_weight__371_search_lifg_frontal,-0.012908124
terms_abstract_tfidf__conventional,-0.012918318
terms_abstract_tfidf__theoretical,-0.012956419
terms_abstract_tfidf__majority,-0.012966468
LDA400_abstract_weight__389_intrinsic_extrinsic_hp,-0.012977553
LDA400_abstract_weight__370_acc_cingulate_anterior,-0.013006239
terms_abstract_tfidf__replicated,-0.01301759
terms_abstract_tfidf__young healthy,-0.013100243
terms_abstract_tfidf__sexual,-0.013127928
terms_abstract_tfidf__repetition suppression,-0.013149945
LDA400_abstract_weight__12_structures_pattern_contrast,-0.013213023
terms_abstract_tfidf__sensorimotor cortex,-0.013216294
LDA400_abstract_weight__37_anticipation_anticipatory_aversive,-0.013374787
terms_abstract_tfidf__neurological,-0.013413666
LDA400_abstract_weight__71_dimensions_horizontal_ap,-0.013441413
terms_abstract_tfidf__computational,-0.013476621
terms_abstract_tfidf__objectives,-0.013482856
LDA200_abstract_weight__178_resonance_magnetic_previous,-0.013621533
terms_abstract_tfidf__process,-0.0136289345
terms_abstract_tfidf__discriminated,-0.013632318
terms_abstract_tfidf__emotional stimuli,-0.0136324605
terms_abstract_tfidf__alcohol,-0.01374945
LDA100_abstract_weight__5_depression_mdd_disorder,-0.0137652755
LDA100_abstract_weight__73_parietal_frontal_inferior,-0.013781395
terms_abstract_tfidf__anticipation,-0.013788653
terms_abstract_tfidf__crus,-0.013796446
LDA400_abstract_weight__11_children_adults_age,-0.013799889
terms_abstract_tfidf__little known,-0.013892922
terms_abstract_tfidf__experiences,-0.013951102
terms_abstract_tfidf__absence,-0.014009738
terms_abstract_tfidf__conductance,-0.014012872
terms_abstract_tfidf__attention network,-0.014019192
LDA400_abstract_weight__176_movements_movement_motor,-0.014023734
terms_abstract_tfidf__extended,-0.014027563
terms_abstract_tfidf__fundamental,-0.014054394
LDA400_abstract_weight__326_predicted_individual_predict,-0.014077661
LDA400_abstract_weight__207_target_targets_distractor,-0.0140823955
terms_abstract_tfidf__distributed network,-0.014090172
terms_abstract_tfidf__crucial,-0.0141270105
terms_abstract_tfidf__testing,-0.014164191
terms_abstract_tfidf__genetic risk,-0.014216588
LDA100_abstract_weight__7_ms_source_meg,-0.014362697
terms_abstract_tfidf__activations,-0.014409503
terms_abstract_tfidf__novel,-0.014436186
LDA400_abstract_weight__6_long_term_short,-0.01445532
terms_abstract_tfidf__compulsive disorder,-0.014543009
terms_abstract_tfidf__define,-0.014610515
terms_abstract_tfidf__implementation,-0.014633122
LDA400_abstract_weight__87_psychosis_risk_schizophrenia,-0.014666106
LDA200_abstract_weight__116_task_matching_strategy,-0.0146781355
LDA50_abstract_weight__32_pain_somatosensory_stimulation,-0.014758125
terms_abstract_tfidf__resonance scans,-0.014797613
terms_abstract_tfidf__positive correlations,-0.014819457
terms_abstract_tfidf__mild,-0.014888469
terms_abstract_tfidf__spectrum disorders,-0.014904421
terms_abstract_tfidf__covaried,-0.014904608
LDA400_abstract_weight__121_abnormal_disorder_abnormalities,-0.014926339
terms_abstract_tfidf__select,-0.014943332
terms_abstract_tfidf__neutral stimuli,-0.014992502
terms_abstract_tfidf__connections,-0.015039803
terms_abstract_tfidf__high functioning,-0.015052781
terms_abstract_tfidf__switch,-0.015080388
terms_abstract_tfidf__pre post,-0.015085517
terms_abstract_tfidf__double blind,-0.015167443
terms_abstract_tfidf__indexed,-0.015178196
terms_abstract_tfidf__result,-0.015199448
terms_abstract_tfidf__guided,-0.015219251
LDA200_abstract_weight__76_ocd_disorder_compulsive,-0.015220979
LDA400_abstract_weight__365_time_rt_reaction,-0.015237821
terms_abstract_tfidf__known involved,-0.015266463
terms_abstract_tfidf__repetition,-0.01527075
terms_abstract_tfidf__direct,-0.015276332
terms_abstract_tfidf__efficient,-0.01529674
terms_abstract_tfidf__medial,-0.015476047
terms_abstract_tfidf__identifying,-0.015480149
terms_abstract_tfidf__cingulate gyrus,-0.015522311
terms_abstract_tfidf__normalized,-0.01561257
terms_abstract_tfidf__skin conductance,-0.015627
terms_abstract_tfidf__neuroanatomical,-0.015670964
terms_abstract_tfidf__remarkably,-0.015748851
terms_abstract_tfidf__subset,-0.01575355
terms_abstract_tfidf__incidental,-0.015768126
terms_abstract_tfidf__major depression,-0.015784832
terms_abstract_tfidf__importantly,-0.015792659
terms_abstract_tfidf__research suggests,-0.015802948
terms_abstract_tfidf__memories,-0.015887832
LDA100_abstract_weight__74_placebo_ocd_dopamine,-0.01590851
terms_abstract_tfidf__threshold,-0.01601826
terms_abstract_tfidf__young,-0.01603304
terms_abstract_tfidf__behavioral performance,-0.01608922
terms_abstract_tfidf__lobules,-0.016131585
terms_abstract_tfidf__eye field,-0.016151758
LDA400_abstract_weight__181_females_males_sex,-0.01618149
terms_abstract_tfidf__correlate,-0.016262773
LDA400_abstract_weight__316_sensitive_sensitivity_suggest,-0.016267754
terms_abstract_tfidf__provided,-0.016290603
LDA400_abstract_weight__375_integration_audiovisual_visual,-0.016330564
terms_abstract_tfidf__center,-0.0163874
terms_abstract_tfidf__interference,-0.016390158
terms_abstract_tfidf__psychiatric disorders,-0.016410692
terms_abstract_tfidf__symptom severity,-0.016440466
LDA400_abstract_weight__79_users_cocaine_drug,-0.016507193
terms_abstract_tfidf__endogenous,-0.016550843
terms_abstract_tfidf__separate,-0.016574305
terms_abstract_tfidf__muscle,-0.016806912
LDA400_abstract_weight__189_risk_risky_taking,-0.016827032
terms_abstract_tfidf__structure,-0.016847499
terms_abstract_tfidf__separately,-0.016856512
terms_abstract_tfidf__long term,-0.01686088
terms_abstract_tfidf__age,-0.01686344
terms_abstract_tfidf__close,-0.016879315
terms_abstract_tfidf__wise,-0.016896892
terms_abstract_tfidf__reduces,-0.016897103
LDA100_abstract_weight__15_mirror_observation_imitation,-0.016912302
terms_abstract_tfidf__organized,-0.016929833
LDA100_abstract_weight__52_white_matter_structural,-0.016956607
terms_abstract_tfidf__parietal frontal,-0.017037328
terms_abstract_tfidf__immediately,-0.01709718
terms_abstract_tfidf__maturation,-0.0171239
terms_abstract_tfidf__masked,-0.01715755
terms_abstract_tfidf__coordination,-0.017166752
terms_abstract_tfidf__oxygen level,-0.017203167
terms_abstract_tfidf__largely,-0.017232602
terms_abstract_tfidf__aversive,-0.017277123
terms_abstract_tfidf__25,-0.017338956
terms_abstract_tfidf__shed,-0.017354378
terms_abstract_tfidf__transformation,-0.01738879
terms_abstract_tfidf__subgenual,-0.017411716
terms_abstract_tfidf__oxygen,-0.017412836
terms_abstract_tfidf__18,-0.017417695
terms_abstract_tfidf__partially,-0.017425928
terms_abstract_tfidf__facial expressions,-0.017430978
terms_abstract_tfidf__blood oxygen,-0.017441753
terms_abstract_tfidf__24,-0.01746676
terms_abstract_tfidf__time series,-0.017616823
terms_abstract_tfidf__measurements,-0.017683674
terms_abstract_tfidf__graph,-0.017702946
terms_abstract_tfidf__forward,-0.017783025
terms_abstract_tfidf__genetic,-0.01785068
terms_abstract_tfidf__ages,-0.017864663
terms_abstract_tfidf__psychiatric,-0.01790501
LDA400_abstract_weight__354_depression_mdd_depressive,-0.017957456
terms_abstract_tfidf__predictions,-0.017985158
terms_abstract_tfidf__contexts,-0.018115781
terms_abstract_tfidf__negative positive,-0.01811928
terms_abstract_tfidf__relate,-0.018190399
LDA400_abstract_weight__98_stroke_recovery_acute,-0.018212337
terms_abstract_tfidf__seeds,-0.018314281
LDA200_abstract_weight__185_relatives_genetic_siblings,-0.018355122
terms_abstract_tfidf__chosen,-0.01840069
terms_abstract_tfidf__regulating,-0.018442407
terms_abstract_tfidf__deactivated,-0.018446183
terms_abstract_tfidf__cortex middle,-0.018525427
terms_abstract_tfidf__sum,-0.018528717
terms_abstract_tfidf__details,-0.018588811
terms_abstract_tfidf__adolescents,-0.018596977
terms_abstract_tfidf__ventromedial prefrontal,-0.018628681
terms_abstract_tfidf__literature,-0.018729566
LDA100_abstract_weight__66_allele_genetic_gene,-0.018751984
terms_abstract_tfidf__rating,-0.018759536
terms_abstract_tfidf__population,-0.018796649
terms_abstract_tfidf__mixed,-0.018814255
terms_abstract_tfidf__word recognition,-0.018853828
terms_abstract_tfidf__median,-0.018854598
terms_abstract_tfidf__nouns,-0.018858574
terms_abstract_tfidf__described,-0.018887043
terms_abstract_tfidf__quantitative,-0.01894619
terms_abstract_tfidf__took,-0.018997218
terms_abstract_tfidf__differential,-0.019021394
LDA100_abstract_weight__0_group_control_age,-0.019105341
LDA400_abstract_weight__345_roi_voxel_rois,-0.019115943
terms_abstract_tfidf__drug,-0.019129865
terms_abstract_tfidf__reverse,-0.019181749
terms_abstract_tfidf__drugs,-0.01918214
terms_abstract_tfidf__divergent,-0.019264076
LDA400_abstract_weight__114_measures_measure_total,-0.01933066
terms_abstract_tfidf__27,-0.01933146
terms_abstract_tfidf__highlight,-0.019465702
terms_abstract_tfidf__happy,-0.019593334
terms_abstract_tfidf__modalities,-0.019654447
terms_abstract_tfidf__eye fields,-0.019689102
terms_abstract_tfidf__responsible,-0.019709405
LDA200_abstract_weight__161_women_men_sex,-0.019810943
LDA200_abstract_weight__86_ips_number_numerical,-0.019844051
LDA200_abstract_weight__6_implicit_explicit_cd,-0.019899754
terms_abstract_tfidf__diagnosed,-0.019931154
terms_abstract_tfidf__cortex lateral,-0.019978572
terms_abstract_tfidf__association,-0.0200503
terms_abstract_tfidf__associative,-0.020119512
terms_abstract_tfidf__undergoing,-0.020138247
LDA100_abstract_weight__53_decision_making_risk,-0.020149954
terms_abstract_tfidf__cerebellar,-0.02018712
terms_abstract_tfidf__activate,-0.020188373
terms_abstract_tfidf__assessment,-0.02019629
terms_abstract_tfidf__long,-0.020199
terms_abstract_tfidf__correction,-0.020306896
terms_abstract_tfidf__behavioral level,-0.02047271
terms_abstract_tfidf__ad,-0.020557787
terms_abstract_tfidf__mood,-0.020585358
terms_abstract_tfidf__covert,-0.020629209
terms_abstract_tfidf__upcoming,-0.020677553
terms_abstract_tfidf__memory test,-0.020748448
terms_abstract_tfidf__paired,-0.020766497
LDA50_abstract_weight__12_women_men_sex,-0.020803986
terms_abstract_tfidf__does,-0.020826913
terms_abstract_tfidf__factor,-0.020888153
terms_abstract_tfidf__highest,-0.020963727
LDA200_abstract_weight__48_parietal_inferior_lobule,-0.020964136
terms_abstract_tfidf__carried,-0.021066146
terms_abstract_tfidf__negative,-0.021104429
terms_abstract_tfidf__traumatic,-0.02120784
LDA200_abstract_weight__17_frontal_temporal_parietal,-0.021209002
terms_abstract_tfidf__additionally,-0.021369327
terms_abstract_tfidf__approaches,-0.021371694
terms_abstract_tfidf__overlapping,-0.021445956
terms_abstract_tfidf__comparisons,-0.021536503
LDA100_abstract_weight__41_memory_retrieval_episodic,-0.02162199
terms_abstract_tfidf__connectivity patterns,-0.021631833
terms_abstract_tfidf__terms,-0.021706404
terms_abstract_tfidf__angry,-0.021740168
LDA100_abstract_weight__18_number_numerical_numbers,-0.021744091
terms_abstract_tfidf__naturalistic,-0.021763798
terms_abstract_tfidf__posterior cingulate,-0.021825748
terms_abstract_tfidf__preferential,-0.021831868
terms_abstract_tfidf__extensively,-0.0218656
terms_abstract_tfidf__approximately,-0.021953035
terms_abstract_tfidf__frequencies,-0.021972071
terms_abstract_tfidf__measurement,-0.022011962
terms_abstract_tfidf__criteria,-0.022045428
terms_abstract_tfidf__usually,-0.022146532
terms_abstract_tfidf__material,-0.022160089
terms_abstract_tfidf__cortex insula,-0.022243982
terms_abstract_tfidf__form,-0.022254277
terms_abstract_tfidf__list,-0.022285441
terms_abstract_tfidf__heterogeneous,-0.022301324
terms_abstract_tfidf__hypothalamus,-0.022312433
terms_abstract_tfidf__controversial,-0.022330614
terms_abstract_tfidf__scalp,-0.022356912
terms_abstract_tfidf__ventromedial,-0.022386383
terms_abstract_tfidf__high low,-0.022424849
terms_abstract_tfidf__perspective,-0.022584574
terms_abstract_tfidf__vs,-0.022600159
terms_abstract_tfidf__healthy control,-0.022651156
terms_abstract_tfidf__faster,-0.022655338
terms_abstract_tfidf__robust,-0.022711322
LDA100_abstract_weight__93_time_reaction_times,-0.022761397
LDA200_abstract_weight__186_decision_making_choice,-0.022783961
LDA100_abstract_weight__88_cbf_cerebral_perfusion,-0.02283213
LDA100_abstract_weight__27_epilepsy_lobe_temporal,-0.023035234
LDA400_abstract_weight__105_motivation_avoidance_approach,-0.023075603
terms_abstract_tfidf__multiple comparisons,-0.023077855
terms_abstract_tfidf__fasciculus,-0.023189744
LDA400_abstract_weight__378_visual_auditory_modality,-0.02319114
terms_abstract_tfidf__link,-0.02319133
terms_abstract_tfidf__primary sensorimotor,-0.023252312
LDA400_abstract_weight__234_learning_learned_associations,-0.023289548
terms_abstract_tfidf__opportunity,-0.023358705
terms_abstract_tfidf__broad,-0.023362461
terms_abstract_tfidf__using voxel,-0.023486568
terms_abstract_tfidf__confounding,-0.023490025
terms_abstract_tfidf__induction,-0.023594959
LDA400_abstract_weight__279_bimanual_sem_unimanual,-0.023626333
terms_abstract_tfidf__current functional,-0.023701226
terms_abstract_tfidf__variable,-0.023711042
terms_abstract_tfidf__representation,-0.023750149
terms_abstract_tfidf__past,-0.023801662
terms_abstract_tfidf__monetary,-0.023810506
terms_abstract_tfidf__beginning,-0.023924913
terms_abstract_tfidf__advantage,-0.023951236
terms_abstract_tfidf__types,-0.024041314
terms_abstract_tfidf__children adolescents,-0.024045048
terms_abstract_tfidf__subsequently,-0.024060152
terms_abstract_tfidf__global,-0.024061417
terms_abstract_tfidf__assessing,-0.02407771
LDA50_abstract_weight__31_model_models_prediction,-0.024097428
LDA400_abstract_weight__138_ketamine_intervals_interval,-0.024104465
LDA400_abstract_weight__341_matching_match_task,-0.024117796
terms_abstract_tfidf__reduce,-0.02418446
terms_abstract_tfidf__task relevant,-0.024186462
terms_abstract_tfidf__binding,-0.02421619
terms_abstract_tfidf__focal,-0.02424879
terms_abstract_tfidf__week,-0.024308797
terms_abstract_tfidf__amnestic,-0.02433413
terms_abstract_tfidf__confirm,-0.024370592
LDA100_abstract_weight__98_treatment_baseline_therapy,-0.02437344
terms_abstract_tfidf__readers,-0.024379924
terms_abstract_tfidf__dorsal,-0.024468172
terms_abstract_tfidf__addiction,-0.024505137
terms_abstract_tfidf__sensory,-0.024543036
terms_abstract_tfidf__decisions,-0.024552576
terms_abstract_tfidf__ranging,-0.024581105
terms_abstract_tfidf__major depressive,-0.024617603
LDA200_abstract_weight__36_group_control_pattern,-0.024687437
terms_abstract_tfidf__making,-0.024710307
terms_abstract_tfidf__voxel morphometry,-0.024710948
terms_abstract_tfidf__partly,-0.02479386
terms_abstract_tfidf__abuse,-0.024865402
LDA200_abstract_weight__108_visual_auditory_sensory,-0.024893599
LDA400_abstract_weight__272_retrieval_memory_episodic,-0.025006799
terms_abstract_tfidf__canonical,-0.02506112
LDA200_abstract_weight__61_individuals_people_group,-0.025071377
terms_abstract_tfidf__bold responses,-0.025110403
terms_abstract_tfidf__representing,-0.025112139
terms_abstract_tfidf__naive,-0.025156172
LDA100_abstract_weight__82_somatosensory_stimulation_tactile,-0.025191523
terms_abstract_tfidf__connectivity anterior,-0.025208391
terms_abstract_tfidf__shifting,-0.025225641
terms_abstract_tfidf__facial,-0.025275405
terms_abstract_tfidf__strength,-0.025308458
terms_abstract_tfidf__relevant,-0.02533083
terms_abstract_tfidf__suppression,-0.025342563
terms_abstract_tfidf__cortex medial,-0.025346655
terms_abstract_tfidf__reaction times,-0.02544662
terms_abstract_tfidf__40,-0.025480743
LDA400_abstract_weight__80_adolescents_adolescent_youth,-0.025487809
LDA400_abstract_weight__142_lesions_lesion_patient,-0.02554296
terms_abstract_tfidf__monitored,-0.025615606
LDA200_abstract_weight__126_anxiety_aggression_anxious,-0.02561622
terms_abstract_tfidf__nineteen,-0.025617618
LDA400_abstract_weight__8_arousal_subjective_ratings,-0.025624076
terms_abstract_tfidf__good,-0.02571334
terms_abstract_tfidf__seed,-0.025716344
terms_abstract_tfidf__matter density,-0.025719754
terms_abstract_tfidf__monetary reward,-0.025828457
terms_abstract_tfidf__world,-0.02586319
terms_abstract_tfidf__neutral,-0.02587988
terms_abstract_tfidf__cortex amygdala,-0.025882352
LDA400_abstract_weight__178_anxiety_trait_anxious,-0.025948275
terms_abstract_tfidf__entire,-0.025950443
terms_abstract_tfidf__test,-0.026001345
terms_abstract_tfidf__vi,-0.02607448
terms_abstract_tfidf__unfamiliar,-0.026124872
terms_abstract_tfidf__importance,-0.026183132
terms_abstract_tfidf__vector,-0.026307613
terms_abstract_tfidf__models,-0.026318325
LDA400_abstract_weight__317_insula_disgust_insular,-0.026444623
terms_abstract_tfidf__localization,-0.026454018
LDA200_abstract_weight__138_real_virtual_reality,-0.026474198
terms_abstract_tfidf__hcs,-0.026493508
terms_abstract_tfidf__reflect,-0.026497152
LDA200_abstract_weight__21_depression_disorder_depressed,-0.026524395
terms_abstract_tfidf__cortex pcc,-0.026563615
terms_abstract_tfidf__lesions,-0.026630562
terms_abstract_tfidf__tend,-0.026699884
LDA200_abstract_weight__102_method_spatial_methods,-0.02670582
LDA200_abstract_weight__168_baseline_time_follow,-0.026706167
terms_abstract_tfidf__individual,-0.026709022
terms_abstract_tfidf__33,-0.026772458
terms_abstract_tfidf__real,-0.026812432
terms_abstract_tfidf__demonstrating,-0.026832392
terms_abstract_tfidf__published,-0.026845224
terms_abstract_tfidf__species,-0.026872393
terms_abstract_tfidf__symptoms,-0.026890498
terms_abstract_tfidf__method,-0.027008945
terms_abstract_tfidf__controls hcs,-0.027018167
LDA200_abstract_weight__58_autonomic_arousal_rate,-0.027054336
terms_abstract_tfidf__crucial role,-0.027070975
LDA200_abstract_weight__182_experience_subjective_ratings,-0.027087264
LDA200_abstract_weight__173_touch_ct_tactile,-0.027218783
terms_abstract_tfidf__fa,-0.027235618
terms_abstract_tfidf__episode,-0.027310641
terms_abstract_tfidf__signaling,-0.027325857
LDA400_abstract_weight__199_versus_implicated_correlates,-0.027446302
terms_abstract_tfidf__phases,-0.027452208
LDA400_abstract_weight__162_race_cultural_chinese,-0.02754615
LDA200_abstract_weight__84_research_previous_important,-0.027611757
terms_abstract_tfidf__conceptual,-0.027755676
terms_abstract_tfidf__overlapped,-0.027840456
terms_abstract_tfidf__assessments,-0.027851645
terms_abstract_tfidf__manual,-0.027878392
terms_abstract_tfidf__implicate,-0.02792975
terms_abstract_tfidf__contributes,-0.027998004
terms_abstract_tfidf__term memory,-0.02804042
terms_abstract_tfidf__higher levels,-0.028143471
LDA200_abstract_weight__118_goal_goals_planning,-0.028192492
terms_abstract_tfidf__precuneus posterior,-0.028244758
terms_abstract_tfidf__aims,-0.02824914
LDA200_abstract_weight__65_recognition_correct_familiarity,-0.02824933
terms_abstract_tfidf__outside scanner,-0.028289065
terms_abstract_tfidf__arise,-0.02833685
terms_abstract_tfidf__influence,-0.028347716
LDA100_abstract_weight__76_memory_recognition_items,-0.028490013
terms_abstract_tfidf__clinical,-0.028494012
terms_abstract_tfidf__included,-0.028520549
terms_abstract_tfidf__rostral anterior,-0.02872374
terms_abstract_tfidf__induced,-0.028742382
terms_abstract_tfidf__confidence,-0.028832879
terms_abstract_tfidf__converging,-0.028922392
terms_abstract_tfidf__marked,-0.028936004
terms_abstract_tfidf__age sex,-0.028959662
terms_abstract_tfidf__maintaining,-0.029037805
terms_abstract_tfidf__cortex hippocampus,-0.029143874
terms_abstract_tfidf__strategic,-0.029290924
LDA400_abstract_weight__125_mhe_cirrhotic_lt,-0.029302746
terms_abstract_tfidf__simultaneously,-0.029308993
terms_abstract_tfidf__shed light,-0.02932424
terms_abstract_tfidf__represented,-0.029499786
terms_abstract_tfidf__furthermore,-0.029523985
LDA400_abstract_weight__390_representations_representation_cortex,-0.029529683
LDA400_abstract_weight__18_amygdala_reactivity_affective,-0.02967727
terms_abstract_tfidf__recording,-0.029833471
terms_abstract_tfidf__scans,-0.029852781
LDA400_abstract_weight__385_provide_patterns_profile,-0.029916527
terms_abstract_tfidf__previous shown,-0.029983843
terms_abstract_tfidf__progression,-0.030079173
terms_abstract_tfidf__machine,-0.030138329
terms_abstract_tfidf__application,-0.030193483
terms_abstract_tfidf__inversely,-0.030194754
LDA400_abstract_weight__73_function_structure_magnetic,-0.030209802
terms_abstract_tfidf__rest,-0.03026165
terms_abstract_tfidf__joint,-0.030286126
terms_abstract_tfidf__familiarity,-0.03029731
terms_abstract_tfidf__001,-0.030309794
terms_abstract_tfidf__relationship,-0.030340727
LDA400_abstract_weight__69_cortex_primary_somatosensory,-0.030407744
terms_abstract_tfidf__target,-0.03043623
terms_abstract_tfidf__mm,-0.030502262
terms_abstract_tfidf__gain,-0.03062951
LDA400_abstract_weight__324_bias_cr_biases,-0.030652605
terms_abstract_tfidf__estimated,-0.03066351
LDA200_abstract_weight__199_users_cocaine_drug,-0.030676678
LDA200_abstract_weight__7_single_trial_task,-0.030711342
terms_abstract_tfidf__pcc,-0.03071251
terms_abstract_tfidf__anisotropy fa,-0.030740913
terms_abstract_tfidf__scan,-0.030747263
LDA400_abstract_weight__149_intervention_therapy_cbt,-0.03083069
terms_abstract_tfidf__shows,-0.030850591
terms_abstract_tfidf__cortical,-0.03087811
terms_abstract_tfidf__alzheimer,-0.030996261
terms_abstract_tfidf__induce,-0.031002533
terms_abstract_tfidf__provide,-0.031003322
LDA400_abstract_weight__58_autonomic_skin_arousal,-0.031008359
LDA50_abstract_weight__19_action_actions_observation,-0.031017853
terms_abstract_tfidf__groups,-0.031162482
terms_abstract_tfidf__morphometry,-0.03117291
terms_abstract_tfidf__insights,-0.03119428
LDA200_abstract_weight__81_pattern_patterns_representations,-0.03130208
terms_abstract_tfidf__early stage,-0.031312637
terms_abstract_tfidf__volumes,-0.03142383
terms_abstract_tfidf__controls using,-0.031451233
LDA200_abstract_weight__85_human_organization_subregions,-0.031543307
LDA200_abstract_weight__151_common_overlap_overlapping,-0.031652056
LDA400_abstract_weight__232_hand_hands_foot,-0.031664826
terms_abstract_tfidf__assume,-0.03172684
terms_abstract_tfidf__age groups,-0.031744856
terms_abstract_tfidf__centered,-0.03178563
terms_abstract_tfidf__health,-0.031793848
terms_abstract_tfidf__procedure,-0.031820282
terms_abstract_tfidf__immediate,-0.031850874
terms_abstract_tfidf__clips,-0.031867895
terms_abstract_tfidf__constrained,-0.031995747
LDA400_abstract_weight__242_set_identified_sets,-0.03212518
terms_abstract_tfidf__ventral medial,-0.032125846
terms_abstract_tfidf__future,-0.032166317
LDA400_abstract_weight__328_weight_lh_responsivity,-0.032205913
terms_abstract_tfidf__autonomic,-0.032288797
terms_abstract_tfidf__participate,-0.032295216
LDA400_abstract_weight__53_ec_sp_eo,-0.032303546
terms_abstract_tfidf__amygdala insula,-0.03231842
terms_abstract_tfidf__inferior prefrontal,-0.03244711
terms_abstract_tfidf__learn,-0.03254141
LDA50_abstract_weight__47_attention_attentional_target,-0.03254388
LDA100_abstract_weight__60_matter_volume_gray,-0.03255133
terms_abstract_tfidf__posterior parietal,-0.03262453
terms_abstract_tfidf__cues,-0.03274463
LDA400_abstract_weight__275_power_gamma_hz,-0.032779064
terms_abstract_tfidf__mild cognitive,-0.03289565
terms_abstract_tfidf__recognized,-0.032922804
terms_abstract_tfidf__intense,-0.033008482
terms_abstract_tfidf__exploratory,-0.033016313
terms_abstract_tfidf__cerebral blood,-0.033028565
LDA400_abstract_weight__44_parietal_temporal_frontal,-0.033055265
terms_abstract_tfidf__span,-0.03308571
terms_abstract_tfidf__rated,-0.03310076
terms_abstract_tfidf__actual,-0.033182565
terms_abstract_tfidf__generate,-0.033214565
terms_abstract_tfidf__post,-0.033224914
terms_abstract_tfidf__orbital,-0.033226483
terms_abstract_tfidf__variance,-0.03323581
LDA400_abstract_weight__264_attention_attentional_orienting,-0.033265464
terms_abstract_tfidf__predict,-0.03329755
terms_abstract_tfidf__05,-0.03337379
terms_abstract_tfidf__apparent,-0.033504512
terms_abstract_tfidf__periaqueductal,-0.0335054
terms_abstract_tfidf__vermis,-0.03353605
terms_abstract_tfidf__alzheimer disease,-0.033597946
terms_abstract_tfidf__16 healthy,-0.0336151
LDA200_abstract_weight__35_automatic_situations_situation,-0.03361708
terms_abstract_tfidf__gender,-0.03365959
terms_abstract_tfidf__reflected,-0.03369878
LDA400_abstract_weight__397_performance_impaired_poor,-0.03370382
terms_abstract_tfidf__pairs,-0.03372677
terms_abstract_tfidf__access,-0.03386397
LDA400_abstract_weight__177_ms_source_sources,-0.033891164
LDA50_abstract_weight__29_stress_ptsd_trauma,-0.03391319
terms_abstract_tfidf__modulatory,-0.03393292
terms_abstract_tfidf__instructions,-0.03394161
terms_abstract_tfidf__patient,-0.03396499
terms_abstract_tfidf__difficult,-0.034074895
terms_abstract_tfidf__crossover,-0.034087244
terms_abstract_tfidf__great,-0.03409873
terms_abstract_tfidf__anxiety,-0.034105893
terms_abstract_tfidf__activities,-0.034118388
terms_abstract_tfidf__classification,-0.034147613
terms_abstract_tfidf__emotionally,-0.03421091
LDA400_abstract_weight__175_acupuncture_stimulation_sa,-0.03431297
terms_abstract_tfidf__enable,-0.03438847
terms_abstract_tfidf__matching task,-0.03439435
terms_abstract_tfidf__addition,-0.03443944
terms_abstract_tfidf__considered,-0.034491967
terms_abstract_tfidf__instruction,-0.034635402
terms_abstract_tfidf__goal directed,-0.03473804
terms_abstract_tfidf__remained,-0.034762345
terms_abstract_tfidf__regional,-0.034784626
terms_abstract_tfidf__anterior prefrontal,-0.03480288
terms_abstract_tfidf__interventions,-0.034816388
LDA200_abstract_weight__42_negative_positive_vmpfc,-0.034940314
terms_abstract_tfidf__sided,-0.03496985
terms_abstract_tfidf__regional cerebral,-0.035018858
terms_abstract_tfidf__education,-0.035026502
LDA100_abstract_weight__13_action_actions_smokers,-0.035119683
terms_abstract_tfidf__taste,-0.035143986
terms_abstract_tfidf__structures,-0.03522483
terms_abstract_tfidf__trial,-0.035282765
terms_abstract_tfidf__biases,-0.03539354
terms_abstract_tfidf__controlling,-0.035418037
LDA200_abstract_weight__1_treatment_therapy_baseline,-0.035462886
terms_abstract_tfidf__substrate,-0.03548243
terms_abstract_tfidf__seven,-0.035566922
terms_abstract_tfidf__influenced,-0.03558657
terms_abstract_tfidf__markers,-0.03562079
terms_abstract_tfidf__reinforcement,-0.035632517
terms_abstract_tfidf__chronic pain,-0.035635408
terms_abstract_tfidf__emotional faces,-0.035647675
terms_abstract_tfidf__threatening,-0.03566105
terms_abstract_tfidf__modulation,-0.03583718
terms_abstract_tfidf__attributes,-0.035853624
LDA200_abstract_weight__97_adaptation_selective_stimulus,-0.035867713
LDA100_abstract_weight__51_light_mechanisms_underlying,-0.035886075
terms_abstract_tfidf__intact,-0.035890218
terms_abstract_tfidf__using resting,-0.03589327
LDA400_abstract_weight__347_high_level_resolution,-0.035942663
terms_abstract_tfidf__distance,-0.03600767
terms_abstract_tfidf__step,-0.03601985
terms_abstract_tfidf__matter,-0.03606519
terms_abstract_tfidf__negatively correlated,-0.036109455
LDA400_abstract_weight__396_human_humans_animal,-0.03618915
terms_abstract_tfidf__arousal,-0.03620182
LDA100_abstract_weight__49_attention_attentional_task,-0.036253877
LDA400_abstract_weight__132_cues_cue_cued,-0.03626096
terms_abstract_tfidf__quantify,-0.036293805
terms_abstract_tfidf__handedness,-0.03638446
terms_abstract_tfidf__reward anticipation,-0.0364157
terms_abstract_tfidf__normally,-0.036471583
terms_abstract_tfidf__depression,-0.036476433
terms_abstract_tfidf__scanned using,-0.036482684
terms_abstract_tfidf__effect,-0.036506835
terms_abstract_tfidf__rehabilitation,-0.036624808
terms_abstract_tfidf__neurophysiological,-0.036657277
terms_abstract_tfidf__affect,-0.03674624
terms_abstract_tfidf__met,-0.036772177
terms_abstract_tfidf__summary,-0.03683336
terms_abstract_tfidf__beta,-0.036874596
terms_abstract_tfidf__psychophysiological,-0.03706512
terms_abstract_tfidf__signs,-0.037287805
terms_abstract_tfidf__avoid,-0.03738152
terms_abstract_tfidf__extinction,-0.03739694
terms_abstract_tfidf__controls hc,-0.03748598
terms_abstract_tfidf__conditioning,-0.037572138
terms_abstract_tfidf__disorders,-0.037644353
terms_abstract_tfidf__individuals,-0.03769222
terms_abstract_tfidf__chinese,-0.037704494
terms_abstract_tfidf__degrees,-0.03772078
terms_abstract_tfidf__multimodal,-0.03779749
terms_abstract_tfidf__predicting,-0.03782412
LDA400_abstract_weight__321_important_play_suggest,-0.037838284
terms_abstract_tfidf__goal,-0.037849624
terms_abstract_tfidf__motor function,-0.037919983
LDA400_abstract_weight__304_epilepsy_lobe_temporal,-0.038133312
terms_abstract_tfidf__run,-0.03825311
terms_abstract_tfidf__learning task,-0.03837676
terms_abstract_tfidf__surprisingly,-0.03838847
terms_abstract_tfidf__conclude,-0.038491577
LDA200_abstract_weight__131_test_performance_intelligence,-0.03851631
terms_abstract_tfidf__standardized,-0.038602117
terms_abstract_tfidf__voxel,-0.03868893
terms_abstract_tfidf__multiple,-0.038786385
LDA400_abstract_weight__76_als_scores_students,-0.038801316
terms_abstract_tfidf__cognitive tasks,-0.038825624
terms_abstract_tfidf__watching,-0.03882937
terms_abstract_tfidf__relatively,-0.03894623
terms_abstract_tfidf__fractional anisotropy,-0.038951296
terms_abstract_tfidf__marker,-0.038972143
terms_abstract_tfidf__reductions,-0.039021365
terms_abstract_tfidf__facilitated,-0.039074197
terms_abstract_tfidf__amplitudes,-0.03917981
terms_abstract_tfidf__neurons,-0.03919567
terms_abstract_tfidf__executed,-0.03920258
LDA400_abstract_weight__302_touch_tactile_somatosensory,-0.03925942
terms_abstract_tfidf__needs,-0.039353386
LDA100_abstract_weight__77_maps_images_standard,-0.039380603
terms_abstract_tfidf__measure,-0.039447565
terms_abstract_tfidf__visuo spatial,-0.039451934
LDA200_abstract_weight__113_network_global_local,-0.039463412
LDA200_abstract_weight__165_early_stage_late,-0.039532945
terms_abstract_tfidf__unilateral,-0.039535638
terms_abstract_tfidf__digit,-0.03964286
terms_abstract_tfidf__learning,-0.039738335
terms_abstract_tfidf__recently,-0.039789952
LDA200_abstract_weight__23_reasoning_relational_relations,-0.03981806
terms_abstract_tfidf__correlated,-0.039853234
LDA200_abstract_weight__98_cbf_perfusion_cerebral,-0.039954472
terms_abstract_tfidf__defined,-0.039966118
terms_abstract_tfidf__disease ad,-0.03999231
terms_abstract_tfidf__offer,-0.04008553
terms_abstract_tfidf__example,-0.040102568
terms_abstract_tfidf__extensive,-0.04011841
terms_abstract_tfidf__diagnostic,-0.040120173
terms_abstract_tfidf__task irrelevant,-0.040120527
terms_abstract_tfidf__white matter,-0.040122747
terms_abstract_tfidf__episodes,-0.040126424
terms_abstract_tfidf__anisotropy,-0.040206853
terms_abstract_tfidf__stimulus,-0.040253535
terms_abstract_tfidf__factorial design,-0.040290866
terms_abstract_tfidf__sites,-0.04033628
terms_abstract_tfidf__stress disorder,-0.040380925
terms_abstract_tfidf__limbic,-0.040421445
terms_abstract_tfidf__categorization,-0.040470596
terms_abstract_tfidf__resting,-0.04050317
terms_abstract_tfidf__therapy,-0.04050743
terms_abstract_tfidf__modulated,-0.04055221
terms_abstract_tfidf__14,-0.04055261
LDA400_abstract_weight__297_attention_attentional_attended,-0.040673472
terms_abstract_tfidf__disorder ptsd,-0.04068941
LDA400_abstract_weight__48_faces_amygdala_emotional,-0.04074083
terms_abstract_tfidf__remember,-0.040777747
LDA400_abstract_weight__289_model_vestibular_dcm,-0.04083736
terms_abstract_tfidf__grey matter,-0.04085388
terms_abstract_tfidf__women,-0.040899895
terms_abstract_tfidf__frontopolar,-0.040927734
terms_abstract_tfidf__leading,-0.040941738
terms_abstract_tfidf__objective,-0.0409432
terms_abstract_tfidf__understood,-0.040999103
terms_abstract_tfidf__located,-0.04112486
LDA400_abstract_weight__235_pairs_associative_associations,-0.041130245
terms_abstract_tfidf__design,-0.041202113
terms_abstract_tfidf__event design,-0.041221216
terms_abstract_tfidf__discriminative,-0.041396186
terms_abstract_tfidf__introduced,-0.04150535
terms_abstract_tfidf__depressive disorder,-0.041531406
terms_abstract_tfidf__sectional,-0.041560255
terms_abstract_tfidf__cross sectional,-0.041560255
LDA100_abstract_weight__44_target_detection_targets,-0.041565776
terms_abstract_tfidf__congruency,-0.04168261
terms_abstract_tfidf__resting state,-0.041691054
terms_abstract_tfidf__elicits,-0.04169788
terms_abstract_tfidf__relational,-0.04179466
terms_abstract_tfidf__decision making,-0.04191112
terms_abstract_tfidf__affects,-0.041951418
terms_abstract_tfidf__understand,-0.04198844
LDA400_abstract_weight__269_mi_withdrawal_sfc,-0.042025473
terms_abstract_tfidf__state functional,-0.042190734
LDA50_abstract_weight__13_fear_threat_smokers,-0.042224675
terms_abstract_tfidf__deactivation,-0.042237256
LDA400_abstract_weight__213_sexual_love_romantic,-0.042294666
terms_abstract_tfidf__gray matter,-0.042405095
terms_abstract_tfidf__potentially,-0.042558804
terms_abstract_tfidf__examination,-0.042760532
LDA200_abstract_weight__180_amygdala_threat_fear,-0.042783912
terms_abstract_tfidf__unmedicated,-0.042802185
terms_abstract_tfidf__delay,-0.042814817
terms_abstract_tfidf__motivation,-0.042900626
terms_abstract_tfidf__formation,-0.04290203
terms_abstract_tfidf__causes,-0.04292354
terms_abstract_tfidf__single,-0.042928927
terms_abstract_tfidf__midline,-0.042955454
terms_abstract_tfidf__gyrus cerebellum,-0.043115735
terms_abstract_tfidf__37,-0.043150373
terms_abstract_tfidf__associations,-0.043224864
terms_abstract_tfidf__away,-0.043316677
terms_abstract_tfidf__controls,-0.043333646
terms_abstract_tfidf__movements,-0.043402422
LDA200_abstract_weight__192_stimulus_trials_trial,-0.043402523
terms_abstract_tfidf__functional coupling,-0.043415785
terms_abstract_tfidf__anger,-0.04350145
terms_abstract_tfidf__reactions,-0.043551706
terms_abstract_tfidf__connectivity rsfc,-0.04360125
LDA400_abstract_weight__102_hippocampal_hippocampus_memory,-0.043607276
LDA100_abstract_weight__79_spatial_cues_cue,-0.043693334
LDA400_abstract_weight__228_independent_model_approach,-0.04387898
terms_abstract_tfidf__callosum,-0.043882478
terms_abstract_tfidf__corpus callosum,-0.043882478
terms_abstract_tfidf__items,-0.04389068
terms_abstract_tfidf__ratio,-0.043924123
terms_abstract_tfidf__corrected,-0.04393025
terms_abstract_tfidf__rsfc,-0.043981902
terms_abstract_tfidf__resources,-0.044066798
terms_abstract_tfidf__youth,-0.044081356
terms_abstract_tfidf__separated,-0.044088356
terms_abstract_tfidf__scores,-0.044132475
terms_abstract_tfidf__old,-0.044145692
terms_abstract_tfidf__advance,-0.04415565
terms_abstract_tfidf__lobes,-0.044164497
terms_abstract_tfidf__collected,-0.04417104
LDA200_abstract_weight__62_matter_volume_grey,-0.044204794
terms_abstract_tfidf__improves,-0.044247106
terms_abstract_tfidf__strongest,-0.04441144
terms_abstract_tfidf__generalized,-0.04443733
terms_abstract_tfidf__connectivity analyses,-0.044457242
terms_abstract_tfidf__hoc,-0.044465642
terms_abstract_tfidf__recognize,-0.04447462
terms_abstract_tfidf__especially,-0.044504937
terms_abstract_tfidf__evolution,-0.044606764
terms_abstract_tfidf__extend,-0.04461936
terms_abstract_tfidf__needed,-0.044624288
terms_abstract_tfidf__fear,-0.04464227
terms_abstract_tfidf__prolonged,-0.044781115
terms_abstract_tfidf__rs,-0.044832382
terms_abstract_tfidf__initial,-0.045017708
terms_abstract_tfidf__healthy controls,-0.045069735
terms_abstract_tfidf__impacts,-0.045104574
terms_abstract_tfidf__clusters,-0.045180287
LDA400_abstract_weight__161_smokers_smoking_nicotine,-0.045260258
LDA200_abstract_weight__193_mirror_video_imitation,-0.045295987
terms_abstract_tfidf__memory processes,-0.04530421
terms_abstract_tfidf__shown,-0.04531932
terms_abstract_tfidf__eye movement,-0.04533214
terms_abstract_tfidf__contextual,-0.045455437
terms_abstract_tfidf__cortex ventral,-0.045500327
terms_abstract_tfidf__post hoc,-0.04550457
terms_abstract_tfidf__assess,-0.04554354
terms_abstract_tfidf__resulted,-0.04559094
terms_abstract_tfidf__validity,-0.04586919
terms_abstract_tfidf__density,-0.045945834
LDA200_abstract_weight__25_state_resting_fc,-0.045969278
LDA100_abstract_weight__4_term_long_repetition,-0.04599488
terms_abstract_tfidf__oriented,-0.045996774
LDA50_abstract_weight__22_method_group_approach,-0.046011593
terms_abstract_tfidf__mediated,-0.046115946
terms_abstract_tfidf__difference,-0.046193626
terms_abstract_tfidf__suggest,-0.046258595
terms_abstract_tfidf__precuneus,-0.04627725
terms_abstract_tfidf__consciousness,-0.046330135
terms_abstract_tfidf__critical role,-0.04634891
terms_abstract_tfidf__report,-0.046407375
terms_abstract_tfidf__categorical,-0.046465926
terms_abstract_tfidf__conjunction,-0.046549007
terms_abstract_tfidf__changed,-0.04666562
terms_abstract_tfidf__reports,-0.046799194
terms_abstract_tfidf__tesla,-0.046887454
terms_abstract_tfidf__unknown,-0.046955653
terms_abstract_tfidf__corpus,-0.0469935
LDA400_abstract_weight__383_abstract_concrete_concepts,-0.047031738
terms_abstract_tfidf__disorder mdd,-0.047053326
terms_abstract_tfidf__crucially,-0.047225937
terms_abstract_tfidf__values,-0.047283597
terms_abstract_tfidf__interval,-0.047333647
terms_abstract_tfidf__users,-0.047371548
terms_abstract_tfidf__letter,-0.047419555
terms_abstract_tfidf__benefit,-0.04751008
LDA400_abstract_weight__266_ofc_orbitofrontal_cortex,-0.04764753
terms_abstract_tfidf__light,-0.04765074
terms_abstract_tfidf__altered,-0.04768196
LDA200_abstract_weight__29_matter_gray_volume,-0.047704875
terms_abstract_tfidf__useful,-0.047786266
terms_abstract_tfidf__volume,-0.047791515
terms_abstract_tfidf__maintained,-0.047808487
LDA50_abstract_weight__21_matter_volume_structural,-0.04789824
terms_abstract_tfidf__electrophysiological,-0.04791536
terms_abstract_tfidf__metabolism,-0.04797745
terms_abstract_tfidf__match,-0.048038512
terms_abstract_tfidf__respect,-0.04804811
terms_abstract_tfidf__naming,-0.048063997
terms_abstract_tfidf__software,-0.048198983
terms_abstract_tfidf__broader,-0.048213195
LDA200_abstract_weight__153_phase_women_menstrual,-0.04838332
terms_abstract_tfidf__severe,-0.04846849
terms_abstract_tfidf__capture,-0.04865241
terms_abstract_tfidf__did differ,-0.04866518
terms_abstract_tfidf__source,-0.04866656
terms_abstract_tfidf__achieved,-0.04868929
terms_abstract_tfidf__occur,-0.04869071
terms_abstract_tfidf__visually presented,-0.04877877
LDA100_abstract_weight__16_deaf_hearing_sign,-0.049036574
terms_abstract_tfidf__constant,-0.04915451
terms_abstract_tfidf__identity,-0.049175084
terms_abstract_tfidf__dynamics,-0.049223054
terms_abstract_tfidf__cue,-0.04923282
terms_abstract_tfidf__proportion,-0.049249437
terms_abstract_tfidf__hippocampus,-0.049253814
terms_abstract_tfidf__trial trial,-0.04926914
terms_abstract_tfidf__explained,-0.049316924
terms_abstract_tfidf__whilst,-0.049359165
terms_abstract_tfidf__grey,-0.049360204
terms_abstract_tfidf__perceiving,-0.049383532
terms_abstract_tfidf__motor imagery,-0.049409945
terms_abstract_tfidf__conditioned,-0.049425527
terms_abstract_tfidf__heightened,-0.049468447
terms_abstract_tfidf__rapid,-0.049481925
terms_abstract_tfidf__sulcus ips,-0.049539696
terms_abstract_tfidf__monkey,-0.04955342
terms_abstract_tfidf__hands,-0.0496693
terms_abstract_tfidf__lateral orbitofrontal,-0.049688444
terms_abstract_tfidf__total,-0.049714483
terms_abstract_tfidf__cognitive deficits,-0.04979135
terms_abstract_tfidf__age healthy,-0.049911786
terms_abstract_tfidf__parameter,-0.05004296
LDA400_abstract_weight__346_matter_grey_volume,-0.05010813
terms_abstract_tfidf__anterior intraparietal,-0.0502426
LDA50_abstract_weight__11_learning_training_practice,-0.050298166
LDA400_abstract_weight__318_female_male_gender,-0.050340295
terms_abstract_tfidf__episodic,-0.05034327
terms_abstract_tfidf__plasticity,-0.050455693
LDA400_abstract_weight__32_fear_conditioning_extinction,-0.050490852
terms_abstract_tfidf__multi,-0.0504936
LDA100_abstract_weight__75_stress_alcohol_users,-0.050664075
terms_abstract_tfidf__press,-0.05068096
terms_abstract_tfidf__contain,-0.050693486
terms_abstract_tfidf__depressive,-0.05075863
terms_abstract_tfidf__assigned,-0.05079794
LDA400_abstract_weight__244_game_social_trust,-0.050840944
terms_abstract_tfidf__intermediate,-0.050966017
terms_abstract_tfidf__pattern,-0.051038876
LDA200_abstract_weight__64_attention_attentional_visual,-0.051083058
terms_abstract_tfidf__appear,-0.0511267
terms_abstract_tfidf__sleep,-0.051145483
terms_abstract_tfidf__characterizing,-0.0511511
terms_abstract_tfidf__modulate,-0.051172785
terms_abstract_tfidf__kinds,-0.05122674
terms_abstract_tfidf__low level,-0.0513104
terms_abstract_tfidf__enhance,-0.051372033
terms_abstract_tfidf__salience network,-0.051379908
LDA50_abstract_weight__33_memory_retrieval_encoding,-0.051380992
terms_abstract_tfidf__elevated,-0.051495474
terms_abstract_tfidf__anatomy,-0.051530335
terms_abstract_tfidf__gray,-0.051582735
terms_abstract_tfidf__integrate,-0.051595762
terms_abstract_tfidf__status,-0.051618777
LDA400_abstract_weight__209_exclusion_ds_rejection,-0.0518289
terms_abstract_tfidf__just,-0.051923554
terms_abstract_tfidf__conversely,-0.051936857
LDA100_abstract_weight__55_representations_representation_abstract,-0.052122943
terms_abstract_tfidf__resonance rs,-0.05220837
terms_abstract_tfidf__white,-0.052216817
terms_abstract_tfidf__memory encoding,-0.052217547
terms_abstract_tfidf__explicit,-0.05223548
terms_abstract_tfidf__account,-0.052235827
terms_abstract_tfidf__selective attention,-0.05228714
terms_abstract_tfidf__structural,-0.052320674
terms_abstract_tfidf__discrete,-0.05240834
terms_abstract_tfidf__documented,-0.052524626
LDA200_abstract_weight__70_classification_accuracy_machine,-0.052535094
terms_abstract_tfidf__following,-0.052536745
LDA400_abstract_weight__280_pcc_cingulate_precuneus,-0.052642636
LDA400_abstract_weight__14_central_capacity_nervous,-0.052694272
terms_abstract_tfidf__approach,-0.05273807
terms_abstract_tfidf__according,-0.052771047
terms_abstract_tfidf__correlation,-0.05284537
terms_abstract_tfidf__indicated,-0.05294114
terms_abstract_tfidf__framework,-0.053026702
terms_abstract_tfidf__anatomical,-0.05311239
terms_abstract_tfidf__specialized,-0.05311346
terms_abstract_tfidf__enabled,-0.053114224
LDA200_abstract_weight__10_ofc_orbitofrontal_cortex,-0.053177796
terms_abstract_tfidf__necessary,-0.053185415
terms_abstract_tfidf__combinations,-0.05325205
terms_abstract_tfidf__inventory,-0.05339738
terms_abstract_tfidf__saccades,-0.05344677
terms_abstract_tfidf__transfer,-0.05360434
terms_abstract_tfidf__gyrus precuneus,-0.05365291
LDA400_abstract_weight__38_post_pre_ht,-0.05378935
terms_abstract_tfidf__repeat,-0.053804934
terms_abstract_tfidf__probably,-0.053892113
terms_abstract_tfidf__potentials,-0.05390957
LDA400_abstract_weight__300_reliability_test_retest,-0.054258436
terms_abstract_tfidf__adaptation,-0.054569814
terms_abstract_tfidf__extension,-0.054675892
terms_abstract_tfidf__course,-0.054736696
LDA100_abstract_weight__86_women_men_sex,-0.05482636
terms_abstract_tfidf__maximum,-0.05489529
terms_abstract_tfidf__34,-0.055055488
terms_abstract_tfidf__hubs,-0.055078655
LDA400_abstract_weight__45_training_trained_transfer,-0.05510095
LDA400_abstract_weight__377_rsfc_state_resting,-0.055110548
terms_abstract_tfidf__requiring,-0.055149492
terms_abstract_tfidf__demonstrates,-0.055179168
LDA400_abstract_weight__15_pattern_patterns_multivariate,-0.05521267
terms_abstract_tfidf__observers,-0.0552647
terms_abstract_tfidf__touch,-0.055415485
terms_abstract_tfidf__range,-0.05543689
terms_abstract_tfidf__increases,-0.055452347
terms_abstract_tfidf__arm,-0.05565018
terms_abstract_tfidf__analyzed,-0.05573738
LDA200_abstract_weight__51_sustained_transient_monitoring,-0.055790957
terms_abstract_tfidf__disgust,-0.05581801
terms_abstract_tfidf__composed,-0.05586065
LDA400_abstract_weight__89_range_wide_characteristic,-0.055876292
terms_abstract_tfidf__human,-0.0559232
terms_abstract_tfidf__time course,-0.05592416
terms_abstract_tfidf__case,-0.05592899
terms_abstract_tfidf__central role,-0.05605442
terms_abstract_tfidf__pathways,-0.056088146
terms_abstract_tfidf__induces,-0.05618287
terms_abstract_tfidf__ones,-0.056355026
terms_abstract_tfidf__hippocampal,-0.056365214
terms_abstract_tfidf__subsequent memory,-0.056441437
terms_abstract_tfidf__lower,-0.05649435
terms_abstract_tfidf__seen,-0.056665763
terms_abstract_tfidf__reality,-0.05672744
terms_abstract_tfidf__various,-0.05681765
LDA400_abstract_weight__282_illusion_illusory_contour,-0.05696492
LDA100_abstract_weight__70_pattern_patterns_classification,-0.057067137
terms_abstract_tfidf__30,-0.0571605
terms_abstract_tfidf__detailed,-0.05722346
terms_abstract_tfidf__random,-0.057234682
terms_abstract_tfidf__fully,-0.057347488
terms_abstract_tfidf__biological,-0.057350032
terms_abstract_tfidf__facial expression,-0.057415716
LDA200_abstract_weight__188_sleep_sd_als,-0.05742399
LDA400_abstract_weight__55_perceptual_discrimination_perception,-0.05744248
terms_abstract_tfidf__manipulation,-0.05752054
terms_abstract_tfidf__coherent,-0.057527564
terms_abstract_tfidf__2014,-0.057558652
terms_abstract_tfidf__signals,-0.057574563
terms_abstract_tfidf__interestingly,-0.05764753
terms_abstract_tfidf__explored,-0.057786375
terms_abstract_tfidf__allow,-0.057806358
LDA400_abstract_weight__165_instruction_instructed_instructions,-0.05787254
terms_abstract_tfidf__linearly,-0.057958435
terms_abstract_tfidf__orbitofrontal cortex,-0.057995815
LDA200_abstract_weight__167_human_humans_animal,-0.058001272
terms_abstract_tfidf__reveal,-0.058014724
terms_abstract_tfidf__intraparietal,-0.05809485
terms_abstract_tfidf__encoding retrieval,-0.058096897
terms_abstract_tfidf__anxiety disorders,-0.058190145
terms_abstract_tfidf__mr,-0.05841591
terms_abstract_tfidf__shaped,-0.05854222
terms_abstract_tfidf__debated,-0.058551498
terms_abstract_tfidf__compensate,-0.058687102
LDA200_abstract_weight__26_time_delay_temporal,-0.058721486
terms_abstract_tfidf__appraisal,-0.058746316
terms_abstract_tfidf__intraparietal sulcus,-0.058758795
LDA400_abstract_weight__23_reading_letter_chinese,-0.05890947
terms_abstract_tfidf__stimuli,-0.058920268
terms_abstract_tfidf__characteristic,-0.058946654
LDA200_abstract_weight__87_ptsd_trauma_stress,-0.05898572
terms_abstract_tfidf__protocol,-0.05898757
terms_abstract_tfidf__existence,-0.059037965
terms_abstract_tfidf__displayed,-0.05924085
terms_abstract_tfidf__mdd,-0.059245683
terms_abstract_tfidf__putative,-0.05927095
terms_abstract_tfidf__specified,-0.059413485
terms_abstract_tfidf__finally,-0.05951153
terms_abstract_tfidf__employed,-0.05959955
terms_abstract_tfidf__functional connections,-0.0596202
terms_abstract_tfidf__aimed,-0.059710413
terms_abstract_tfidf__detection task,-0.05974933
LDA100_abstract_weight__83_cortex_anterior_cingulate,-0.059770618
terms_abstract_tfidf__play role,-0.05983151
terms_abstract_tfidf__life,-0.05984469
terms_abstract_tfidf__substantially,-0.05990659
terms_abstract_tfidf__stress,-0.059912562
terms_abstract_tfidf__illustrate,-0.059981078
terms_abstract_tfidf__19,-0.059996612
terms_abstract_tfidf__childhood,-0.06004721
terms_abstract_tfidf__administered,-0.060050346
terms_abstract_tfidf__upper,-0.06021832
terms_abstract_tfidf__called,-0.06025339
terms_abstract_tfidf__insight,-0.060386352
terms_abstract_tfidf__modal,-0.060432285
LDA200_abstract_weight__104_smokers_smoking_nicotine,-0.060476225
terms_abstract_tfidf__recognition,-0.060497005
terms_abstract_tfidf__attention,-0.060644113
LDA400_abstract_weight__394_identified_independent_multiple,-0.06073531
terms_abstract_tfidf__29,-0.06079986
terms_abstract_tfidf__mci,-0.060828667
LDA400_abstract_weight__157_repetition_priming_repeated,-0.060830634
terms_abstract_tfidf__later,-0.06085651
terms_abstract_tfidf__parts,-0.060955025
terms_abstract_tfidf__visual stimulus,-0.060985595
terms_abstract_tfidf__distractor,-0.061167438
LDA200_abstract_weight__147_target_search_targets,-0.061173797
terms_abstract_tfidf__background,-0.061176173
terms_abstract_tfidf__orbitofrontal,-0.0612942
terms_abstract_tfidf__tracking,-0.061401818
terms_abstract_tfidf__inputs,-0.061406408
terms_abstract_tfidf__display,-0.061441563
terms_abstract_tfidf__biased,-0.061543103
terms_abstract_tfidf__line,-0.061697092
LDA200_abstract_weight__19_illusion_physical_perceived,-0.061716042
terms_abstract_tfidf__syndrome,-0.061724953
terms_abstract_tfidf__previous reports,-0.061804056
terms_abstract_tfidf__divided,-0.06188023
terms_abstract_tfidf__unique,-0.06189225
terms_abstract_tfidf__score,-0.061894886
LDA400_abstract_weight__103_types_type_similarity,-0.061924342
terms_abstract_tfidf__block,-0.061969332
terms_abstract_tfidf__mapped,-0.062000167
terms_abstract_tfidf__threat,-0.062041223
terms_abstract_tfidf__reference,-0.06210169
terms_abstract_tfidf__orthographic,-0.062196143
terms_abstract_tfidf__medial orbitofrontal,-0.062223673
terms_abstract_tfidf__advanced,-0.06233892
LDA100_abstract_weight__26_fear_anxiety_ptsd,-0.062365953
LDA100_abstract_weight__80_pictures_images_aversive,-0.062382545
LDA400_abstract_weight__59_writing_drawing_figure,-0.06246976
terms_abstract_tfidf__emission tomography,-0.062481638
LDA200_abstract_weight__40_ventral_dorsal_stream,-0.06250908
LDA400_abstract_weight__133_video_clips_viewing,-0.06285583
terms_abstract_tfidf__familiar,-0.06291757
terms_abstract_tfidf__bodily,-0.06294449
terms_abstract_tfidf__names,-0.06298745
terms_abstract_tfidf__consider,-0.063048616
terms_abstract_tfidf__fearful faces,-0.063131265
terms_abstract_tfidf__saccade,-0.063142575
terms_abstract_tfidf__expression,-0.06315551
terms_abstract_tfidf__setting,-0.063160986
terms_abstract_tfidf__variations,-0.06320871
terms_abstract_tfidf__differentially,-0.06326304
terms_abstract_tfidf__cortex vmpfc,-0.0632646
LDA100_abstract_weight__17_human_humans_animal,-0.0632834
terms_abstract_tfidf__gradient,-0.06334295
LDA400_abstract_weight__313_matter_gray_volume,-0.063371785
terms_abstract_tfidf__watched,-0.06338468
terms_abstract_tfidf__online,-0.06341033
terms_abstract_tfidf__small,-0.06373743
terms_abstract_tfidf__fearful,-0.06376362
LDA200_abstract_weight__72_items_pairs_item,-0.063789845
terms_abstract_tfidf__fast,-0.063874096
terms_abstract_tfidf__year old,-0.063882016
terms_abstract_tfidf__video clips,-0.06404396
terms_abstract_tfidf__parahippocampus,-0.06405111
terms_abstract_tfidf__interpret,-0.064111
terms_abstract_tfidf__mass,-0.064148165
terms_abstract_tfidf__special,-0.0641642
terms_abstract_tfidf__interoceptive,-0.06418334
terms_abstract_tfidf__play important,-0.06424497
terms_abstract_tfidf__engages,-0.06425481
terms_abstract_tfidf__prime,-0.0642781
terms_abstract_tfidf__relevant information,-0.06431011
LDA400_abstract_weight__276_tactile_synchrony_synchronous,-0.06433908
LDA400_abstract_weight__134_parietal_ppc_posterior,-0.06441821
terms_abstract_tfidf__morphological,-0.064418316
LDA400_abstract_weight__156_practice_generation_retention,-0.064532064
terms_abstract_tfidf__rationale,-0.0646349
terms_abstract_tfidf__processes underlying,-0.06470383
terms_abstract_tfidf__cortex involved,-0.064737715
terms_abstract_tfidf__evaluating,-0.06477524
terms_abstract_tfidf__positron,-0.06485656
terms_abstract_tfidf__passively,-0.06486855
terms_abstract_tfidf__volumetric,-0.06488573
terms_abstract_tfidf__ptsd,-0.06493515
terms_abstract_tfidf__ips,-0.06497611
LDA400_abstract_weight__364_network_graph_local,-0.06500489
terms_abstract_tfidf__positron emission,-0.06504128
terms_abstract_tfidf__effects,-0.06508527
terms_abstract_tfidf__preliminary,-0.065103866
LDA400_abstract_weight__197_stress_cortisol_response,-0.06514617
LDA200_abstract_weight__158_pet_glucose_metabolism,-0.06524763
terms_abstract_tfidf__highlights,-0.06525449
LDA100_abstract_weight__9_imagery_mental_events,-0.06542339
terms_abstract_tfidf__explanation,-0.065424435
terms_abstract_tfidf__distractors,-0.0654823
terms_abstract_tfidf__exposed,-0.06548403
LDA400_abstract_weight__308_sleep_consolidation_deprivation,-0.065558665
terms_abstract_tfidf__perception,-0.06570627
terms_abstract_tfidf__resonance images,-0.06574366
terms_abstract_tfidf__play,-0.065795355
terms_abstract_tfidf__particularly,-0.06582295
terms_abstract_tfidf__multisensory,-0.06582956
terms_abstract_tfidf__emission,-0.06590641
terms_abstract_tfidf__matter volume,-0.066055335
terms_abstract_tfidf__original,-0.06613059
terms_abstract_tfidf__concurrent,-0.06619117
LDA200_abstract_weight__101_ms_source_sources,-0.06622662
LDA100_abstract_weight__50_perceptual_perception_interaction,-0.06637334
terms_abstract_tfidf__coordinates,-0.06638844
terms_abstract_tfidf__characters,-0.06639731
LDA100_abstract_weight__54_adhd_food_weight,-0.066427924
terms_abstract_tfidf__resolution,-0.066472866
terms_abstract_tfidf__appears,-0.06661714
LDA400_abstract_weight__111_pictures_neutral_picture,-0.066620655
terms_abstract_tfidf__vmpfc,-0.066637956
terms_abstract_tfidf__healthy individuals,-0.06681441
terms_abstract_tfidf__latency,-0.06691748
terms_abstract_tfidf__damage,-0.06699058
terms_abstract_tfidf__successfully,-0.06699725
terms_abstract_tfidf__prior,-0.06702395
LDA400_abstract_weight__239_ptsd_trauma_stress,-0.06702845
terms_abstract_tfidf__speed,-0.06709466
terms_abstract_tfidf__sensorimotor network,-0.0671228
terms_abstract_tfidf__ppc,-0.06714834
LDA400_abstract_weight__329_items_recognition_item,-0.06720034
terms_abstract_tfidf__smoking,-0.067282446
LDA200_abstract_weight__44_reho_resting_state,-0.06751116
terms_abstract_tfidf__mechanism,-0.0677144
terms_abstract_tfidf__negatively,-0.067774616
terms_abstract_tfidf__medial temporal,-0.067950994
terms_abstract_tfidf__represents,-0.06796442
terms_abstract_tfidf__depicting,-0.067987785
LDA200_abstract_weight__111_memory_encoding_hippocampal,-0.068021595
terms_abstract_tfidf__cross,-0.06808323
terms_abstract_tfidf__specificity,-0.068216614
terms_abstract_tfidf__dimensions,-0.06832859
terms_abstract_tfidf__eating,-0.06835407
terms_abstract_tfidf__visuospatial,-0.06839776
terms_abstract_tfidf__examining,-0.068785466
LDA400_abstract_weight__150_interaction_main_session,-0.0687937
terms_abstract_tfidf__neutral pictures,-0.068807095
terms_abstract_tfidf__fractional,-0.0688252
terms_abstract_tfidf__connectivity amygdala,-0.06898478
terms_abstract_tfidf__role,-0.06905962
LDA200_abstract_weight__114_vestibular_tbi_injury,-0.06922227
terms_abstract_tfidf__salience,-0.06922643
terms_abstract_tfidf__representations,-0.069233365
LDA50_abstract_weight__40_face_faces_facial,-0.0698359
terms_abstract_tfidf__seventeen,-0.07024296
terms_abstract_tfidf__judged,-0.07032099
terms_abstract_tfidf__transient,-0.07033117
terms_abstract_tfidf__did,-0.07040395
terms_abstract_tfidf__cross modal,-0.070418246
terms_abstract_tfidf__features,-0.07053305
terms_abstract_tfidf__correlated positively,-0.07058869
terms_abstract_tfidf__sample,-0.07106112
terms_abstract_tfidf__combining,-0.07106261
terms_abstract_tfidf__posttraumatic,-0.071112424
terms_abstract_tfidf__experimental,-0.07144026
LDA200_abstract_weight__132_mtl_temporal_medial,-0.0715339
terms_abstract_tfidf__methods,-0.07175191
terms_abstract_tfidf__predicts,-0.07178518
terms_abstract_tfidf__deactivations,-0.07179606
terms_abstract_tfidf__purpose,-0.07181115
terms_abstract_tfidf__eye,-0.07223894
terms_abstract_tfidf__correlated negatively,-0.07233126
terms_abstract_tfidf__episodic memory,-0.072356634
terms_abstract_tfidf__happy faces,-0.07244354
terms_abstract_tfidf__oscillations,-0.072459966
terms_abstract_tfidf__bias,-0.072466575
terms_abstract_tfidf__cortex ppc,-0.07255727
terms_abstract_tfidf__high frequency,-0.07261527
terms_abstract_tfidf__grasping,-0.07261601
LDA400_abstract_weight__188_prior_initial_time,-0.07278084
terms_abstract_tfidf__contains,-0.07279479
LDA400_abstract_weight__0_exercise_igd_internet,-0.0728264
terms_abstract_tfidf__participant,-0.07293167
terms_abstract_tfidf__animal,-0.07294776
terms_abstract_tfidf__environment,-0.07296575
terms_abstract_tfidf__single trial,-0.07300903
terms_abstract_tfidf__food,-0.07303963
terms_abstract_tfidf__considering,-0.07311964
terms_abstract_tfidf__resulting,-0.07314319
terms_abstract_tfidf__ventral,-0.07322397
terms_abstract_tfidf__plays role,-0.073290944
terms_abstract_tfidf__neuropsychological,-0.073474705
LDA200_abstract_weight__107_model_models_linear,-0.073684536
LDA400_abstract_weight__376_space_distance_line,-0.073742054
terms_abstract_tfidf__fields,-0.07385205
terms_abstract_tfidf__generally,-0.07411886
terms_abstract_tfidf__cortical involved,-0.07425087
terms_abstract_tfidf__fluctuation,-0.074355535
terms_abstract_tfidf__improve,-0.074464515
terms_abstract_tfidf__spontaneous,-0.074505016
terms_abstract_tfidf__symbolic,-0.07453946
terms_abstract_tfidf__origin,-0.07472661
terms_abstract_tfidf__action observation,-0.07481408
terms_abstract_tfidf__highlighted,-0.07482464
terms_abstract_tfidf__tomography,-0.07498649
LDA400_abstract_weight__292_task_relevant_irrelevant,-0.075023144
terms_abstract_tfidf__periodicals,-0.075032085
terms_abstract_tfidf__wiley periodicals,-0.075032085
terms_abstract_tfidf__20 healthy,-0.07520495
terms_abstract_tfidf__linear,-0.07529357
terms_abstract_tfidf__fluctuations,-0.0757943
terms_abstract_tfidf__item,-0.0760652
terms_abstract_tfidf__retrosplenial cortex,-0.07628851
LDA100_abstract_weight__90_reho_resting_state,-0.07634544
terms_abstract_tfidf__correlating,-0.076423354
terms_abstract_tfidf__type,-0.076515876
terms_abstract_tfidf__primarily,-0.07652394
LDA50_abstract_weight__10_food_taste_weight,-0.0766002
LDA400_abstract_weight__273_threat_fear_anxiety,-0.07675752
terms_abstract_tfidf__easy,-0.07678322
LDA200_abstract_weight__68_high_level_higher,-0.076999426
terms_abstract_tfidf__acute,-0.07707776
terms_abstract_tfidf__lobe mtl,-0.07708361
terms_abstract_tfidf__reliance,-0.07711827
terms_abstract_tfidf__cortex bilaterally,-0.07716251
terms_abstract_tfidf__selected,-0.07721058
LDA400_abstract_weight__153_women_men_sex,-0.07722431
terms_abstract_tfidf__contribute,-0.0772969
terms_abstract_tfidf__directed,-0.07741567
terms_abstract_tfidf__video,-0.07750563
LDA400_abstract_weight__74_fg_values_dbs,-0.07768661
LDA400_abstract_weight__81_vmpfc_ventromedial_prefrontal,-0.07771016
terms_abstract_tfidf__individually,-0.07782312
terms_abstract_tfidf__avoidance,-0.07790759
terms_abstract_tfidf__decreases,-0.07833508
LDA400_abstract_weight__256_encoding_memory_recognition,-0.07836016
terms_abstract_tfidf__remembering,-0.078467876
terms_abstract_tfidf__low,-0.07856596
LDA400_abstract_weight__24_identification_view_views,-0.07881309
terms_abstract_tfidf__80,-0.07891375
terms_abstract_tfidf__reaching,-0.07898745
terms_abstract_tfidf__complex,-0.07905088
LDA400_abstract_weight__47_fc_resting_state,-0.079058245
terms_abstract_tfidf__points,-0.079186976
LDA200_abstract_weight__125_expertise_experts_ic,-0.07924458
terms_abstract_tfidf__presented,-0.07941307
terms_abstract_tfidf__gamma,-0.07959544
terms_abstract_tfidf__high,-0.079903826
terms_abstract_tfidf__important role,-0.08010558
terms_abstract_tfidf__establish,-0.08010622
terms_abstract_tfidf__illusion,-0.08021678
terms_abstract_tfidf__sustained,-0.08023193
terms_abstract_tfidf__erp,-0.08029031
LDA200_abstract_weight__120_hand_movements_limb,-0.08030075
terms_abstract_tfidf__pointing,-0.08036391
terms_abstract_tfidf__low frequency,-0.08039192
LDA400_abstract_weight__241_expertise_experts_novices,-0.08043201
terms_abstract_tfidf__priori,-0.08052065
terms_abstract_tfidf__structural functional,-0.080581576
terms_abstract_tfidf__yielded,-0.08072638
terms_abstract_tfidf__collectively,-0.08083673
terms_abstract_tfidf__pair,-0.0808421
terms_abstract_tfidf__power,-0.08096349
terms_abstract_tfidf__scales,-0.08105536
terms_abstract_tfidf__letters,-0.08149166
terms_abstract_tfidf__abnormalities,-0.08157216
terms_abstract_tfidf__neutral faces,-0.08162071
terms_abstract_tfidf__visually,-0.08165843
LDA400_abstract_weight__2_sulcus_intraparietal_ips,-0.08175207
terms_abstract_tfidf__development,-0.08207358
terms_abstract_tfidf__recorded,-0.08223232
terms_abstract_tfidf__dimension,-0.082487024
terms_abstract_tfidf__diseases,-0.08252093
LDA400_abstract_weight__202_classification_accuracy_machine,-0.082575254
LDA400_abstract_weight__368_pathway_pathways_indirect,-0.08264333
terms_abstract_tfidf__methods functional,-0.08275154
terms_abstract_tfidf__face recognition,-0.08277972
LDA400_abstract_weight__46_neuronal_single_relevance,-0.08278794
terms_abstract_tfidf__constructed,-0.08280624
terms_abstract_tfidf__cortex ofc,-0.08298442
terms_abstract_tfidf__enables,-0.08301236
terms_abstract_tfidf__connectivity fc,-0.08305698
terms_abstract_tfidf__ventral dorsal,-0.083283976
LDA400_abstract_weight__192_pet_cerebral_rcbf,-0.083340526
LDA50_abstract_weight__49_depression_mdd_state,-0.08357967
terms_abstract_tfidf__irrelevant,-0.08370948
LDA400_abstract_weight__90_perception_perceived_subliminal,-0.08375725
terms_abstract_tfidf__structural magnetic,-0.083764955
terms_abstract_tfidf__created,-0.084017836
terms_abstract_tfidf__shapes,-0.08412626
LDA400_abstract_weight__229_mtl_recollection_memory,-0.084168285
terms_abstract_tfidf__videos,-0.08423539
terms_abstract_tfidf__fixed,-0.08438066
terms_abstract_tfidf__wiley,-0.08438386
terms_abstract_tfidf__priming,-0.08483528
terms_abstract_tfidf__location,-0.08489274
terms_abstract_tfidf__similarity,-0.085016094
terms_abstract_tfidf__expertise,-0.08515999
terms_abstract_tfidf__static,-0.08525433
LDA400_abstract_weight__95_eye_saccade_saccades,-0.08525907
terms_abstract_tfidf__empirical,-0.085342325
terms_abstract_tfidf__overall,-0.085360505
terms_abstract_tfidf__investigates,-0.08559698
terms_abstract_tfidf__attention task,-0.08631839
terms_abstract_tfidf__relation,-0.086341016
terms_abstract_tfidf__sources,-0.08646287
terms_abstract_tfidf__feature,-0.08653774
terms_abstract_tfidf__specialization,-0.08656003
terms_abstract_tfidf__parametrically,-0.086661555
terms_abstract_tfidf__picture,-0.08683605
terms_abstract_tfidf__experimental conditions,-0.0870838
terms_abstract_tfidf__nervous,-0.08759844
LDA200_abstract_weight__169_acupuncture_stimulation_vstm,-0.087679826
LDA200_abstract_weight__54_food_weight_eating,-0.08771502
terms_abstract_tfidf__suffering,-0.08773005
terms_abstract_tfidf__low high,-0.08782264
terms_abstract_tfidf__inducing,-0.08786203
terms_abstract_tfidf__observation,-0.08790685
LDA400_abstract_weight__136_insight_hum_mapp,-0.08793097
terms_abstract_tfidf__encode,-0.0881506
terms_abstract_tfidf__subjective,-0.08821235
terms_abstract_tfidf__reactivity,-0.08821544
terms_abstract_tfidf__voxels,-0.088306285
terms_abstract_tfidf__limb,-0.08850013
terms_abstract_tfidf__ofc,-0.08867364
LDA400_abstract_weight__110_adaptation_repeated_code,-0.08869312
terms_abstract_tfidf__money,-0.08879661
terms_abstract_tfidf__abnormal,-0.08889214
terms_abstract_tfidf__animals,-0.08891581
terms_abstract_tfidf__limitations,-0.08903623
LDA400_abstract_weight__27_gaba_ratio_levels,-0.089223005
terms_abstract_tfidf__early stages,-0.08929462
terms_abstract_tfidf__like,-0.08939957
terms_abstract_tfidf__populations,-0.089441694
terms_abstract_tfidf__opposite,-0.08957917
terms_abstract_tfidf__experiments,-0.08969924
LDA50_abstract_weight__38_semantic_category_representations,-0.08972858
terms_abstract_tfidf__effectively,-0.08976094
terms_abstract_tfidf__matching,-0.08985892
terms_abstract_tfidf__hypotheses,-0.089871794
terms_abstract_tfidf__75,-0.090721294
terms_abstract_tfidf__event potentials,-0.09087828
terms_abstract_tfidf__variables,-0.09102529
LDA400_abstract_weight__92_syndrome_ts_japanese,-0.091031514
terms_abstract_tfidf__encoding,-0.09126205
terms_abstract_tfidf__identified,-0.09126601
terms_abstract_tfidf__cortex precuneus,-0.09140603
terms_abstract_tfidf__sensitive,-0.09167529
terms_abstract_tfidf__position,-0.091729574
terms_abstract_tfidf__simulated,-0.09188403
terms_abstract_tfidf__fusiform face,-0.09188762
terms_abstract_tfidf__high resolution,-0.09191862
terms_abstract_tfidf__anterior hippocampus,-0.09195522
terms_abstract_tfidf__presence,-0.092098154
LDA400_abstract_weight__152_reference_frame_relations,-0.09233776
LDA400_abstract_weight__85_images_image_noise,-0.092698455
LDA100_abstract_weight__72_memory_encoding_hippocampus,-0.09273409
terms_abstract_tfidf__flow,-0.09274051
terms_abstract_tfidf__driving,-0.0928012
LDA200_abstract_weight__152_perceptual_perception_visual,-0.092847355
terms_abstract_tfidf__effective connectivity,-0.0928829
terms_abstract_tfidf__largely unknown,-0.09310424
terms_abstract_tfidf__search,-0.09318046
terms_abstract_tfidf__virtual,-0.09330382
terms_abstract_tfidf__mtl,-0.093561426
terms_abstract_tfidf__90,-0.09368004
terms_abstract_tfidf__rely,-0.09371597
terms_abstract_tfidf__automated,-0.09373965
LDA200_abstract_weight__121_tool_tools_knowledge,-0.09380209
terms_abstract_tfidf__discriminate,-0.093968205
terms_abstract_tfidf__exposure,-0.09403105
terms_abstract_tfidf__restricted,-0.09419062
LDA400_abstract_weight__163_face_faces_fusiform,-0.09426898
terms_abstract_tfidf__exploration,-0.09433467
terms_abstract_tfidf__wide,-0.09436489
terms_abstract_tfidf__experience,-0.094539054
terms_abstract_tfidf__characterize,-0.09581183
terms_abstract_tfidf__peak,-0.095984034
terms_abstract_tfidf__relevance,-0.09607449
terms_abstract_tfidf__year,-0.096289225
LDA400_abstract_weight__204_faces_face_facial,-0.09628996
terms_abstract_tfidf__add,-0.096431844
terms_abstract_tfidf__designs,-0.096446745
terms_abstract_tfidf__ffa,-0.096533954
terms_abstract_tfidf__face,-0.09660436
terms_abstract_tfidf__lateral,-0.0972128
terms_abstract_tfidf__matter volumes,-0.097262256
terms_abstract_tfidf__fc,-0.09730431
LDA400_abstract_weight__40_focus_multi_bci,-0.09733751
LDA200_abstract_weight__198_repetition_priming_suppression,-0.09740635
terms_abstract_tfidf__humans,-0.09797794
LDA400_abstract_weight__340_lsf_bladder_hsf,-0.098187365
terms_abstract_tfidf__14 healthy,-0.098428816
terms_abstract_tfidf__hum,-0.09851399
terms_abstract_tfidf__frequency fluctuations,-0.098544516
terms_abstract_tfidf__rise,-0.098574944
terms_abstract_tfidf__smokers,-0.09873455
LDA400_abstract_weight__107_imagery_mental_imagined,-0.09874562
terms_abstract_tfidf__effective,-0.09889193
terms_abstract_tfidf__spl,-0.09896033
terms_abstract_tfidf__elicited,-0.09933876
terms_abstract_tfidf__analyzing,-0.1002126
terms_abstract_tfidf__word form,-0.10064143
terms_abstract_tfidf__lead,-0.10065006
terms_abstract_tfidf__late,-0.10082539
LDA400_abstract_weight__281_gmv_dystonia_pls,-0.10131395
terms_abstract_tfidf__near,-0.10150959
terms_abstract_tfidf__peripheral,-0.10170426
terms_abstract_tfidf__traditional,-0.101825684
terms_abstract_tfidf__trauma,-0.101919465
terms_abstract_tfidf__complete,-0.102406815
terms_abstract_tfidf__developed,-0.10256144
terms_abstract_tfidf__temporal occipital,-0.10264148
LDA400_abstract_weight__9_amplitude_spontaneous_frequency,-0.10275865
LDA100_abstract_weight__87_dorsal_ventral_stream,-0.10341447
terms_abstract_tfidf__foot,-0.10354216
LDA400_abstract_weight__294_surface_colour_thinning,-0.103652045
terms_abstract_tfidf__presentations,-0.10373628
terms_abstract_tfidf__paper,-0.103793986
terms_abstract_tfidf__superior parietal,-0.10417355
terms_abstract_tfidf__parieto,-0.104195505
terms_abstract_tfidf__appeared,-0.104558825
terms_abstract_tfidf__selective,-0.10460637
terms_abstract_tfidf__resonance measure,-0.10470294
terms_abstract_tfidf__reho,-0.10510529
terms_abstract_tfidf__responsive,-0.10512264
terms_abstract_tfidf__preference,-0.10535811
terms_abstract_tfidf__visuomotor,-0.105462864
terms_abstract_tfidf__identification,-0.10548006
terms_abstract_tfidf__imagery,-0.10578258
terms_abstract_tfidf__directions,-0.1058565
LDA400_abstract_weight__51_route_recognition_forms,-0.10586706
terms_abstract_tfidf__enhancement,-0.106398836
LDA400_abstract_weight__367_human_agents_agent,-0.10656881
terms_abstract_tfidf__parahippocampal gyrus,-0.10667817
LDA200_abstract_weight__90_imagery_mental_rotation,-0.1069753
LDA400_abstract_weight__380_reho_regional_homogeneity,-0.10731983
LDA400_abstract_weight__166_size_small_large,-0.1077457
terms_abstract_tfidf__blocked,-0.10779288
terms_abstract_tfidf__passive viewing,-0.107958674
terms_abstract_tfidf__visual word,-0.10811089
terms_abstract_tfidf__axis,-0.10822801
terms_abstract_tfidf__pathway,-0.10850262
terms_abstract_tfidf__faces,-0.10872879
LDA200_abstract_weight__166_pictures_picture_images,-0.10882496
terms_abstract_tfidf__local,-0.10886804
terms_abstract_tfidf__spatial attention,-0.10896369
LDA400_abstract_weight__306_understood_poorly_mechanisms,-0.10899381
terms_abstract_tfidf__mapp,-0.109742254
terms_abstract_tfidf__limited,-0.1098179
terms_abstract_tfidf__pictures,-0.110083744
terms_abstract_tfidf__hum mapp,-0.11016851
terms_abstract_tfidf__general linear,-0.11021374
terms_abstract_tfidf__homogeneity reho,-0.110519685
terms_abstract_tfidf__neuro,-0.11054451
terms_abstract_tfidf__plays,-0.110566586
terms_abstract_tfidf__place,-0.11067993
LDA400_abstract_weight__230_ventral_dorsal_visual,-0.11074354
terms_abstract_tfidf__face ffa,-0.11157076
terms_abstract_tfidf__categories,-0.11164503
LDA400_abstract_weight__168_tool_object_hand,-0.111664295
terms_abstract_tfidf__space,-0.11210227
terms_abstract_tfidf__influences,-0.112380065
terms_abstract_tfidf__surface,-0.11250639
terms_abstract_tfidf__inferior superior,-0.112570785
terms_abstract_tfidf__alters,-0.11257996
terms_abstract_tfidf__analyze,-0.11279815
terms_abstract_tfidf__image,-0.11290371
terms_abstract_tfidf__deprivation,-0.11299403
terms_abstract_tfidf__metabolic,-0.11321246
terms_abstract_tfidf__versus,-0.11346413
LDA200_abstract_weight__184_spatial_location_space,-0.11355009
terms_abstract_tfidf__statistics,-0.11356101
LDA200_abstract_weight__115_face_faces_fusiform,-0.11423389
terms_abstract_tfidf__remembered,-0.11517296
LDA200_abstract_weight__191_eye_gaze_saccade,-0.115191944
terms_abstract_tfidf__selectivity,-0.11537846
terms_abstract_tfidf__retrosplenial,-0.11550748
terms_abstract_tfidf__open,-0.11569878
terms_abstract_tfidf__possible,-0.11593277
terms_abstract_tfidf__partial,-0.11650932
terms_abstract_tfidf__confirmed,-0.11674373
LDA100_abstract_weight__6_eye_gaze_saccade,-0.117064446
LDA100_abstract_weight__57_face_faces_fusiform,-0.11739678
terms_abstract_tfidf__central,-0.11782191
LDA100_abstract_weight__19_judgments_judgment_ppc,-0.11796481
terms_abstract_tfidf__settings,-0.11912322
LDA200_abstract_weight__80_gait_walking_bg,-0.11917562
terms_abstract_tfidf__attenuation,-0.11952477
terms_abstract_tfidf__accordance,-0.11960067
terms_abstract_tfidf__subsequent,-0.119724564
terms_abstract_tfidf__parahippocampal cortex,-0.11981018
terms_abstract_tfidf__psychophysical,-0.1200067
terms_abstract_tfidf__displays,-0.120675854
terms_abstract_tfidf__observer,-0.12140421
LDA400_abstract_weight__148_beauty_aesthetic_art,-0.12165733
terms_abstract_tfidf__representational,-0.12232593
LDA100_abstract_weight__64_ms_spatial_virtual,-0.123045616
LDA100_abstract_weight__8_sleep_body_bodies,-0.12318607
terms_abstract_tfidf__offers,-0.123409
terms_abstract_tfidf__craving,-0.12350781
terms_abstract_tfidf__visual information,-0.12368611
terms_abstract_tfidf__gaze,-0.12377049
terms_abstract_tfidf__links,-0.12387868
LDA400_abstract_weight__334_spatial_location_locations,-0.12423947
terms_abstract_tfidf__attended,-0.12434845
terms_abstract_tfidf__amplitude,-0.12539767
terms_abstract_tfidf__runs,-0.12555419
terms_abstract_tfidf__homogeneity,-0.12641324
terms_abstract_tfidf__eye movements,-0.12668207
terms_abstract_tfidf__presenting,-0.12676513
terms_abstract_tfidf__way,-0.12682074
terms_abstract_tfidf__linear model,-0.12690906
terms_abstract_tfidf__regional homogeneity,-0.12696676
terms_abstract_tfidf__thickness,-0.12714475
terms_abstract_tfidf__inferior temporal,-0.12724261
terms_abstract_tfidf__locations,-0.12725486
terms_abstract_tfidf__direction,-0.12778647
LDA100_abstract_weight__99_sulcus_intraparietal_ips,-0.12781037
LDA400_abstract_weight__288_mental_rotation_visuospatial,-0.12952635
terms_abstract_tfidf__visuo,-0.130007
terms_abstract_tfidf__implicit,-0.13050355
terms_abstract_tfidf__voxelwise,-0.13128948
LDA400_abstract_weight__155_perspective_person_egocentric,-0.13165839
terms_abstract_tfidf__opposed,-0.13347556
terms_abstract_tfidf__body,-0.13366365
terms_abstract_tfidf__spatial,-0.13477954
terms_abstract_tfidf__cortical thickness,-0.13542649
terms_abstract_tfidf__rotation,-0.13684662
terms_abstract_tfidf__size,-0.13745421
terms_abstract_tfidf__mental imagery,-0.1378183
terms_abstract_tfidf__amplitude low,-0.13783126
terms_abstract_tfidf__alff,-0.13807741
LDA200_abstract_weight__189_category_categories_categorization,-0.13945855
LDA400_abstract_weight__117_food_eating_weight,-0.13960576
terms_abstract_tfidf__color,-0.14025441
terms_abstract_tfidf__viewing,-0.14060758
terms_abstract_tfidf__monkeys,-0.1415519
terms_abstract_tfidf__repeated,-0.14176165
terms_abstract_tfidf__moving,-0.14304875
terms_abstract_tfidf__stream,-0.14325435
terms_abstract_tfidf__weight,-0.14455928
terms_abstract_tfidf__perceptual,-0.14525737
terms_abstract_tfidf__parahippocampal,-0.14571215
terms_abstract_tfidf__view,-0.14650385
LDA200_abstract_weight__129_gyrus_temporal_middle,-0.14692806
terms_abstract_tfidf__inferior occipital,-0.1473253
terms_abstract_tfidf__point,-0.14890221
terms_abstract_tfidf__fixation,-0.14945322
LDA100_abstract_weight__97_visual_motion_auditory,-0.15125592
terms_abstract_tfidf__closed,-0.15142824
terms_abstract_tfidf__concurrently,-0.15163998
terms_abstract_tfidf__fusiform gyrus,-0.15181947
LDA50_abstract_weight__25_spatial_body_human,-0.15267134
terms_abstract_tfidf__tools,-0.15279108
terms_abstract_tfidf__tool,-0.15298812
LDA400_abstract_weight__245_gaze_eye_eyes,-0.15500776
terms_abstract_tfidf__differentiation,-0.15692438
terms_abstract_tfidf__elements,-0.15858905
LDA50_abstract_weight__41_imagery_mental_events,-0.15866856
LDA400_abstract_weight__170_body_bodies_eba,-0.1588006
terms_abstract_tfidf__residual,-0.15883347
terms_abstract_tfidf__spatial information,-0.16116318
terms_abstract_tfidf__visual attention,-0.16131537
LDA50_abstract_weight__44_eye_sleep_gaze,-0.16168459
LDA400_abstract_weight__381_implicit_explicit_task,-0.16221711
LDA50_abstract_weight__45_motion_perception_visual,-0.16257785
terms_abstract_tfidf__replicate,-0.16308548
terms_abstract_tfidf__depth,-0.1657531
terms_abstract_tfidf__category,-0.16597755
terms_abstract_tfidf__occipital lobe,-0.16615966
terms_abstract_tfidf__encoded,-0.1672216
terms_abstract_tfidf__photographs,-0.16756043
terms_abstract_tfidf__scenes,-0.16762155
terms_abstract_tfidf__occipitotemporal,-0.16772242
LDA400_abstract_weight__233_category_categories_categorization,-0.16946812
terms_abstract_tfidf__fusiform,-0.17302522
LDA200_abstract_weight__5_body_bodies_eba,-0.17306541
LDA400_abstract_weight__57_presented_visual_presentation,-0.17445952
LDA400_abstract_weight__287_navigation_virtual_gait,-0.17544042
LDA200_abstract_weight__82_motion_mt_moving,-0.17607129
LDA400_abstract_weight__263_selective_texture_selectivity,-0.17766619
terms_abstract_tfidf__navigation,-0.1776725
LDA200_abstract_weight__18_color_shape_shapes,-0.1779237
terms_abstract_tfidf__motion,-0.17887355
terms_abstract_tfidf__dot,-0.17914519
LDA400_abstract_weight__68_scenes_scene_ppa,-0.17937578
LDA100_abstract_weight__62_scenes_scene_ppa,-0.1795569
terms_abstract_tfidf__visual perception,-0.17976733
terms_abstract_tfidf__visual motion,-0.17979917
terms_abstract_tfidf__viewed,-0.17981148
LDA200_abstract_weight__106_blind_sighted_judgments,-0.18002404
terms_abstract_tfidf__parietal occipital,-0.1812016
LDA100_abstract_weight__32_object_objects_visual,-0.18166229
terms_abstract_tfidf__3d,-0.18238996
LDA400_abstract_weight__186_cortex_visual_temporal,-0.18241441
terms_abstract_tfidf__apply,-0.1832565
terms_abstract_tfidf__occipital temporal,-0.18366216
terms_abstract_tfidf__field,-0.18366413
terms_abstract_tfidf__visual stimuli,-0.18422376
terms_abstract_tfidf__object recognition,-0.18506083
terms_abstract_tfidf__object,-0.18696578
terms_abstract_tfidf__cluster,-0.18826564
terms_abstract_tfidf__scene,-0.19167924
terms_abstract_tfidf__v5,-0.19288622
terms_abstract_tfidf__images,-0.19467674
LDA400_abstract_weight__50_color_shape_shapes,-0.19607465
terms_abstract_tfidf__occipitotemporal cortex,-0.19652078
terms_abstract_tfidf__dimensional,-0.19776523
terms_abstract_tfidf__objects,-0.19802296
LDA400_abstract_weight__384_object_objects_recognition,-0.1982245
LDA200_abstract_weight__142_scene_scenes_perspective,-0.2011322
terms_abstract_tfidf__blind,-0.2011844
terms_abstract_tfidf__parieto occipital,-0.2014408
terms_abstract_tfidf__reach,-0.20362729
terms_abstract_tfidf__vision,-0.20364924
LDA50_abstract_weight__42_visual_cortex_sensory,-0.20461845
terms_abstract_tfidf__eyes,-0.20554028
terms_abstract_tfidf__fusiform gyri,-0.20654325
LDA400_abstract_weight__13_motion_mt_visual,-0.20685557
terms_abstract_tfidf__ventral visual,-0.20708919
LDA400_abstract_weight__137_blind_sighted_global,-0.20760557
terms_abstract_tfidf__occipito temporal,-0.21010028
LDA200_abstract_weight__183_orientation_colour_separation,-0.21298058
terms_abstract_tfidf__occipito,-0.2159388
LDA200_abstract_weight__117_object_objects_visual,-0.21692829
terms_abstract_tfidf__mt,-0.22025885
terms_abstract_tfidf__orientation,-0.2208714
terms_abstract_tfidf__shape,-0.22092411
terms_abstract_tfidf__sighted,-0.22683486
terms_abstract_tfidf__visual field,-0.2307987
terms_abstract_tfidf__occipital gyrus,-0.2430215
terms_abstract_tfidf__visual stream,-0.24566713
terms_abstract_tfidf__lingual gyrus,-0.24798368
terms_abstract_tfidf__middle occipital,-0.24880008
terms_abstract_tfidf__cuneus,-0.25099647
terms_abstract_tfidf__early,-0.25397652
terms_abstract_tfidf__visual cortices,-0.25504392
terms_abstract_tfidf__extrastriate,-0.25898007
terms_abstract_tfidf__visual,-0.26497775
LDA400_abstract_weight__169_gyrus_fusiform_parahippocampal,-0.26606074
terms_abstract_tfidf__lateral occipital,-0.26654783
terms_abstract_tfidf__occipital parietal,-0.2696495
terms_abstract_tfidf__lingual,-0.28132653
terms_abstract_tfidf__v1,-0.28424788
terms_abstract_tfidf__occipital cortex,-0.28715852
terms_abstract_tfidf__visual cortex,-0.29386386
terms_abstract_tfidf__early visual,-0.30399963
LDA200_abstract_weight__190_visual_cortex_occipital,-0.31030685
terms_abstract_tfidf__primary visual,-0.31143415
terms_abstract_tfidf__occipital,-0.31519723
LDA100_abstract_weight__85_visual_cortex_early,-0.32374638
LDA400_abstract_weight__349_visual_occipital_early,-0.33128938
